Customer_ID,Age,Gender,Annual_Income,Total_Purchases,Average_Purchase_Value,Product_Category_Most_Purchased,Website_Visits_Last_Month,Marketing_Emails_Opened,Hours_Spent_on_Support_Calls,Churn,Future_Purchase,K-Means Cluster Value,Hierachial Cluster Value
1,39,Male,44520,4,44.29188254548638,Clothing,12,3,0.3602584432259065,0,1,C1,C2
2,33,Female,52770,3,121.96392236486822,Electronics,12,8,0.1412996459220905,1,1,C1,C2
3,41,Male,29793,5,100.59988477386352,Electronics,9,4,0.4828327898355598,0,1,C1,C2
4,50,Female,35425,1,94.84341246727936,Home,6,4,0.2277147849045349,0,1,C1,C2
5,32,Male,68006,6,119.6808290580896,Books,6,3,1.0328187999176206,0,1,C1,C2
6,32,Male,40146,6,134.58579351447955,Clothing,8,8,5.203935657741123,0,0,C2,C3
7,50,Male,34296,6,109.71431682707994,Health,16,6,0.0120818556540621,0,1,C1,C2
8,42,Male,58049,6,132.1742776609779,Books,12,6,0.7785303854591541,0,1,C1,C2
9,30,Female,67785,3,68.9343349494604,Home,13,5,0.8525336039502516,0,1,C1,C2
10,40,Male,60784,5,113.31897675668132,Books,5,5,2.4558387215682544,0,0,C2,C3
11,30,Female,64940,2,97.35992294291457,Home,8,3,0.7052305609758809,0,1,C1,C2
12,30,Male,38648,5,84.23561790567365,Electronics,10,5,0.7846079022631696,0,0,C1,C2
13,37,Male,28672,3,61.42637130274316,Electronics,15,4,0.6380016381407394,0,0,C1,C2
14,15,Male,72520,3,112.23574098005328,Books,3,8,0.3132109174877548,0,1,C1,C2
15,17,Female,45159,5,117.50580106833058,Clothing,10,6,0.0576599748053553,0,1,C1,C2
16,29,Male,46237,11,126.84045501986496,Health,8,5,0.5253602113389322,0,0,C1,C2
17,24,Female,69922,7,123.52980875270065,Home,8,3,0.0540248862537981,1,1,C1,C2
18,38,Female,58343,7,84.5658062588326,Health,11,6,0.7996026720760174,0,1,C1,C2
19,25,Female,56838,4,125.8141103062426,Electronics,9,3,0.3671490972125069,1,0,C1,C2
20,20,Female,82475,1,127.92695007823689,Clothing,11,4,0.7627167930273524,0,0,C1,C2
21,49,Female,40347,4,94.80032149494588,Clothing,13,4,0.1442133442344864,1,0,C1,C2
22,32,Female,63917,5,100.56856527423436,Health,8,5,2.6975549554652365,0,1,C2,C3
23,35,Female,50855,4,81.31691585900916,Electronics,8,6,2.249245707004686,0,1,C2,C3
24,20,Female,54028,4,129.61772581306664,Health,13,4,0.2107167216981297,0,1,C1,C2
25,29,Female,72927,7,69.76425708062129,Books,9,3,0.4207477195244278,0,1,C1,C2
26,36,Male,57617,6,110.6994134472754,Clothing,10,5,0.9506047095822608,0,1,C1,C2
27,23,Male,58074,8,88.06341623768574,Clothing,11,6,0.1005788630086658,0,1,C1,C2
28,38,Male,66087,4,77.84294360886977,Books,7,4,0.4378351417849833,0,1,C1,C2
29,28,Male,44525,3,62.50543438877184,Electronics,9,4,0.2891662223495944,0,0,C1,C2
30,32,Male,37411,0,95.69187744058014,Clothing,10,8,2.471201737196904,1,0,C2,C3
31,28,Female,34327,4,74.7082977080419,Home,9,8,1.9139992162376345,0,0,C1,C3
32,53,Female,20504,1,101.12838906547609,Home,7,9,0.8671024119003704,0,1,C1,C2
33,34,Female,80843,4,135.3867464680125,Electronics,11,6,0.7346909706610804,0,1,C1,C2
34,24,Female,33451,3,103.99014652877776,Books,9,4,2.6696826577380204,0,0,C2,C3
35,43,Female,46681,5,139.94561004569297,Health,8,4,2.694558371223968,0,1,C2,C3
36,22,Female,45847,6,80.35453493043693,Electronics,12,4,3.4844743879742217,0,1,C2,C3
37,37,Female,54611,6,74.38118400001305,Health,6,4,0.1339644968099589,0,1,C1,C2
38,15,Male,62236,4,79.45968823543444,Electronics,16,8,0.1750176681629124,1,1,C1,C2
39,21,Male,62907,4,98.69798922489392,Home,13,6,1.1292881134679744,0,1,C1,C2
40,36,Male,41253,5,154.45897375448607,Books,12,6,0.7796520893386434,0,0,C1,C2
41,42,Male,47493,1,66.75770572897119,Home,8,4,0.0186385281137272,0,0,C1,C2
42,36,Female,54238,9,112.3932623632485,Books,14,7,0.0639787162463927,0,1,C1,C2
43,33,Female,46269,7,86.00069327918933,Health,11,6,2.1899743640954075,0,1,C2,C3
44,31,Female,74110,5,95.52393897898074,Electronics,9,3,2.031572148256462,0,0,C2,C3
45,20,Male,57364,4,74.83960177467326,Clothing,6,7,0.4420319841182321,0,1,C1,C2
46,27,Female,61023,5,117.5827664807908,Clothing,12,4,2.2168718801181844,0,1,C2,C3
47,30,Female,59943,4,99.12149734089756,Books,8,3,0.900602130092408,0,0,C1,C2
48,45,Female,67602,1,121.74907101388332,Books,13,6,1.639410882578676,1,0,C1,C2
49,38,Male,52715,3,103.5049038806512,Home,10,6,0.5576221510810572,0,0,C1,C2
50,17,Female,30547,7,61.3675204564625,Clothing,7,3,0.1203594700780038,0,1,C1,C2
51,38,Male,55995,6,121.93085591950428,Home,5,4,0.5686790955368947,0,1,C1,C2
52,31,Male,40229,10,59.73998735380639,Health,10,9,0.6111982256941221,0,0,C1,C2
53,28,Male,42070,4,62.60194634167176,Clothing,11,6,0.8006081090759324,0,1,C1,C2
54,41,Male,58795,5,81.65594639736727,Health,12,6,0.1115828486200876,0,0,C1,C2
55,45,Female,68574,6,81.92288916095328,Electronics,11,4,4.7562097328668855,0,1,C2,C3
56,44,Male,50319,6,127.92042730762964,Home,6,3,0.2798948990847582,0,0,C1,C2
57,26,Male,54632,8,96.57687226499272,Books,11,4,0.2213356909004485,0,1,C1,C2
58,31,Female,75533,4,124.94770583949328,Clothing,8,4,0.7482433152315376,0,1,C1,C2
59,38,Female,53611,3,88.64165042828094,Home,8,4,0.7704779575329043,0,1,C1,C2
60,44,Male,89025,3,106.3529273802127,Books,16,4,0.579498435465477,1,1,C1,C2
61,30,Female,58482,9,109.48084623024413,Electronics,9,5,1.477936719443902,0,1,C1,C2
62,33,Male,23588,7,113.921308341541,Clothing,15,4,0.7270233547547467,0,1,C1,C2
63,23,Male,61300,2,90.70147651168324,Health,7,6,0.9408279603462858,0,0,C1,C2
64,23,Male,55717,2,92.44290222430212,Electronics,9,4,1.286435941739072,0,1,C1,C2
65,43,Male,69346,4,94.03738841468312,Books,12,5,0.0253435535094124,0,1,C1,C2
66,48,Female,60097,6,66.95175219406391,Clothing,7,2,0.8454692925087023,0,1,C1,C2
67,34,Male,47923,9,98.32196273463406,Clothing,12,5,2.155842970841068,0,0,C2,C3
68,45,Female,31635,11,92.3263148984744,Electronics,9,3,0.0175417028970053,0,1,C1,C2
69,38,Female,46864,4,111.60145788155108,Clothing,9,8,0.5194999770897886,0,1,C1,C2
70,28,Female,37242,7,101.82602342119336,Books,15,6,2.6067685705762966,0,0,C2,C3
71,38,Female,41292,7,126.72763606906376,Electronics,9,5,0.4356476563653363,0,1,C1,C2
72,50,Male,58828,3,101.40176950417134,Health,16,3,0.6138348765512939,0,1,C1,C2
73,34,Female,75048,7,88.75588607559473,Electronics,9,5,3.992224515610408,0,1,C2,C3
74,50,Male,55920,5,101.15394444331568,Electronics,11,6,0.2222987319628105,0,0,C1,C2
75,8,Female,32061,2,114.48334481754328,Health,11,4,0.0674817164909576,0,1,C1,C2
76,43,Female,56669,9,64.53585184421907,Books,10,5,1.9619969872043532,0,0,C1,C3
77,35,Male,67949,6,85.69502962364818,Home,14,6,2.028484897166497,0,0,C2,C3
78,32,Male,40853,3,86.11646528229296,Home,8,6,0.6388064203091034,0,1,C1,C2
79,35,Male,47989,6,108.21980405755,Health,14,6,0.7219730308995825,1,0,C1,C2
80,15,Female,50220,3,110.545730793839,Books,9,7,1.8067088745422728,1,1,C1,C2
81,32,Female,38226,2,102.0245545566979,Clothing,13,7,1.3415485476206157,0,1,C1,C2
82,38,Male,59724,8,50.427237617441534,Health,8,5,0.3080875244253857,1,1,C1,C2
83,49,Male,48185,4,66.96163633616426,Home,14,5,0.0170376754738453,0,0,C1,C2
84,29,Male,56292,5,95.22136357085758,Books,15,6,0.6533500230702174,0,1,C1,C2
85,26,Male,36687,4,89.97061153283053,Electronics,17,6,1.9583737811018171,1,1,C1,C3
86,29,Female,43438,3,100.10740757672006,Books,9,9,2.261775994782504,0,1,C2,C3
87,44,Male,60835,4,90.61203675129047,Books,8,2,3.128719747298442,0,1,C2,C3
88,38,Male,44407,3,130.63284932298075,Home,8,4,2.1166304572707797,0,1,C2,C3
89,29,Male,75904,11,54.12116830306957,Home,9,4,0.8676042761729708,0,1,C1,C2
90,40,Male,44005,6,106.0525526305963,Clothing,8,4,0.588076785608043,0,1,C1,C2
91,35,Female,53370,5,116.56020812326943,Clothing,5,4,1.4909877506185287,0,1,C1,C2
92,44,Male,63988,5,114.030769167168,Health,5,6,1.3463878615011284,0,1,C1,C2
93,27,Female,28724,5,115.74545976002368,Electronics,8,3,0.7725008908232045,0,1,C1,C2
94,31,Male,23587,3,118.62231816781868,Clothing,11,6,0.0913780306600714,0,0,C1,C2
95,31,Male,27115,6,87.92040226785552,Home,13,6,2.604790071334691,1,0,C2,C3
96,20,Female,68938,4,77.97032486046086,Books,8,4,0.6080756693135254,0,1,C1,C2
97,37,Male,41722,5,59.30636654610655,Health,12,4,0.4515097511903392,0,1,C1,C2
98,37,Female,88372,3,92.7479433264061,Clothing,8,6,0.9930837540819376,0,0,C1,C2
99,35,Female,41536,7,84.44933752090289,Books,12,6,1.1203609694696346,0,0,C1,C2
100,32,Male,52768,3,123.23217627314276,Books,6,7,0.2365934939221403,0,1,C1,C2
101,20,Female,73131,6,94.2488377969773,Clothing,7,7,1.8136299633247557,0,1,C1,C2
102,30,Female,80091,7,79.39188525544884,Electronics,7,8,0.3424017123960421,0,1,C1,C2
103,31,Female,80922,1,76.22929092077798,Electronics,5,5,0.2066354699746097,1,1,C1,C2
104,26,Female,68125,6,139.7764010756759,Health,6,7,0.5215493392423688,0,1,C1,C2
105,33,Female,65360,4,99.55827370016846,Electronics,4,6,1.3114098481711882,0,0,C1,C2
106,39,Female,58887,2,84.36991073452113,Health,10,7,3.3655844699530717,0,1,C2,C3
107,53,Female,61675,2,102.48083615544044,Home,13,2,1.6569555245914371,0,1,C1,C2
108,36,Female,41732,5,137.9377831233014,Clothing,9,8,2.81923393332594,0,0,C2,C3
109,37,Male,37727,5,92.2063871540089,Books,17,5,0.1515275613020826,0,0,C1,C2
110,34,Male,49949,3,113.74021418896392,Health,11,6,0.0738368692201721,0,0,C1,C2
111,15,Female,47447,5,123.72922074660649,Electronics,8,3,0.8157776604029165,0,0,C1,C2
112,34,Male,43201,11,62.17152216300187,Health,12,5,0.3429093869505623,0,1,C1,C2
113,35,Female,60445,2,87.23175162660922,Health,11,4,1.7605804635414073,0,0,C1,C2
114,59,Female,64329,6,121.22173256317728,Electronics,9,4,1.114704693849709,1,0,C1,C2
115,33,Male,51326,5,86.01393121794987,Electronics,6,3,3.5311294534192954,0,1,C2,C3
116,38,Female,72162,3,108.29250798534568,Clothing,14,6,0.2940923822977946,0,1,C1,C2
117,34,Female,32874,4,84.8303680175038,Books,6,1,0.6651120907248561,0,1,C1,C2
118,23,Female,47095,10,91.08896192976148,Clothing,14,4,0.6956312180788333,0,0,C1,C2
119,46,Female,39247,1,88.65272388785787,Clothing,11,4,0.2733542672399927,0,1,C1,C2
120,42,Male,22001,8,112.73340307391663,Electronics,6,5,0.8918259488642588,0,1,C1,C2
121,42,Female,48759,3,104.03160228399186,Electronics,15,4,0.585703610908939,0,1,C1,C2
122,25,Female,48173,5,101.9771889002204,Books,11,4,0.5918938887921231,0,1,C1,C2
123,49,Female,72701,4,150.14990475717667,Health,9,5,0.4505722833718303,1,1,C1,C2
124,20,Male,59462,11,134.79394814240135,Clothing,9,6,0.0170742920639747,0,1,C1,C2
125,40,Female,34637,3,60.37512758892439,Books,12,3,0.7383438067491962,0,0,C1,C2
126,56,Male,77811,4,91.13180653562902,Clothing,9,4,0.408340993054351,0,1,C1,C2
127,25,Male,68315,3,148.52927349213985,Health,9,4,0.0013207407785848,1,1,C1,C2
128,29,Female,58731,3,88.50819938623916,Clothing,10,8,0.3680879793636336,0,1,C1,C2
129,35,Female,46602,8,141.7549197175029,Home,7,5,0.3266007864292006,0,1,C1,C2
130,29,Male,35608,1,91.4734637026348,Books,13,5,0.4999650690474562,0,1,C1,C2
131,19,Female,44416,5,95.32004858906876,Electronics,12,4,0.1413930600144597,0,1,C1,C2
132,35,Male,66331,7,117.27142718271624,Clothing,10,5,0.7086341360343814,0,1,C1,C2
133,24,Male,78268,3,98.19585649984327,Books,9,3,1.1790862349955922,0,1,C1,C2
134,39,Female,73148,7,109.89249279148572,Books,6,2,0.9947539371414414,0,1,C1,C2
135,25,Female,42667,5,131.49897398615278,Clothing,11,5,1.628391133181057,0,1,C1,C2
136,50,Male,33205,7,115.17601867951538,Electronics,7,5,0.6014951162125081,0,1,C1,C2
137,27,Male,52113,5,102.830642642994,Electronics,12,3,0.7320787346303788,0,1,C1,C2
138,31,Male,23473,7,133.47053683435186,Clothing,10,6,1.6628489258116232,0,1,C1,C2
139,43,Male,54847,5,117.533749517502,Books,9,9,0.5580939953829746,0,0,C1,C2
140,22,Female,47785,4,85.32913673805304,Electronics,9,5,1.2093182320342508,0,0,C1,C2
141,37,Female,43009,5,139.60150466888038,Clothing,11,6,0.5702260231866614,0,1,C1,C2
142,48,Female,26079,11,112.84731184100356,Clothing,11,8,0.5408316599132267,1,1,C1,C2
143,18,Female,57704,7,95.72646462260276,Clothing,9,7,1.4279734917478693,0,1,C1,C2
144,36,Female,42009,6,59.583648308281056,Books,9,5,0.1921742339604471,1,1,C1,C2
145,37,Male,32451,3,72.44847239870666,Electronics,5,6,0.4133752690155401,1,0,C1,C2
146,42,Female,6916,0,134.00269820799875,Books,9,3,0.2538247895630657,0,0,C1,C2
147,22,Female,49587,10,134.793305039409,Home,10,5,0.4448973546625096,1,0,C1,C2
148,21,Female,76583,5,101.7056813746648,Electronics,10,4,0.2618516649449087,0,0,C1,C2
149,40,Female,74918,5,64.59511648049028,Books,9,3,0.8660864040263054,0,0,C1,C2
150,37,Female,43143,3,78.26049492698789,Electronics,12,5,1.6003334967804157,0,1,C1,C2
151,37,Male,40966,4,67.52463295900844,Home,10,3,1.5446481473198554,0,1,C1,C2
152,38,Male,57031,2,66.79777480172478,Health,10,6,0.4533447061331545,0,0,C1,C2
153,28,Male,35024,2,140.53604737873812,Clothing,10,5,4.488312546757753,0,1,C2,C3
154,37,Female,54526,7,141.19835816828947,Books,13,5,0.9010434760794218,0,1,C1,C2
155,37,Male,61491,3,77.5830569286886,Home,10,3,0.5098266258943966,0,1,C1,C2
156,27,Male,68403,1,99.825300482048,Home,9,3,1.8050835168722277,0,0,C1,C3
157,53,Female,48497,3,74.30407680136395,Electronics,9,5,1.3088668089748754,0,1,C1,C2
158,39,Female,46944,7,99.69523906999828,Electronics,14,8,1.3833999014093237,0,1,C1,C2
159,23,Female,36830,5,132.78607766738193,Clothing,11,3,0.2183293453894323,1,0,C1,C2
160,41,Male,37596,5,121.5743810160603,Electronics,5,4,0.631721575839145,0,0,C1,C2
161,25,Male,46602,4,116.17325530994574,Books,14,7,1.9792569399208384,0,0,C1,C3
162,42,Female,55510,5,96.11640525474272,Books,5,3,0.7012559834770913,1,1,C1,C2
163,46,Female,63703,5,125.23934231992727,Books,8,7,1.1502827386574208,0,1,C1,C2
164,26,Male,37952,3,112.93337493166662,Health,12,5,0.8865711004164791,0,0,C1,C2
165,44,Male,72390,3,108.0783116263144,Books,14,5,1.8474209495372835,0,1,C1,C2
166,39,Female,45933,6,97.6918132360043,Electronics,9,4,0.3348587147143325,0,1,C1,C2
167,43,Female,49679,6,106.36745879029333,Electronics,7,4,0.8567850367318482,1,1,C1,C2
168,53,Male,38791,4,105.76503155738654,Books,12,4,0.1315159028148407,0,1,C1,C2
169,32,Female,13636,9,89.17136709851479,Home,13,7,1.1718631375936597,0,1,C1,C2
170,27,Male,63260,6,84.50166932545467,Home,9,6,1.3166482995248452,0,1,C1,C2
171,26,Male,61052,5,80.0618607933922,Home,11,6,0.0437819136673015,0,1,C1,C2
172,26,Male,45780,5,81.34273776412815,Clothing,9,6,1.12636679723737,0,0,C1,C2
173,34,Male,51004,4,96.23794248909896,Health,9,4,0.535613920967207,1,1,C1,C2
174,38,Female,57739,10,92.94630202008835,Books,8,5,0.1324997833274823,1,1,C1,C2
175,37,Female,26561,6,87.58532506794887,Clothing,13,5,0.5445677876247016,0,1,C1,C2
176,43,Male,42064,2,86.10437050529669,Home,10,6,0.2159605729020431,0,1,C1,C2
177,35,Male,61913,4,105.83760052232633,Books,9,4,0.5371003546230275,0,0,C1,C2
178,49,Male,31185,3,127.55214894348612,Clothing,14,6,0.4850588370203584,0,1,C1,C2
179,32,Male,54403,2,99.78168637853102,Electronics,8,7,1.3409066910112248,0,0,C1,C2
180,62,Male,29651,5,98.47338399918462,Home,6,5,1.4881745320601143,0,1,C1,C2
181,41,Female,56996,6,81.3022661457326,Clothing,8,3,0.9340185816910452,1,1,C1,C2
182,26,Female,49465,5,95.53860376418584,Electronics,9,5,0.0229481482903925,0,1,C1,C2
183,24,Female,25773,10,123.80672681218738,Home,11,4,2.6739717116103603,0,1,C2,C3
184,39,Female,67471,5,120.74922207017946,Health,6,6,1.1591054994267829,0,1,C1,C2
185,32,Male,38981,5,119.3594748854867,Home,4,8,0.0347937943518764,0,1,C1,C2
186,42,Male,37846,4,118.71737658439685,Health,13,5,1.7083354648496338,0,1,C1,C2
187,39,Male,53008,4,108.7346511112967,Health,14,5,0.223476300066431,0,0,C1,C2
188,34,Male,67229,3,108.0241432696599,Health,5,6,0.8656479742711604,0,0,C1,C2
189,26,Male,34762,6,104.89500653369548,Books,6,3,0.6285481049124364,0,1,C1,C2
190,19,Female,50925,4,91.66229439894973,Books,10,4,0.5444492526090362,0,1,C1,C2
191,30,Male,56432,2,101.6739879723102,Health,6,7,2.2046757496201024,0,1,C2,C3
192,43,Female,60396,9,104.31199367411732,Electronics,10,6,0.5751175825249897,0,0,C1,C2
193,37,Female,52646,5,112.66337206632105,Health,9,2,0.0783336296839471,0,1,C1,C2
194,22,Female,44494,9,102.0051297409032,Clothing,17,4,2.930670024866,0,1,C2,C3
195,36,Female,37586,5,142.10322761944838,Health,17,6,2.532441515793261,1,1,C2,C3
196,38,Male,51292,5,75.80375605884177,Books,12,6,1.1533832745309986,0,1,C1,C2
197,26,Female,33917,1,115.089513995414,Books,13,7,0.6309097952533058,0,1,C1,C2
198,36,Female,6179,5,99.17512586721892,Clothing,14,4,0.0974579047531691,1,1,C1,C2
199,35,Female,56548,8,100.04292564253085,Clothing,9,7,1.564216578386432,0,0,C1,C2
200,23,Male,63559,6,83.74848435378384,Home,8,5,0.0784783392288658,0,0,C1,C2
201,38,Male,14556,2,120.3868653449737,Electronics,10,6,0.0710675058696197,0,1,C1,C2
202,40,Male,34854,5,113.05683068642314,Electronics,13,5,0.7708576020804637,0,1,C1,C2
203,45,Female,59287,5,116.67274793607385,Electronics,9,3,0.1745060656860295,1,1,C1,C2
204,45,Female,80862,4,103.38490809637928,Books,8,8,0.0077603007344885,0,0,C1,C2
205,21,Male,50311,6,93.5021037071955,Electronics,6,3,0.5501096193142566,0,0,C1,C2
206,25,Female,39079,5,98.66876902911086,Home,15,4,0.1475923363982214,0,1,C1,C2
207,40,Male,47256,6,108.6693130011128,Home,13,6,0.1749671650877984,0,1,C1,C2
208,40,Male,70623,5,59.88847654160519,Electronics,12,5,0.0800292330609319,0,1,C1,C2
209,40,Female,40310,4,117.45865735150916,Clothing,12,7,0.2295311004940894,0,1,C1,C2
210,73,Female,38012,7,148.52385629366134,Home,12,5,1.2569664198418733,0,1,C1,C2
211,40,Female,42758,5,109.60670093906953,Clothing,15,5,1.6551013328589266,0,0,C1,C2
212,46,Female,35700,7,94.38146751584452,Books,8,7,0.6024542694614548,1,1,C1,C2
213,44,Male,51840,6,96.77529490641462,Home,13,2,0.7063414754600211,0,1,C1,C2
214,41,Male,74370,4,114.15084701868338,Clothing,6,7,0.0332001093930252,0,0,C1,C2
215,31,Male,54846,8,94.83422673369763,Electronics,11,4,0.0718357601375007,0,1,C1,C2
216,42,Male,46214,4,117.37350542678354,Books,13,7,0.297823625461423,1,0,C1,C2
217,27,Male,45622,3,96.51718565739512,Health,13,3,0.7850397326814561,0,1,C1,C2
218,32,Female,26552,5,134.28366933248674,Health,6,5,1.345348785378482,0,0,C1,C2
219,30,Male,63246,10,133.73192272044378,Electronics,9,7,0.9288772643339168,0,1,C1,C2
220,35,Male,48832,6,93.39660664118118,Books,7,5,0.4977907069367687,0,1,C1,C2
221,58,Male,47292,4,98.379523265224,Books,19,6,0.1259307202029541,0,1,C1,C2
222,16,Female,97896,3,99.5526227624332,Books,13,6,1.51764862774548,0,1,C1,C2
223,41,Female,54481,3,99.8206734847252,Books,6,6,0.452220375353923,0,1,C1,C2
224,18,Female,38723,5,81.05141909878648,Health,8,7,1.3320107970829176,0,0,C1,C2
225,30,Female,43604,2,78.25478631451296,Clothing,3,5,0.719447711082182,0,0,C1,C2
226,45,Male,67226,6,124.99515143095913,Books,10,4,1.3419408952687435,1,1,C1,C2
227,35,Male,51699,2,121.79574028408334,Clothing,15,2,2.3782742070602487,1,1,C2,C3
228,24,Female,28425,5,121.45041428354544,Books,14,4,2.538681117263009,0,0,C2,C3
229,27,Female,63788,2,98.61243266119342,Home,9,3,0.7659475341746987,0,0,C1,C2
230,41,Male,39977,6,137.84023539979393,Home,11,5,0.7164329310146652,0,1,C1,C2
231,27,Male,78099,3,99.55062046650866,Home,13,4,0.3088082883889295,1,0,C1,C2
232,37,Female,66200,5,117.25752347799482,Books,12,2,2.7457494441353245,0,1,C2,C3
233,35,Female,43290,2,72.22755970930032,Clothing,5,2,0.6123401506543784,1,1,C1,C2
234,28,Female,69215,6,95.40529337004298,Health,9,7,0.1364972026227565,0,1,C1,C2
235,56,Female,51017,6,96.88357888852366,Electronics,13,5,0.5668756778751368,0,0,C1,C2
236,41,Male,62791,7,98.6902492395677,Health,11,4,0.135880721839119,0,1,C1,C2
237,14,Male,57270,6,73.49002064008629,Books,8,7,0.698223411360484,0,1,C1,C2
238,36,Male,37304,6,114.07761855648516,Home,9,3,0.8238836594114752,1,1,C1,C2
239,28,Female,40346,4,120.57220622606756,Home,6,8,0.4121208507448656,0,1,C1,C2
240,43,Female,65449,4,85.12281221754169,Clothing,15,5,0.0743471237667113,0,1,C1,C2
241,27,Male,44978,7,77.05316967357342,Books,7,4,2.873577220367253,0,1,C2,C3
242,33,Male,43945,5,84.62116750212155,Health,11,6,1.48436203865601,0,1,C1,C2
243,40,Male,35673,5,109.9099733828036,Books,7,6,1.8256125562478835,0,1,C1,C3
244,43,Male,56353,8,88.0679329018329,Books,7,5,0.4570769705271688,0,0,C1,C2
245,22,Female,80937,4,97.31869500727248,Home,10,7,1.4305849894821496,1,1,C1,C2
246,31,Male,33987,2,78.5307851059461,Health,12,3,0.6643127088721482,0,0,C1,C2
247,30,Male,50363,3,139.5857281100293,Electronics,11,4,0.2244988297968992,0,1,C1,C2
248,28,Male,71183,4,101.46397256325568,Home,11,3,0.1328726118479095,0,1,C1,C2
249,52,Male,48805,6,122.9943065845326,Health,16,4,0.4231977094499285,0,1,C1,C2
250,39,Male,56785,9,109.86339668477672,Clothing,8,4,0.1479805510035409,0,1,C1,C2
251,22,Male,34064,3,99.16239890069862,Home,5,7,6.359042255955127,0,1,C2,C1
252,44,Male,56424,5,98.12675350221444,Clothing,10,3,0.0504399640848289,0,0,C1,C2
253,56,Female,47192,3,85.49512646724429,Home,8,5,0.5818627249980252,0,0,C1,C2
254,45,Female,64785,2,90.99073698232549,Books,9,5,0.6016506678947391,0,1,C1,C2
255,19,Female,67810,4,79.8439533680299,Health,9,7,0.3575781067842167,0,1,C1,C2
256,30,Female,88843,9,77.66268056134109,Clothing,12,9,0.8471181965105969,1,0,C1,C2
257,47,Male,58694,4,141.72750835102704,Home,8,6,0.1624918994531424,0,1,C1,C2
258,27,Female,54886,5,105.57824730163884,Clothing,14,8,1.532071308120363,0,1,C1,C2
259,39,Female,52915,8,129.3143448340812,Home,11,6,0.4041375670523141,0,0,C1,C2
260,42,Male,44702,8,84.11875485927956,Home,9,8,0.8948781018151211,0,0,C1,C2
261,25,Male,55077,5,74.96792815070512,Electronics,12,6,1.2575115514248127,0,1,C1,C2
262,34,Female,45568,3,80.44443578082297,Electronics,7,3,2.198604588324963,0,1,C2,C3
263,2,Female,52526,9,91.55856229820608,Electronics,10,5,1.8065935712014296,0,1,C1,C3
264,24,Male,69763,2,100.7299986365232,Clothing,12,6,0.93728208709157,0,0,C1,C2
265,32,Female,34901,8,96.98126766312016,Books,11,4,0.4916656545379354,0,0,C1,C2
266,22,Male,67098,7,84.53618063026744,Home,8,4,0.6995771487189755,0,1,C1,C2
267,51,Male,69756,6,101.75430018635528,Health,9,5,1.464190146389654,0,0,C1,C2
268,20,Male,48228,9,103.50772249079894,Electronics,6,7,2.1000160941188826,0,0,C2,C3
269,30,Male,18172,3,114.04552855103157,Clothing,5,2,0.1095715118888291,0,1,C1,C2
270,36,Female,40882,6,129.40864606025076,Clothing,7,6,0.4858993189602819,0,0,C1,C2
271,49,Male,69454,7,92.72212420982154,Clothing,10,6,1.496629891280855,0,1,C1,C3
272,20,Male,49656,7,124.30961187269264,Health,10,8,0.5650209541016286,0,1,C1,C2
273,46,Female,35010,5,101.31875186855974,Health,5,7,0.4038081277580744,0,1,C1,C2
274,35,Male,42428,5,69.45362025164437,Electronics,7,6,0.5298771178329377,0,0,C1,C2
275,25,Female,62609,1,135.6654162079167,Health,11,5,0.9234280087119936,0,1,C1,C2
276,39,Female,58201,7,145.4507288379938,Electronics,3,4,8.543250420404894,1,1,C2,C1
277,36,Female,46416,4,112.381929561031,Health,5,5,0.6792293427697671,0,0,C1,C2
278,28,Male,44497,7,101.79569928838264,Health,8,6,0.2338184192107154,1,1,C1,C2
279,35,Female,44123,5,94.57189879671006,Health,10,7,0.1777479221593194,0,0,C1,C2
280,31,Female,36163,5,90.72104061031185,Electronics,12,6,0.0432726485426065,0,1,C1,C2
281,36,Male,74230,3,124.21402506295033,Home,11,4,0.8182960560972601,1,1,C1,C2
282,41,Female,45165,5,99.65453523903656,Electronics,12,5,0.7865178437186925,0,1,C1,C2
283,50,Female,68257,5,133.47879594489535,Home,11,4,0.2297074551495028,0,0,C1,C2
284,22,Female,72819,4,100.6972483065833,Clothing,11,1,1.1885241071738006,0,1,C1,C2
285,56,Female,64974,3,91.75306613153184,Clothing,7,4,1.3513405908551686,0,1,C1,C2
286,15,Female,43525,3,87.97399070976535,Electronics,14,3,0.2998871933490854,0,0,C1,C2
287,33,Male,56055,5,85.12567829411003,Home,10,7,0.4217465809169021,1,1,C1,C2
288,40,Female,49637,10,110.28291652812092,Home,9,4,4.653486059113252,1,0,C2,C3
289,37,Female,36444,2,74.11013290283977,Home,9,4,0.4688274697537389,0,0,C1,C2
290,28,Male,54865,5,83.63325033327493,Clothing,3,8,1.430462245876997,0,1,C1,C2
291,32,Male,32314,3,126.4896525168214,Electronics,16,5,0.6028046402157788,0,1,C1,C2
292,30,Male,67815,4,80.90901378351045,Books,6,1,1.5767037098400274,1,1,C1,C2
293,29,Female,43030,6,117.25409843980034,Home,10,4,1.465438174311626,0,1,C1,C2
294,43,Male,53017,3,58.739763769983696,Home,7,3,1.1018857160860536,0,0,C1,C2
295,38,Female,54249,4,129.00174084351505,Books,11,3,1.9294940575145083,0,0,C1,C3
296,28,Female,46116,4,74.59536321944907,Electronics,8,3,2.8004697283529976,0,1,C2,C3
297,43,Male,58800,5,82.47212513050482,Home,16,5,0.8674608552839477,0,1,C1,C2
298,38,Male,42876,8,113.60685155972652,Electronics,15,4,0.2711119939191539,1,1,C1,C2
299,43,Female,63069,5,105.40816268416096,Home,5,4,0.5085431666276601,0,1,C1,C2
300,41,Male,29810,6,117.89974872189616,Health,13,7,1.4200816304155413,1,1,C1,C2
301,26,Female,51895,3,74.43474741484849,Home,6,5,1.0523495589831258,0,1,C1,C2
302,29,Male,79083,4,94.26389181332922,Health,13,7,0.1957695838019,0,1,C1,C2
303,42,Male,34995,5,87.65843581579125,Electronics,20,5,0.0525989265084739,0,1,C1,C2
304,41,Male,39833,6,77.79622403695153,Home,13,5,1.1487323564249312,0,0,C1,C2
305,34,Female,57708,7,111.91794917040733,Clothing,6,6,0.2891218070782621,1,1,C1,C2
306,36,Male,52693,5,118.86102893213592,Clothing,9,3,0.6924878854008761,0,0,C1,C2
307,47,Female,55259,2,93.26267589918932,Books,16,3,1.3733653916604915,0,1,C1,C2
308,29,Female,57337,6,130.45422598592342,Clothing,6,6,0.8270598587933495,0,0,C1,C2
309,40,Female,59520,4,84.28599558243315,Health,9,5,0.0869778318560519,0,1,C1,C2
310,32,Female,66645,2,129.96934648274083,Clothing,11,6,0.2052793662695607,1,0,C1,C2
311,32,Male,56147,4,111.24478119516532,Clothing,16,7,0.2476004274822103,0,0,C1,C2
312,45,Female,46381,2,75.52865629049978,Clothing,9,5,0.2982231059771497,0,1,C1,C2
313,43,Female,60088,3,139.63048534165338,Home,14,5,0.8333370159544259,0,1,C1,C2
314,43,Male,78498,4,91.11044933617946,Books,7,5,0.7011103623495548,0,0,C1,C2
315,48,Female,48010,7,124.10235479228902,Electronics,5,8,0.2271014213139906,0,0,C1,C2
316,35,Male,35382,5,102.91298243859264,Books,8,7,0.0699449425510449,0,0,C1,C2
317,41,Female,66606,5,107.48882448903665,Health,9,7,0.1880566162234191,0,0,C1,C2
318,31,Male,48194,7,118.02413560984616,Home,3,4,4.159287172583337,0,1,C2,C3
319,38,Female,17409,9,116.91702368938007,Home,10,6,0.6321404196107417,1,1,C1,C2
320,33,Male,62711,7,93.1570687375308,Clothing,8,4,2.0200073105603185,0,1,C2,C3
321,35,Female,41970,6,110.6333119187719,Clothing,6,4,1.888837490758508,0,0,C1,C3
322,40,Female,48642,6,109.13199697397005,Health,9,7,0.7164558440487018,1,1,C1,C2
323,26,Male,54979,9,104.2712239937849,Home,10,2,1.2265173961391738,0,1,C1,C2
324,55,Male,52857,2,95.9336693234054,Electronics,11,8,0.2141243597930751,1,0,C1,C2
325,24,Male,60641,3,104.23129666388496,Books,7,3,1.1660243903524576,1,0,C1,C2
326,22,Male,43467,9,139.3508149239172,Home,14,6,0.3179826385870711,0,1,C1,C2
327,46,Female,57696,3,94.09945295771684,Electronics,7,4,1.7841609914431067,0,1,C1,C2
328,42,Female,46106,8,124.13174839608418,Electronics,11,4,0.0874377949207361,0,1,C1,C2
329,41,Male,61082,5,87.60727152167071,Books,6,4,1.4834163419401023,0,1,C1,C2
330,41,Female,59230,4,82.37370675354512,Electronics,7,5,0.1052904143023387,0,0,C1,C2
331,34,Male,35968,9,165.52798690226,Health,9,4,2.130223277624639,0,1,C2,C3
332,26,Male,66289,2,110.80048393978488,Electronics,10,6,0.3626995097245898,0,0,C1,C2
333,35,Female,41960,5,111.35026922579226,Health,6,2,1.0624540432509293,0,0,C1,C2
334,28,Female,62120,10,111.90455543668403,Electronics,13,3,0.6684590140678086,0,1,C1,C2
335,44,Female,55509,5,128.14599413069178,Clothing,8,3,0.4561845859951693,1,1,C1,C2
336,33,Female,77572,4,108.15620029235508,Electronics,6,5,1.0368828651820778,0,1,C1,C2
337,26,Female,46648,7,116.32443745114384,Health,17,6,2.9473799299995034,0,1,C2,C3
338,31,Female,44760,3,78.82863443486954,Electronics,14,7,0.0421455235137016,1,1,C1,C2
339,39,Female,49708,6,119.67847074488904,Electronics,7,4,2.511491178285351,0,0,C2,C3
340,29,Male,45452,3,95.26478883924918,Electronics,9,5,0.9392565771770012,0,1,C1,C2
341,26,Male,61999,3,113.43484964383744,Health,5,6,1.6466949189210651,0,0,C1,C2
342,37,Male,25755,4,65.69760090610609,Electronics,13,4,0.4843053383782293,0,1,C1,C2
343,37,Male,34194,1,112.60359184730228,Books,8,5,0.638361643348459,0,1,C1,C2
344,29,Male,33982,2,55.16207290450343,Books,11,5,2.031419305062078,0,0,C2,C3
345,30,Female,64254,4,94.48169059127646,Health,14,3,0.5358835848464425,0,1,C1,C2
346,37,Male,75659,5,65.88896818200789,Clothing,15,2,0.7649860267417871,0,1,C1,C2
347,20,Male,48433,8,112.66073452501053,Books,8,3,0.02040162820743,1,1,C1,C2
348,20,Male,47467,7,101.3853976235175,Home,5,6,0.1726857377762815,0,1,C1,C2
349,27,Male,51050,7,84.58425193919447,Books,11,3,1.0263469997139836,1,0,C1,C2
350,32,Male,67428,2,128.68816090069657,Home,17,4,1.2622267629873547,0,1,C1,C2
351,38,Male,36089,6,82.06667011333236,Health,8,4,0.8737125286743281,0,1,C1,C2
352,49,Male,53575,8,39.37612335019822,Clothing,4,3,0.154679195121744,1,1,C1,C2
353,43,Female,64627,6,110.27270067730304,Home,13,4,0.5895179341243022,0,0,C1,C2
354,33,Female,57516,4,64.66802561172102,Home,16,7,0.4386518975749328,0,1,C1,C2
355,34,Male,52843,4,82.69980713978315,Books,14,2,0.684507300120665,0,1,C1,C2
356,24,Female,65015,4,89.65306854121444,Home,14,6,2.042755072042215,0,1,C2,C3
357,34,Female,9451,1,71.52012300607976,Health,11,5,1.4954908409505143,0,1,C1,C2
358,32,Female,60168,6,90.1254482788356,Health,14,6,0.0877274530081407,0,1,C1,C2
359,38,Female,40188,8,71.8943622549022,Health,4,5,2.2100897600161638,0,1,C2,C3
360,26,Male,22540,7,103.24766370266094,Books,4,4,0.6382180908783235,0,1,C1,C2
361,40,Female,57668,7,75.42509488495622,Clothing,11,7,1.3620394829007374,0,1,C1,C2
362,50,Female,70604,6,100.6029279756403,Books,8,5,0.1508685085243514,0,1,C1,C2
363,33,Female,47938,6,123.2401540854242,Health,8,6,1.1108453859434422,1,0,C1,C2
364,39,Male,64293,4,115.64745540584326,Books,10,5,0.269614305508186,0,0,C1,C2
365,41,Male,74184,3,98.36578615716844,Health,10,8,0.5769314117865909,0,1,C1,C2
366,30,Male,69723,6,80.22525363160364,Electronics,14,6,0.0170066671219752,0,1,C1,C2
367,37,Male,74599,3,103.1835423184516,Electronics,7,8,0.1644155951850209,0,1,C1,C2
368,35,Male,61131,10,86.0856175106583,Home,9,5,0.0965995531249413,0,0,C1,C2
369,35,Male,51131,5,104.02246917403052,Clothing,9,5,0.2741002877888058,0,1,C1,C2
370,27,Male,25970,6,65.69429565094,Electronics,5,6,0.1053806158868592,0,0,C1,C2
371,35,Female,46309,6,116.14522112671284,Health,6,7,1.1773634173026422,0,1,C1,C2
372,39,Female,37351,4,100.66433126026295,Books,8,8,0.0294699054684755,0,1,C1,C2
373,49,Female,82564,6,144.17033360018348,Books,10,4,0.9616555832718052,0,0,C1,C2
374,44,Male,47361,5,126.12122923685452,Home,9,6,0.1516462877331979,0,0,C1,C2
375,56,Male,51848,3,111.32373872842112,Books,13,4,2.903361996083372,0,0,C2,C3
376,27,Male,58272,2,97.52014052584862,Electronics,9,5,2.7044677224963856,0,1,C2,C3
377,43,Male,50654,3,85.40791272596668,Books,8,4,0.2555416249705032,0,1,C1,C2
378,36,Male,75425,2,118.8481859006827,Electronics,9,4,0.9530099517520846,1,1,C1,C2
379,56,Female,40660,8,95.41060417360576,Electronics,18,7,0.0284049472449638,1,1,C1,C2
380,26,Female,52919,7,123.367292658966,Clothing,14,3,2.685142737789544,1,1,C2,C3
381,26,Male,38862,4,108.01646327470571,Home,10,6,0.7402121808832208,0,1,C1,C2
382,29,Male,30199,3,108.15994254499527,Health,13,5,0.0441850927944211,0,1,C1,C2
383,13,Male,40823,3,111.89052253935922,Electronics,11,3,0.4193105042962059,0,1,C1,C2
384,29,Male,49444,6,81.60746123124886,Home,7,4,0.0799629612030411,0,0,C1,C2
385,27,Female,43560,5,79.55727512252754,Health,8,5,0.4991349589539806,0,0,C1,C2
386,36,Male,39613,1,78.86581103273551,Books,11,4,1.1084394438565204,0,1,C1,C2
387,38,Male,28905,8,120.9499382975198,Home,10,6,0.6346705733303931,0,1,C1,C2
388,53,Male,48753,9,81.08556824963054,Home,7,8,0.4840574020595207,0,1,C1,C2
389,44,Male,27429,4,83.57680583609327,Home,14,4,0.1268759272110677,1,0,C1,C2
390,29,Female,61400,7,110.75034253946284,Books,7,4,0.2809567988113532,0,1,C1,C2
391,26,Male,51236,3,94.95901750730287,Books,14,5,0.1055197369310284,0,0,C1,C2
392,39,Male,28136,7,92.40411515816088,Home,12,6,1.6476525364794363,0,0,C1,C2
393,21,Female,45361,5,90.6689006234616,Clothing,13,4,0.1453030682791099,1,1,C1,C2
394,53,Female,38717,6,53.487366443173045,Electronics,8,2,0.9047905297933512,0,1,C1,C2
395,46,Female,54787,8,80.66236948071963,Books,7,5,0.4196762298396355,1,0,C1,C2
396,30,Male,70106,2,123.63126273764183,Clothing,12,8,0.2561554789802673,0,1,C1,C2
397,17,Male,21872,4,89.21203796932055,Books,4,5,1.020175779603954,0,1,C1,C2
398,48,Female,51725,9,61.9902058796452,Home,13,5,0.610650212053453,0,0,C1,C2
399,33,Female,47598,4,79.84011522263019,Clothing,9,8,0.5110680986349111,0,1,C1,C2
400,47,Female,60070,4,107.19707929509993,Health,20,6,0.8985785352914156,1,0,C1,C2
401,19,Female,53197,3,106.80069218411477,Electronics,16,6,0.675833193420274,1,0,C1,C2
402,29,Female,38720,4,94.114387748773,Electronics,10,5,0.3616648134443649,0,0,C1,C2
403,35,Female,45214,4,86.21591905829933,Books,8,8,0.8188493877175252,0,1,C1,C2
404,35,Male,38059,6,71.95608028487914,Electronics,5,6,1.1071443127426197,0,1,C1,C2
405,30,Male,66140,7,107.36370072824016,Health,8,7,0.0270558904845484,1,1,C1,C2
406,41,Male,50319,3,116.7574083533558,Clothing,11,6,0.6271192608292128,0,0,C1,C2
407,24,Female,78517,6,125.77760004103688,Clothing,14,6,0.0594138449726516,0,0,C1,C2
408,33,Female,49090,8,77.78825282619914,Home,6,4,0.206293088729258,0,1,C1,C2
409,36,Female,39373,7,127.31045960812376,Clothing,11,4,0.8221374348142645,0,1,C1,C2
410,40,Female,27294,3,98.86775825471086,Books,7,6,2.011326289170788,0,1,C2,C3
411,42,Female,22952,4,100.53143926808612,Health,10,4,2.1439218602529464,0,0,C2,C3
412,23,Female,26237,6,117.87184081262922,Home,12,5,0.0725104904950232,0,0,C1,C2
413,19,Male,54006,8,89.18092193040535,Books,8,4,0.5431854098951224,0,0,C1,C2
414,47,Male,57630,3,56.72393997301943,Books,4,6,0.8746846040776922,0,0,C1,C2
415,38,Female,26282,4,114.09723096391522,Books,6,3,0.1590776862558601,0,0,C1,C2
416,27,Male,63425,3,106.97141488590144,Electronics,11,7,1.450010678470678,0,0,C1,C2
417,50,Female,42754,8,92.79446306246048,Books,7,5,1.3634972352924468,0,1,C1,C2
418,36,Male,52201,1,112.45062687874388,Electronics,13,4,2.3365660999654705,0,1,C2,C3
419,46,Female,74183,3,116.53886920930393,Clothing,9,5,0.0085222232886622,1,0,C1,C2
420,35,Female,63452,7,69.75987375876848,Electronics,14,4,0.2442193998987002,0,1,C1,C2
421,55,Male,45972,5,100.45025948795455,Books,12,4,1.7555435404133055,1,1,C1,C2
422,52,Male,36632,9,54.44874786301831,Health,11,4,1.1104219009198155,1,1,C1,C2
423,32,Female,17722,5,97.52613620976436,Health,5,3,2.2480008299249388,0,1,C2,C3
424,44,Female,39212,4,92.5451551194262,Clothing,15,8,0.0588795283166282,0,1,C1,C2
425,41,Male,46833,5,109.8381803485448,Books,9,2,0.90872930593707,0,1,C1,C2
426,48,Male,35192,7,78.53889540752147,Electronics,12,6,0.8417552571158669,0,1,C1,C2
427,25,Female,48031,3,91.57026928296963,Health,11,4,0.036326299029112,0,1,C1,C2
428,41,Male,51152,6,35.678856014857274,Home,9,6,0.7205637574453135,0,1,C1,C2
429,45,Female,46627,7,111.15007642067674,Books,11,4,0.940379324652908,0,0,C1,C2
430,17,Female,40249,4,98.23200166411851,Books,9,6,0.2123188184585892,0,1,C1,C2
431,23,Female,52529,4,101.7448287564122,Home,6,6,0.3192822510428093,0,1,C1,C2
432,14,Female,56629,4,70.13138527930548,Health,12,6,1.0226165641272098,1,1,C1,C2
433,32,Male,33644,3,107.9612434970601,Home,13,3,0.631677640681366,0,1,C1,C2
434,42,Male,71163,4,133.05499407028452,Clothing,13,6,1.9520244060651144,1,1,C1,C3
435,50,Male,48521,2,96.3017456224762,Electronics,11,4,0.419130707536366,0,0,C1,C2
436,35,Male,50282,7,113.00177816163288,Electronics,7,2,0.3101453716061428,0,0,C1,C2
437,51,Male,60623,6,82.5875795374823,Health,9,5,4.190807468920481,1,1,C2,C3
438,21,Male,53498,7,98.4628761990589,Home,12,5,2.420645581100239,1,1,C2,C3
439,17,Male,64297,5,69.37318772083665,Books,8,5,0.0294213390389926,0,1,C1,C2
440,34,Female,54306,4,115.76243609386924,Books,4,6,1.4728488910904822,0,0,C1,C2
441,38,Male,40813,5,103.19681154330792,Books,10,4,0.1169100373836422,0,0,C1,C2
442,34,Male,55422,4,75.61427228347874,Clothing,10,4,0.0278699797795773,0,1,C1,C2
443,14,Female,32844,7,83.96275646323836,Clothing,5,3,0.3197859525853396,0,1,C1,C2
444,34,Male,51628,5,101.22172345196626,Books,8,6,0.3138150899776127,1,0,C1,C2
445,21,Male,49501,6,118.4773003192835,Health,21,5,1.7110209182466722,0,0,C1,C2
446,41,Female,46878,5,129.59054407037036,Clothing,7,4,1.240177855098474,0,1,C1,C2
447,38,Male,48071,2,97.31749241909688,Clothing,15,6,3.9959171006666474,0,0,C2,C3
448,25,Male,21772,4,72.70702652261238,Electronics,16,5,1.2431049091526885,1,1,C1,C2
449,29,Male,41769,4,104.76930280647588,Electronics,5,5,0.5417240226227753,1,1,C1,C2
450,24,Female,51392,6,135.69764798064702,Health,5,5,1.2004047140220115,0,0,C1,C2
451,34,Male,52397,11,67.5450318935497,Clothing,10,6,7.522215476112905,0,1,C2,C1
452,44,Male,34584,6,80.90808701422138,Clothing,11,6,1.238363725939169,0,0,C1,C2
453,25,Female,68985,8,112.21928688493288,Home,11,4,1.4341466603395132,0,1,C1,C2
454,40,Male,37007,5,103.07198270508331,Health,9,3,2.786525634433773,0,1,C2,C3
455,29,Female,64541,3,89.09960543470397,Health,9,3,0.1206447955635586,1,1,C1,C2
456,27,Female,56407,5,104.40227746602903,Home,9,6,1.220048981193344,1,1,C1,C2
457,33,Male,40306,1,119.55090403708633,Home,12,7,1.9025075247675112,0,1,C1,C3
458,24,Female,76629,8,98.03327315615002,Electronics,9,5,3.087378379144037,0,0,C2,C3
459,29,Female,32095,6,96.27984611415808,Health,11,3,0.2369500358413996,0,1,C1,C2
460,23,Male,63787,4,111.78048339851432,Health,9,6,0.7010362329110544,0,0,C1,C2
461,54,Female,65008,7,94.58970236191608,Home,9,7,1.1411696870199128,0,1,C1,C2
462,35,Female,39940,1,122.8504712175626,Books,8,7,0.2843113988950104,0,0,C1,C2
463,28,Male,70886,7,140.53479356968705,Books,10,5,0.9174735892999336,0,1,C1,C2
464,37,Male,46249,3,82.14116063740676,Electronics,15,7,0.2978385183091596,0,1,C1,C2
465,33,Male,54330,9,74.99948934431902,Books,11,2,0.4056506561186027,0,1,C1,C2
466,32,Female,53904,4,107.43438477380086,Books,9,3,0.582534137328418,0,1,C1,C2
467,41,Male,47985,2,74.28990953944195,Books,11,3,0.7533008731174271,0,1,C1,C2
468,42,Female,62162,4,73.94845042092925,Clothing,8,6,0.5966847042228002,0,1,C1,C2
469,29,Female,61902,6,59.01588459352317,Electronics,18,3,0.6796299903767712,0,0,C1,C2
470,29,Female,23772,2,92.3549550485625,Home,12,5,0.3546609110200173,0,0,C1,C2
471,32,Female,69565,1,99.340193943455,Books,12,5,0.1731221145466474,0,0,C1,C2
472,11,Female,25062,7,89.65274021715534,Clothing,8,4,0.0485076802649487,0,1,C1,C2
473,19,Female,65488,7,127.80666367064342,Books,7,7,0.2181295455907486,1,0,C1,C2
474,48,Female,66900,6,126.31774534092234,Clothing,7,3,0.872139026612451,0,0,C1,C2
475,51,Male,33635,8,138.57687928043512,Electronics,19,4,1.5423188852452376,0,1,C1,C3
476,32,Male,43837,7,100.93056931867416,Books,19,6,0.1854234797177838,0,1,C1,C2
477,40,Female,33414,5,123.67638117021554,Clothing,11,2,0.1149119386968248,0,1,C1,C2
478,38,Female,46776,6,106.17705297574308,Health,7,6,1.3834598244144771,1,1,C1,C2
479,65,Male,45379,6,104.16764625039242,Health,17,6,0.3640712730935518,1,1,C1,C2
480,46,Female,61694,7,90.65227849409077,Clothing,5,7,3.0261799187829133,1,1,C2,C3
481,33,Male,69654,6,54.73706418489712,Books,10,7,1.252875872005035,0,0,C1,C2
482,25,Male,70935,3,112.7458291002798,Books,6,4,0.395647529496429,0,1,C1,C2
483,18,Male,41567,3,123.08272473056049,Electronics,8,5,0.3418464990448887,0,1,C1,C2
484,37,Female,46861,1,69.48764143403501,Electronics,12,3,0.7417039831300625,0,0,C1,C2
485,27,Female,24748,5,99.80602675634783,Home,13,4,0.0824523324569684,0,0,C1,C2
486,20,Male,37911,3,119.8329433682914,Electronics,13,3,0.1251965245091694,1,0,C1,C2
487,28,Male,64472,9,92.81002446709164,Books,7,4,0.1934122898137839,1,1,C1,C2
488,24,Male,74233,8,123.86207346664536,Home,14,7,1.49042715653278,0,1,C1,C2
489,51,Male,31484,4,97.19433933285264,Electronics,8,4,0.72125319869793,0,1,C1,C2
490,43,Male,41113,2,89.49682938603479,Clothing,7,5,0.0106233512828051,0,1,C1,C2
491,34,Female,49603,3,125.00573825882466,Health,13,5,1.119375951675864,0,1,C1,C2
492,49,Male,54202,2,81.32492527719806,Electronics,10,5,0.5511098786241668,0,1,C1,C2
493,35,Female,37855,4,85.50191936350413,Electronics,8,8,0.7150909229340914,1,0,C1,C2
494,26,Male,56360,4,82.08908230565387,Clothing,9,4,0.240946389872957,0,1,C1,C2
495,50,Female,42892,5,77.14809461025474,Books,14,6,0.8024760673395983,0,1,C1,C2
496,40,Female,49783,8,103.06067834748777,Clothing,9,5,3.870556726575076,0,1,C2,C3
497,24,Female,58194,6,89.74130796442995,Electronics,8,3,0.0762815383366772,0,0,C1,C2
498,33,Female,50096,3,109.77226192832916,Books,12,5,0.3339597550781956,1,1,C1,C2
499,26,Female,43454,5,65.30719328936951,Home,12,6,0.2783888457093605,0,1,C1,C2
500,21,Female,48355,6,77.54903818991167,Electronics,15,3,0.285749688377329,1,1,C1,C2
501,44,Male,48674,3,101.0315817905274,Clothing,11,3,0.4759514546469247,0,1,C1,C2
502,54,Female,44449,8,129.39361194407434,Home,10,3,1.7043519867914685,0,1,C1,C3
503,21,Male,46118,8,107.5700429783504,Health,7,6,2.440224224717383,0,1,C2,C3
504,40,Female,73979,5,88.21218810299115,Home,7,6,0.225916251019526,0,1,C1,C2
505,28,Female,58413,4,70.20937293239406,Clothing,16,5,0.7829623491162376,0,0,C1,C2
506,30,Male,45567,2,87.04307903187812,Home,9,5,1.0130741698456118,0,1,C1,C2
507,29,Female,60454,6,99.1503175491436,Clothing,6,7,0.7377836793178608,0,0,C1,C2
508,26,Male,44992,5,52.84616211913821,Electronics,7,6,0.5692961819678681,0,1,C1,C2
509,35,Male,67596,6,75.73259859504171,Books,10,6,0.2131629063898715,1,1,C1,C2
510,26,Male,55544,7,85.24888070706055,Health,4,6,0.6698591816835403,1,1,C1,C2
511,37,Male,48390,3,94.85182785630076,Books,14,6,0.5128523891202252,0,1,C1,C2
512,34,Female,56715,9,98.91327040502593,Books,20,5,1.5874971925968409,1,1,C1,C2
513,32,Female,26436,2,87.78264443585729,Books,5,7,1.442248433395992,0,1,C1,C2
514,25,Male,33098,0,110.11746364405836,Clothing,11,7,0.1438688475636682,0,0,C1,C2
515,29,Female,32091,6,102.4941380606093,Clothing,9,2,0.0926845875098184,0,0,C1,C2
516,42,Female,52144,4,92.5987343098964,Health,10,2,2.3876413994075465,1,0,C2,C3
517,40,Male,75987,6,112.87550761875865,Clothing,14,8,0.7668117810947709,0,1,C1,C2
518,25,Female,83469,4,111.23881233020266,Clothing,11,4,1.950527352932825,0,1,C1,C3
519,35,Male,59570,5,70.92402898507456,Clothing,11,7,0.0599104425050027,0,1,C1,C2
520,42,Male,57512,2,99.35944861682712,Clothing,17,5,0.7476363479381803,0,1,C1,C2
521,18,Female,22984,5,117.80521062934402,Electronics,8,3,0.7752828585504489,0,1,C1,C2
522,40,Female,41859,4,121.14978558604356,Health,7,3,1.971139989416611,0,1,C1,C3
523,28,Female,38183,3,107.41817581270574,Clothing,8,3,0.1027084778982451,0,0,C1,C2
524,40,Male,40687,5,95.33422876507213,Health,13,4,0.2750232856186568,1,1,C1,C2
525,27,Male,47477,3,108.42639588464873,Home,13,5,0.5217826228494469,0,1,C1,C2
526,16,Female,42918,3,116.15546862583568,Electronics,6,6,2.008733158992938,1,1,C2,C3
527,18,Female,20310,4,102.31663898019129,Clothing,10,8,2.7949703743148544,0,1,C2,C3
528,35,Female,61218,8,104.57208291156842,Electronics,8,5,4.923259177755947,0,0,C2,C3
529,37,Female,33908,5,95.0039369132936,Electronics,13,5,3.198913564689556,0,1,C2,C3
530,25,Male,53588,4,73.2642959783264,Home,7,5,0.0059594783122,0,0,C1,C2
531,41,Female,81111,4,96.5127175949569,Health,6,5,0.048883927091603,1,1,C1,C2
532,18,Male,36209,4,86.45772108238933,Electronics,11,5,0.1597073787399195,0,1,C1,C2
533,34,Male,12045,4,86.52157244673917,Books,12,1,0.4290338262888251,1,0,C1,C2
534,22,Female,45709,7,128.67668978320313,Home,8,1,1.7714747874738488,0,1,C1,C2
535,28,Female,66514,8,119.03114755461,Books,8,3,2.2317184678782,0,1,C2,C3
536,35,Female,79375,7,66.13001818329855,Home,9,3,0.2068205078802629,0,1,C1,C2
537,26,Male,31556,3,78.3024244744732,Books,5,6,0.9667006050660616,0,1,C1,C2
538,31,Female,57450,6,92.72875910894864,Books,14,4,2.493285475094256,0,0,C2,C3
539,45,Female,43020,6,87.18735539728075,Electronics,7,7,0.6231207504505686,0,0,C1,C2
540,29,Male,48410,4,106.34836547007583,Electronics,4,7,0.1093055894078548,0,0,C1,C2
541,43,Female,89665,6,75.12829844385597,Home,7,8,0.6121455176026527,0,1,C1,C2
542,23,Male,27455,9,119.17063922597232,Health,6,7,0.4712762823862031,0,1,C1,C2
543,40,Female,53806,6,99.11988910116348,Electronics,10,4,0.8619398573094008,1,1,C1,C2
544,49,Male,57015,4,93.18975910577646,Electronics,11,5,0.5774261527717117,0,0,C1,C2
545,10,Female,66286,6,99.71361114568454,Clothing,17,4,0.0174981300816054,0,0,C1,C2
546,27,Female,51469,7,91.64983852969937,Electronics,14,6,5.115618116700942,0,1,C2,C3
547,40,Male,54620,4,59.38714858547793,Health,10,7,0.7842547268201306,0,1,C1,C2
548,32,Male,44125,3,100.23851961542952,Clothing,9,7,0.6417523267504855,0,1,C1,C2
549,38,Female,54036,4,93.58507222730884,Books,11,5,3.092625879405118,0,1,C2,C3
550,28,Male,44852,5,80.91085974694494,Books,9,6,0.1694373568225349,0,1,C1,C2
551,35,Male,59323,3,121.94859662833164,Clothing,11,3,0.2097802425705766,0,1,C1,C2
552,33,Male,44455,5,113.38876026786454,Clothing,7,2,1.6503367279403425,0,1,C1,C2
553,46,Male,55656,3,148.77713413158503,Clothing,11,6,0.3022288050269766,0,0,C1,C2
554,37,Female,49561,5,116.69657002384906,Home,8,5,1.6055808917684025,0,0,C1,C2
555,38,Female,66890,5,87.13129865939447,Health,11,9,0.3168136158423991,0,0,C1,C2
556,30,Male,49229,5,81.88421242796426,Health,12,3,0.0337508356804608,0,1,C1,C2
557,30,Male,23404,6,90.1138879742729,Books,5,7,0.7277691100317254,0,1,C1,C2
558,30,Male,68928,6,86.66742768642709,Books,7,5,0.2190101482652211,0,1,C1,C2
559,38,Male,36414,6,102.17566727707931,Books,5,6,1.4181826012782488,0,1,C1,C2
560,30,Female,40193,5,69.22405245682,Electronics,12,6,1.024989126591073,0,1,C1,C2
561,37,Female,41065,7,112.94573128092064,Books,14,7,2.571807504596355,1,0,C2,C3
562,55,Male,70616,3,101.82392738742855,Clothing,6,4,1.5278042737276656,0,1,C1,C2
563,43,Male,17964,5,110.64928615577392,Books,12,8,0.1993976731265894,0,0,C1,C2
564,31,Male,97066,7,77.11707045944954,Clothing,10,3,1.6102294089087923,0,0,C1,C2
565,47,Female,65840,2,104.93377540672113,Home,11,3,1.0264880505104588,0,0,C1,C2
566,30,Male,53348,8,125.98353161739271,Electronics,7,5,1.105490816876335,0,0,C1,C2
567,14,Female,49176,4,82.78985497799567,Electronics,15,7,1.7853573225944397,0,1,C1,C2
568,24,Male,54283,2,82.24288585045588,Health,4,5,0.8529030348422723,1,0,C1,C2
569,16,Female,57816,5,114.2391493343453,Home,13,7,0.6273660212290157,0,1,C1,C2
570,31,Male,59678,5,80.61897896924833,Clothing,6,6,1.0123640500309956,0,0,C1,C2
571,35,Female,58334,4,95.33432033685462,Home,8,4,0.3537612342855485,0,1,C1,C2
572,51,Male,51343,6,129.5146535798469,Electronics,10,8,0.2016231980552069,1,1,C1,C2
573,38,Male,47039,8,82.52662216154748,Clothing,15,3,0.9586447276197796,0,1,C1,C2
574,32,Male,47730,4,130.8888419774853,Home,13,7,0.2663751772458374,0,1,C1,C2
575,43,Female,47076,3,93.2843651609174,Electronics,8,4,0.0832893407465511,0,1,C1,C2
576,12,Male,67006,6,77.575973463223,Clothing,11,5,0.0005543382022885,0,1,C1,C2
577,37,Female,58903,4,112.07408310245256,Clothing,9,5,0.937308570811171,0,0,C1,C2
578,42,Female,5894,2,102.15496269252137,Electronics,9,3,0.4496502257804623,1,1,C1,C2
579,20,Male,59838,3,100.26360521773378,Clothing,10,4,1.3955812336309878,0,1,C1,C2
580,46,Male,52921,1,84.6256347896327,Electronics,10,4,0.4702859063831422,0,1,C1,C2
581,38,Male,49719,9,102.00905900904228,Books,9,4,0.6655387221841572,0,1,C1,C2
582,30,Female,44172,5,58.647388918233,Books,9,4,0.522704183363798,0,1,C1,C2
583,41,Male,66861,3,104.37529473569542,Clothing,15,5,1.0514657347987852,0,0,C1,C2
584,57,Female,64212,4,125.94498400372107,Clothing,8,6,0.4402726663139643,0,1,C1,C2
585,36,Female,38406,3,64.69142604948587,Electronics,11,5,3.31780291121354,0,1,C2,C3
586,37,Male,56105,4,91.8644956741222,Clothing,6,7,2.751171502605964,0,1,C2,C3
587,30,Male,35425,6,82.50720371703892,Health,11,6,1.8840583451006088,0,1,C1,C3
588,26,Male,29305,4,69.77891932174268,Books,7,6,2.52948908808192,0,1,C2,C3
589,43,Male,40599,2,58.9425115930153,Clothing,7,6,0.5962740200454819,0,0,C1,C2
590,26,Male,62935,6,76.3832816601573,Clothing,15,5,0.7687987365114638,0,1,C1,C2
591,35,Male,64296,3,95.15246769227186,Home,12,6,1.3551546443601394,0,1,C1,C2
592,30,Female,57696,6,122.9827409693707,Clothing,10,3,1.191207709065795,1,1,C1,C2
593,39,Female,60876,2,69.5457098041899,Health,7,7,2.2134630713662107,0,1,C2,C3
594,38,Female,57742,8,105.88785518272414,Books,13,6,1.2599473095800533,0,0,C1,C2
595,45,Male,40377,3,104.3928317323403,Home,12,4,6.158562522552043,0,1,C2,C1
596,29,Female,56478,6,133.43925920146552,Electronics,9,6,0.4284867847309855,0,1,C1,C2
597,32,Female,62006,4,111.42062928794294,Electronics,7,2,1.7897479471323263,0,0,C1,C3
598,25,Female,61314,5,112.5719898606076,Books,15,4,1.1961197961775114,0,1,C1,C2
599,30,Female,67833,6,113.986007994358,Electronics,6,3,1.1756654165407516,0,0,C1,C2
600,38,Female,60624,1,81.51535969361612,Health,9,6,0.394281273252273,0,1,C1,C2
601,42,Male,55271,5,88.54354952839118,Clothing,7,6,1.5399202100024447,0,1,C1,C2
602,25,Male,66052,7,122.33736324541476,Books,13,6,2.306352403882748,0,0,C2,C3
603,43,Female,49602,6,58.98400288011704,Home,11,1,0.2466021419461929,1,0,C1,C2
604,48,Female,36771,6,86.35377855585739,Clothing,11,5,0.9821550304442496,0,1,C1,C2
605,39,Female,47553,7,73.38381476276001,Electronics,8,6,0.4978021800007205,0,0,C1,C2
606,53,Male,38826,4,104.68488084078542,Electronics,13,3,4.560973344982197,0,1,C2,C3
607,27,Male,39872,3,91.5678282937776,Home,5,6,0.6516843977851717,0,1,C1,C2
608,22,Female,47832,8,112.51940949977435,Health,5,3,0.2591855478804291,0,1,C1,C2
609,17,Male,38113,4,97.82009678577236,Home,3,4,0.481036468157873,0,1,C1,C2
610,49,Male,45380,5,69.07815359392654,Books,13,5,1.060849531518163,0,0,C1,C2
611,41,Female,21595,5,70.00264721474966,Home,7,6,0.0791399342581515,0,1,C1,C2
612,34,Male,53199,3,99.8790296272183,Electronics,12,3,0.925336320688485,0,1,C1,C2
613,37,Male,50018,9,84.57730065532745,Health,7,4,2.6769114705985384,0,0,C2,C3
614,23,Female,37743,8,89.34732294445304,Health,15,4,1.8995414987712145,0,1,C1,C3
615,59,Male,59888,6,118.76830843578227,Home,9,4,0.0700722430753459,0,1,C1,C2
616,36,Male,64063,3,115.18065353734436,Books,12,4,5.019153280213913,0,1,C2,C3
617,36,Female,25886,5,135.95467681154716,Electronics,13,5,1.199738195298192,1,1,C1,C2
618,42,Male,38559,5,93.6732891051987,Clothing,11,6,0.1770723472093786,0,0,C1,C2
619,39,Male,38462,5,87.17706731094268,Health,6,5,0.0124938128238715,0,1,C1,C2
620,37,Female,35901,3,108.3637792885782,Home,7,6,0.187876118398842,0,1,C1,C2
621,27,Female,62442,7,88.78411061520049,Books,12,6,1.8212454639579947,0,0,C1,C2
622,39,Female,47092,3,89.43877773948525,Books,14,3,0.0218768885334191,0,1,C1,C2
623,53,Male,46032,0,95.95796812136328,Electronics,13,2,0.2654605477124683,0,1,C1,C2
624,48,Female,19942,6,133.0549791163376,Health,8,7,1.4159522210471722,0,0,C1,C2
625,50,Male,59531,6,114.07931610257252,Electronics,6,3,0.8821563357293444,0,1,C1,C2
626,29,Female,31411,4,116.176408045557,Clothing,10,3,1.526640741902792,1,1,C1,C2
627,25,Male,50898,5,132.15708673616493,Clothing,5,2,1.3710137223328265,1,1,C1,C2
628,33,Female,54160,9,118.0506592015065,Clothing,12,6,0.0519265339169712,1,1,C1,C2
629,35,Female,70409,5,77.37188779729925,Books,4,5,2.2303706611882443,0,1,C2,C3
630,45,Female,30367,4,117.74764728282268,Health,15,8,0.2575174140141183,1,1,C1,C2
631,18,Female,4707,3,120.28509714230516,Electronics,13,7,0.8060750123341328,0,0,C1,C2
632,50,Male,52757,6,113.0372970538619,Electronics,8,5,1.03363430434301,0,1,C1,C2
633,33,Female,77007,2,96.09116252414232,Clothing,8,4,0.184678184523149,0,1,C1,C2
634,30,Female,68584,6,110.92663412003502,Health,6,4,3.7393838682114646,0,0,C2,C3
635,24,Male,53144,6,99.59520557404709,Health,10,3,0.6697353020761853,1,1,C1,C2
636,18,Female,42625,6,80.43823247503101,Home,12,3,0.0593707722866276,0,0,C1,C2
637,43,Male,62106,5,85.40732709329684,Health,11,3,2.768788668045586,0,1,C2,C3
638,35,Female,35396,3,114.07445637798564,Health,7,3,0.8825364787634392,0,1,C1,C2
639,22,Female,57145,4,81.88359641154315,Electronics,7,4,1.201287074068296,1,0,C1,C2
640,22,Female,57582,4,83.76892913047472,Health,12,4,0.7448106275175573,0,1,C1,C2
641,31,Male,65903,5,115.06768919969385,Health,9,8,1.800222911995817,1,0,C1,C3
642,51,Female,91394,4,102.6757812573021,Electronics,6,5,0.0336948097998532,0,1,C1,C2
643,32,Female,55886,4,111.54386634375456,Health,14,8,0.3124917911109023,0,1,C1,C2
644,19,Female,42365,5,75.41964126893629,Electronics,14,4,0.6342150139550267,0,1,C1,C2
645,32,Male,49616,5,110.98859014871528,Home,8,5,0.0796966852193972,0,1,C1,C2
646,32,Male,23463,5,86.79943702178514,Books,11,4,1.2238581107505786,0,0,C1,C2
647,8,Female,39579,7,79.6623202890431,Electronics,11,4,0.5003200247522974,0,1,C1,C2
648,34,Male,43860,3,89.89310215599406,Electronics,10,3,0.3183722210592678,0,0,C1,C2
649,32,Female,42138,2,127.24129913854956,Health,16,7,0.0033845680022833,0,1,C1,C2
650,41,Female,52285,4,92.71091730102115,Electronics,9,8,1.2723598299101335,0,1,C1,C2
651,53,Female,37663,4,144.0278142457587,Clothing,11,2,1.794619408194765,0,1,C1,C2
652,46,Female,66815,6,58.75643790503706,Clothing,9,3,0.5025938243224151,0,1,C1,C2
653,32,Female,50003,3,69.07444162037174,Home,9,5,0.8306131079726682,0,1,C1,C2
654,23,Female,49860,5,126.48370474291116,Electronics,10,4,0.2583648863609494,0,1,C1,C2
655,60,Female,45081,5,131.51209118311468,Health,15,4,0.9733840938656674,0,1,C1,C2
656,35,Male,52327,5,82.73085525623213,Health,7,3,0.0122117187628394,0,0,C1,C2
657,35,Male,62376,5,101.3778723344571,Books,13,5,0.670689056920644,0,0,C1,C2
658,34,Male,36993,3,114.24379837006552,Home,9,4,1.033401910953669,0,1,C1,C2
659,36,Male,40128,10,95.4124862527049,Health,17,4,2.5033774686667933,1,1,C2,C3
660,33,Male,45444,5,102.99734182775556,Books,10,3,0.4801926690572315,0,1,C1,C2
661,29,Male,29811,4,100.2186602648638,Health,9,5,1.4489794669456326,1,1,C1,C2
662,29,Male,37711,4,70.37106040694418,Books,4,8,0.9105249607834714,0,1,C1,C2
663,34,Female,42856,7,93.10677428075964,Clothing,13,4,2.617461782082287,0,1,C2,C3
664,29,Female,63115,3,100.24730190273064,Clothing,8,7,0.5081253987561302,0,0,C1,C2
665,27,Female,53938,6,102.06243668216112,Health,11,7,0.3843329824470052,0,1,C1,C2
666,36,Female,52903,2,65.3898778276182,Home,11,8,2.1816248760977257,0,1,C2,C3
667,32,Male,62763,4,115.07387799108022,Electronics,3,6,0.0504982435855723,0,1,C1,C2
668,50,Male,47939,4,102.58987305792188,Home,18,6,0.1466286663271361,1,0,C1,C2
669,8,Female,55856,4,78.89227557316532,Home,10,7,0.085998545986026,0,1,C1,C2
670,45,Female,48451,8,135.98128468047307,Electronics,10,3,1.852210079359968,0,0,C1,C3
671,47,Male,53980,5,93.06830836762362,Clothing,7,5,0.0106640831177464,0,0,C1,C2
672,14,Female,41258,8,94.3670523549014,Clothing,5,8,1.97802029434007,0,0,C1,C3
673,31,Female,13417,5,112.83418490382654,Electronics,6,6,0.6001447440411667,0,0,C1,C2
674,31,Female,47985,7,137.68002275139716,Books,9,8,0.0040334020950986,0,1,C1,C2
675,20,Female,71341,8,113.62079192089044,Home,9,6,0.5135713518497647,0,1,C1,C2
676,27,Male,63893,3,116.5221967338774,Health,8,7,0.2067792314697931,0,1,C1,C2
677,23,Female,64480,4,79.96756269019204,Clothing,11,6,0.9792318294980809,0,1,C1,C2
678,52,Female,68541,6,101.7391940407434,Health,6,6,1.1374325065858526,0,1,C1,C2
679,44,Male,51329,4,89.35476547656849,Electronics,14,5,0.6685083653288206,0,1,C1,C2
680,47,Male,52959,4,114.08259696098553,Health,10,7,0.0413633133398437,0,1,C1,C2
681,42,Female,40735,6,115.9393159101985,Health,9,6,1.0674881230256466,0,0,C1,C2
682,23,Male,45258,2,132.66459033039882,Home,10,7,1.845405741944574,0,1,C1,C3
683,29,Female,59236,4,56.83316166221738,Electronics,7,6,1.2741244802760854,0,1,C1,C2
684,39,Female,68058,2,87.3884367536736,Health,11,4,1.771709337006797,0,0,C1,C2
685,22,Male,47908,8,126.00497888504084,Clothing,7,2,0.2237806586626117,1,1,C1,C2
686,42,Female,43247,7,71.96940306134962,Electronics,18,7,2.197216034281055,0,0,C2,C3
687,32,Female,50007,2,116.11302065787343,Clothing,9,5,0.3888933571942623,0,0,C1,C2
688,31,Female,59018,5,122.680010016295,Books,13,4,0.0134954698335603,0,1,C1,C2
689,42,Female,28342,6,99.4332030926708,Health,6,3,1.8540071528447952,0,1,C1,C3
690,39,Male,15557,7,71.57070625686949,Electronics,12,7,2.84423543716578,1,1,C2,C3
691,31,Male,41741,7,97.56960643599524,Clothing,14,7,1.065830135795868,0,0,C1,C2
692,46,Female,31689,7,129.17362674917447,Health,9,6,0.2632322606696763,0,1,C1,C2
693,24,Male,42377,6,130.78034750510832,Home,12,6,0.2900107340575579,0,1,C1,C2
694,41,Female,47783,5,104.1576075355538,Clothing,7,4,0.628470306685342,0,0,C1,C2
695,40,Female,43201,5,80.45524622570478,Clothing,13,4,2.281127753151081,0,1,C2,C3
696,31,Female,71787,8,134.7679438809882,Books,10,1,0.1620456957817606,0,0,C1,C2
697,38,Female,54901,7,116.41845758219418,Home,5,7,1.7485486669831312,0,0,C1,C3
698,22,Female,54507,4,81.76980062646257,Books,13,3,0.3443269363530525,0,0,C1,C2
699,44,Male,59333,5,106.85037942281016,Home,10,6,1.6533175425378526,0,0,C1,C2
700,33,Female,32917,8,105.93496961956316,Clothing,5,5,2.5291243732946884,0,1,C2,C3
701,29,Male,65586,5,87.26409796900886,Books,8,5,0.5577318396709771,0,0,C1,C2
702,45,Male,48863,2,106.9621362942942,Health,11,7,0.454210053516191,0,1,C1,C2
703,27,Female,60057,3,122.12373676247762,Home,15,2,1.6206066460436184,1,1,C1,C2
704,20,Female,33922,7,94.0750160247152,Clothing,10,6,0.7539229388531343,0,1,C1,C2
705,19,Female,26693,3,124.16538183176108,Electronics,11,2,1.1534351154698153,1,0,C1,C2
706,41,Female,62268,8,64.89290861359672,Home,10,2,0.9750572417284652,0,0,C1,C2
707,22,Female,55646,1,144.36533986241733,Home,7,5,0.1659233599354171,0,0,C1,C2
708,52,Male,36469,5,101.14702539959364,Health,16,3,1.8629785616255308,0,1,C1,C2
709,14,Female,36955,3,121.46041989607244,Home,9,6,0.217876336742611,0,0,C1,C2
710,51,Female,66881,5,104.37222973069412,Home,10,5,2.692405383039161,1,0,C2,C3
711,37,Male,32158,5,83.52954766286047,Health,13,2,0.288444084605508,1,1,C1,C2
712,34,Male,74640,2,99.27246752680992,Health,13,2,1.323811601389082,0,1,C1,C2
713,29,Female,36490,7,61.81057964197486,Books,8,5,0.3349908852551573,0,1,C1,C2
714,38,Male,59575,2,113.7677386142562,Clothing,12,6,0.3824110204647681,0,1,C1,C2
715,34,Female,45070,4,103.87529157289642,Clothing,3,5,0.3710663665861839,1,1,C1,C2
716,46,Male,59047,5,96.16885683063512,Books,8,5,1.377898719461335,0,1,C1,C2
717,36,Male,41838,4,115.05399142151276,Clothing,12,6,0.8137682550726258,0,1,C1,C2
718,36,Female,47558,4,100.75046523186386,Home,13,5,2.145175066448556,0,1,C2,C3
719,31,Male,50613,5,112.13659744565147,Books,8,4,0.3672632588262784,0,1,C1,C2
720,34,Male,34967,4,119.24633157760287,Books,5,5,1.1776312172667491,0,1,C1,C2
721,38,Male,61112,4,89.01543721009203,Clothing,14,6,1.3981588654737391,0,0,C1,C2
722,17,Male,42301,5,83.2917943521635,Electronics,8,6,0.1642641138346567,1,1,C1,C2
723,21,Male,46571,7,65.54879850495061,Clothing,15,5,0.5118083687013316,0,1,C1,C2
724,42,Male,35084,6,102.45121597655717,Electronics,7,8,0.659359457773321,0,1,C1,C2
725,36,Female,11564,6,109.04194576901376,Books,7,4,0.4395712512370031,0,1,C1,C2
726,33,Female,47134,8,73.52769203021921,Electronics,12,8,0.3887740755839567,0,0,C1,C2
727,35,Male,86189,5,128.40759696056702,Home,7,5,1.1597004300106075,0,1,C1,C2
728,38,Female,61769,2,83.55329057294551,Health,12,6,0.243175862001448,0,1,C1,C2
729,29,Female,49711,4,57.929998165489984,Electronics,12,3,1.2357756813163392,0,0,C1,C2
730,27,Female,46056,6,129.89645799784654,Health,10,5,2.734048184826359,0,1,C2,C3
731,36,Male,50336,3,60.5397000003032,Home,15,6,0.8328634226882038,0,1,C1,C2
732,25,Female,58206,3,119.2835754676685,Health,10,6,0.9452928486979292,0,1,C1,C2
733,39,Male,32287,5,114.42239041751704,Home,5,2,0.0714237187365467,0,1,C1,C2
734,17,Female,66714,5,106.39108202439756,Health,16,5,1.998613200182887,0,0,C1,C3
735,45,Male,60730,6,89.54450103566873,Health,14,3,0.3360992082847465,0,1,C1,C2
736,39,Male,60772,2,110.05594589051154,Clothing,9,9,0.9546448510027968,0,0,C1,C2
737,37,Female,56577,6,120.96969747409102,Electronics,18,7,3.868588574045096,0,0,C2,C3
738,44,Female,50294,4,80.28379007049054,Health,7,2,0.9051099716088504,0,1,C1,C2
739,51,Male,60092,3,119.52747345958969,Books,11,7,1.2899283297026678,0,1,C1,C2
740,45,Female,58877,4,118.61749023874488,Clothing,11,7,0.5893632198147314,0,1,C1,C2
741,16,Female,44689,2,105.86102181843113,Electronics,10,4,0.0622646747029915,0,1,C1,C2
742,22,Female,41395,6,89.24050243837775,Clothing,12,6,1.597506127590733,0,1,C1,C2
743,28,Male,51527,8,118.70914729697552,Electronics,7,5,0.0356259768811628,0,1,C1,C2
744,35,Male,73235,5,110.16625912325048,Home,7,6,1.206167974910359,0,1,C1,C2
745,40,Female,31413,6,79.68080673610865,Health,9,4,0.0231883570286613,0,0,C1,C2
746,27,Female,27987,5,92.65288382463504,Books,5,4,1.9827159028498784,0,1,C1,C3
747,36,Female,52471,5,116.381098768414,Clothing,12,5,0.1715430966568696,0,1,C1,C2
748,27,Male,50763,6,102.29161234201688,Clothing,9,3,0.72210544377281,0,0,C1,C2
749,28,Male,52600,4,121.71965788890653,Clothing,13,7,0.9091927435084998,0,1,C1,C2
750,20,Female,53659,4,93.16706608703208,Clothing,14,4,0.6116508972980697,0,1,C1,C2
751,25,Female,46651,5,80.002094155038,Health,11,5,0.416672915617374,1,1,C1,C2
752,21,Female,72347,5,143.87205231220142,Electronics,11,7,0.6307627832213182,0,1,C1,C2
753,25,Female,25986,4,66.38209834507018,Health,11,5,0.373117606470643,1,1,C1,C2
754,45,Female,37572,4,90.00320805196672,Home,8,5,0.5764711522205479,1,1,C1,C2
755,25,Female,48451,7,105.59496001399968,Health,8,8,0.4445900918005845,0,1,C1,C2
756,61,Male,25352,5,119.72167782955422,Health,11,7,0.8351827998469985,0,0,C1,C2
757,39,Female,47362,4,112.92898737084522,Home,12,3,0.2717092036348539,0,1,C1,C2
758,36,Male,74922,3,146.22518009885758,Health,14,5,4.479115227350448,0,1,C2,C3
759,26,Female,50313,9,97.64803094683737,Electronics,11,8,0.6948886027200707,0,1,C1,C2
760,42,Female,53460,6,82.54033477298947,Books,11,4,0.2158726453001428,0,1,C1,C2
761,29,Male,31097,6,95.606079515671,Home,17,4,0.648301451298093,1,1,C1,C2
762,36,Male,40754,4,93.6004694129795,Clothing,6,4,2.013018269238574,0,0,C2,C3
763,60,Male,44372,7,98.6340970541972,Electronics,12,3,0.0220480754158121,0,1,C1,C2
764,34,Male,45234,6,80.35023754201441,Books,9,6,1.1380418752486676,0,1,C1,C2
765,46,Female,69224,6,115.68112076500714,Electronics,9,6,0.7940018556566512,0,1,C1,C2
766,27,Male,58365,2,107.4166041867242,Electronics,3,8,0.1857971830354974,0,1,C1,C2
767,34,Female,33328,6,74.72238341851778,Clothing,10,6,1.700876014593175,0,1,C1,C2
768,52,Male,53697,4,119.36050151741168,Books,8,4,0.4602665843031319,0,1,C1,C2
769,28,Female,57473,7,83.7703692603099,Electronics,11,2,0.3478596683544918,0,1,C1,C2
770,53,Female,67102,8,76.34368995391422,Clothing,6,8,1.7609889268202576,0,1,C1,C3
771,42,Female,73708,6,101.746574078433,Home,10,4,1.0175625238545645,0,1,C1,C2
772,29,Female,34773,3,64.8431310120138,Clothing,9,4,2.2853257330900822,0,1,C2,C3
773,41,Female,37837,4,111.79006099754496,Health,10,7,0.9939380083281264,0,1,C1,C2
774,44,Female,31136,5,43.22319338433613,Clothing,7,5,1.350223441562712,0,0,C1,C2
775,41,Male,46489,3,79.41274620022725,Clothing,2,4,1.8106114336562389,0,1,C1,C2
776,19,Female,56995,5,131.50274642175822,Clothing,10,7,0.0562948718807636,0,0,C1,C2
777,27,Male,64810,8,86.26681581653364,Electronics,11,9,1.4963278173973718,0,1,C1,C2
778,32,Male,48860,8,89.76829589587403,Books,7,3,0.9511577887661734,0,1,C1,C2
779,34,Female,45202,5,125.47330108260876,Clothing,7,7,0.0720415817798491,0,1,C1,C2
780,41,Male,52276,5,84.14272789855363,Clothing,9,5,0.7104518908622437,0,1,C1,C2
781,36,Female,37472,8,115.26876362778953,Health,8,5,0.0860570085266172,0,1,C1,C2
782,21,Male,81343,5,123.48376330118644,Health,5,7,1.3316062023592068,0,1,C1,C2
783,38,Female,25885,4,109.57060628299809,Home,11,8,0.7907637887017456,0,0,C1,C2
784,41,Male,52771,3,71.1020535407148,Home,13,4,3.069885667927229,0,1,C2,C3
785,40,Female,80354,7,87.92028281568247,Health,3,4,0.2022818913291135,0,1,C1,C2
786,45,Female,50101,4,154.27239555057994,Books,8,3,0.9314892781628832,0,1,C1,C2
787,43,Female,47149,4,90.18952694936854,Home,4,5,0.2377270435981772,0,0,C1,C2
788,39,Female,44638,5,159.72658751152858,Books,6,2,0.952086277906526,0,0,C1,C2
789,34,Male,47294,3,134.17928104059786,Health,6,5,1.282473959327896,0,1,C1,C2
790,18,Female,70592,5,110.38139078744442,Home,11,3,1.281229474742433,0,0,C1,C2
791,39,Male,16822,4,105.94468544995031,Clothing,5,5,1.6877994835407286,0,1,C1,C2
792,37,Male,73001,6,90.70353289745798,Health,3,2,1.921072762270321,1,1,C1,C3
793,37,Male,28640,5,98.22174818193076,Home,7,7,0.0804204824775614,0,1,C1,C2
794,22,Female,46000,5,86.22551686951454,Books,12,4,0.4204779749639037,1,0,C1,C2
795,24,Male,43561,2,98.72747192360794,Books,9,4,1.161943603923388,0,0,C1,C2
796,45,Male,58828,5,72.75610217234694,Home,14,7,0.6903237449905314,0,0,C1,C2
797,34,Male,26028,3,71.68457973888351,Books,12,6,0.2115558818728301,0,1,C1,C2
798,41,Female,56932,3,126.0203132530942,Home,9,4,0.8045471641817836,0,0,C1,C2
799,35,Female,80364,5,67.75380528041167,Home,10,3,0.5232958089433821,0,1,C1,C2
800,35,Male,29552,4,117.72276306988265,Books,3,6,0.4943590740366188,0,1,C1,C2
801,44,Female,52845,3,62.11235608148184,Electronics,7,5,1.659435822171922,0,1,C1,C2
802,29,Female,40070,4,112.5927520605118,Clothing,14,6,0.5235703840201684,0,1,C1,C2
803,35,Male,56388,2,95.8483130971392,Health,9,5,0.0268107223192791,0,1,C1,C2
804,30,Male,50287,6,126.42632405606808,Clothing,11,4,0.059817245404288,0,1,C1,C2
805,30,Female,40377,7,93.36011082239848,Health,10,5,1.9396381510618956,1,0,C1,C3
806,31,Male,57318,3,59.80919889657066,Health,7,6,3.2340100215830154,0,1,C2,C3
807,37,Female,77065,5,96.23927428226663,Clothing,10,7,1.1660649283860067,0,1,C1,C2
808,30,Female,47136,4,103.1932113109585,Home,13,2,0.4531359621465951,0,0,C1,C2
809,47,Female,60796,6,97.3604471593642,Books,15,5,2.7903505870788705,0,1,C2,C3
810,26,Female,30600,6,111.5021564197954,Electronics,14,2,1.0870882058492783,0,1,C1,C2
811,33,Female,35653,2,88.71223802588554,Electronics,6,5,1.860039696701825,0,1,C1,C3
812,30,Female,57086,2,74.73193674908788,Electronics,16,7,1.45180318340531,0,1,C1,C2
813,49,Male,72261,5,80.00702231371552,Clothing,10,4,0.4766485632355361,0,1,C1,C2
814,36,Male,55334,2,89.68465310940925,Clothing,9,7,0.6514338090677187,0,1,C1,C2
815,45,Female,45304,7,89.51302767503293,Home,15,6,0.2059572779636394,0,0,C1,C2
816,20,Female,49989,4,148.1224471600654,Electronics,7,7,0.345331101363484,1,1,C1,C2
817,37,Female,31243,5,125.10210833166168,Home,12,6,1.5056440992031934,0,1,C1,C2
818,43,Male,59067,7,113.73418408697133,Electronics,8,3,2.244112355485334,0,1,C2,C3
819,35,Female,63234,5,108.92025021457076,Clothing,9,4,1.2890240064466048,0,1,C1,C2
820,45,Male,43218,7,105.99544471204273,Books,16,5,0.625813251449679,1,1,C1,C2
821,29,Female,42949,1,106.10001090419458,Books,18,3,0.0904820498381556,0,0,C1,C2
822,49,Female,53988,3,103.26572106160263,Books,5,5,0.0586338003093877,0,0,C1,C2
823,57,Male,43449,4,100.80238164873155,Books,12,5,0.4689251144325462,1,1,C1,C2
824,31,Male,49008,9,58.16271810898265,Health,12,8,0.6232885589757537,0,0,C1,C2
825,30,Female,81495,4,92.61745453855012,Electronics,6,5,0.9393562633008692,0,1,C1,C2
826,49,Female,46294,5,95.19398389703504,Books,10,6,0.0065106698762812,0,1,C1,C2
827,50,Female,44624,6,85.02053805459909,Health,9,7,4.577836232257082,0,1,C2,C3
828,29,Male,40286,6,88.87806127542396,Health,8,7,0.4524606249822081,0,1,C1,C2
829,30,Male,61162,3,106.0149803436159,Health,8,4,1.8844977403142396,0,0,C1,C3
830,32,Male,47281,3,115.3518015389992,Home,8,5,0.7656462752384294,0,1,C1,C2
831,21,Male,40259,5,105.9847292383688,Home,7,4,0.1397673151029402,0,1,C1,C2
832,25,Male,69819,7,114.84888477293912,Health,8,5,1.5973391610628105,0,0,C1,C2
833,24,Male,71294,6,115.2021606162938,Books,12,4,1.2372782403341347,0,0,C1,C2
834,27,Female,40993,6,94.00588812944292,Electronics,18,6,0.7495822712054481,0,0,C1,C2
835,34,Female,22001,4,110.506149250043,Clothing,14,5,0.7226853511619103,1,1,C1,C2
836,37,Male,65112,7,65.07255040752639,Home,8,5,0.0915448439132482,0,1,C1,C2
837,50,Female,39730,4,92.31349546282456,Books,11,8,1.0666746150033173,0,1,C1,C2
838,25,Female,61859,8,89.962968210674,Books,8,3,2.421877269066069,0,1,C2,C3
839,44,Male,20448,5,130.62653604628466,Clothing,12,5,0.097882897549859,0,0,C1,C2
840,32,Female,63388,5,106.74174585467362,Clothing,4,6,0.3058615905851135,0,0,C1,C2
841,34,Male,31832,4,73.31091837694167,Books,7,3,2.325935334748945,0,0,C2,C3
842,41,Male,60961,5,111.89167609551114,Clothing,17,5,0.3345555483899283,0,1,C1,C2
843,23,Female,50214,2,118.19566690202323,Books,9,4,1.0611537200065908,0,0,C1,C2
844,38,Male,35690,3,98.20672156920732,Clothing,7,7,0.7653269066991971,0,0,C1,C2
845,36,Male,43894,7,113.80511858245606,Clothing,5,4,0.9071516334559644,0,1,C1,C2
846,39,Male,60294,5,50.085852324350704,Books,12,4,0.5374928915664522,0,1,C1,C2
847,37,Male,51588,6,46.013553011354006,Health,5,5,0.3566627590896981,0,0,C1,C2
848,59,Male,58766,7,76.42661527404957,Books,7,4,0.0497507486491657,0,1,C1,C2
849,28,Male,79646,2,102.98079401249996,Electronics,11,4,1.3636758562256774,0,0,C1,C2
850,29,Male,26536,7,130.64327539217095,Clothing,10,5,1.3707890410725994,0,1,C1,C2
851,28,Male,74258,5,77.47144622234488,Home,10,4,1.110864258700261,0,0,C1,C2
852,29,Female,51565,5,82.92645183424126,Clothing,11,5,1.0317963918067652,1,0,C1,C2
853,28,Female,36518,7,101.77212781449497,Electronics,5,5,0.2793398089848541,0,1,C1,C2
854,46,Female,30045,6,90.1536241004193,Home,10,5,0.0225983641706959,0,0,C1,C2
855,49,Male,47163,5,89.01618461406352,Home,11,6,1.6539928913236264,0,1,C1,C2
856,29,Male,63824,0,91.57050325137416,Books,8,4,0.6755794717676402,0,1,C1,C2
857,26,Female,48086,7,126.29576983038037,Health,9,3,0.3664917294375419,0,1,C1,C2
858,39,Female,72667,5,122.32268577476243,Books,8,6,0.1075093859161441,0,1,C1,C2
859,29,Female,28232,5,100.46938644585232,Home,18,7,0.0647749127040036,1,0,C1,C2
860,41,Male,49818,6,133.08960547839288,Home,8,4,0.4290409293023451,1,0,C1,C2
861,37,Female,31214,8,110.1805670813595,Health,14,5,1.6334082428636147,0,1,C1,C2
862,19,Female,55454,4,123.0778826907698,Clothing,8,5,2.509901424830963,0,1,C2,C3
863,50,Male,63303,6,82.78906854902743,Health,9,5,2.2706152638197605,0,1,C2,C3
864,52,Female,43688,4,86.92645892503884,Books,3,6,2.52573907873338,0,1,C2,C3
865,28,Male,10936,1,86.71235417008063,Clothing,12,2,2.3829857486245216,0,0,C2,C3
866,31,Male,52984,3,98.26555501717,Books,9,6,0.7491351653612833,0,1,C1,C2
867,37,Male,56551,4,101.19826474182524,Health,7,3,0.2477124584574486,0,1,C1,C2
868,38,Female,56064,5,106.4835461719399,Clothing,10,5,1.5997182162781407,0,1,C1,C2
869,41,Female,68536,4,139.4620973616381,Health,11,6,0.2404333812686933,0,1,C1,C2
870,55,Male,33934,5,114.42556258498097,Electronics,12,5,0.3108923957432573,1,0,C1,C2
871,33,Female,60203,2,89.70416601000687,Home,8,3,0.2656001125508391,1,1,C1,C2
872,27,Female,67887,2,99.93451241888351,Clothing,9,8,0.7235701076632193,0,1,C1,C2
873,21,Female,23321,5,130.0988437823041,Home,9,7,0.3883536106692014,0,0,C1,C2
874,27,Female,54794,5,115.63759685208244,Electronics,11,6,0.1674203922118977,1,0,C1,C2
875,34,Male,42437,5,129.8356432684812,Clothing,10,5,0.6036235503947487,0,0,C1,C2
876,52,Female,48777,6,90.346334727053,Home,7,4,2.070737442775312,0,0,C2,C3
877,29,Male,55215,4,85.76676922847389,Home,11,7,0.8452566067136965,0,0,C1,C2
878,37,Male,42691,9,86.05910597281155,Clothing,13,5,2.1064888927703143,1,1,C2,C3
879,34,Female,39864,7,91.9602701772773,Home,9,7,0.2179970486559959,0,1,C1,C2
880,46,Male,50512,2,78.73433980459012,Home,8,4,0.182690273168548,0,1,C1,C2
881,60,Female,33691,3,105.9038612341684,Clothing,7,4,0.8570249757174206,1,0,C1,C2
882,29,Female,33712,4,106.2477448682329,Home,6,8,0.622369851717524,0,1,C1,C2
883,30,Male,60190,6,126.77555940842124,Home,8,5,1.079317559880417,1,1,C1,C2
884,45,Male,32768,7,64.79474998839981,Books,15,3,1.5829264234261229,0,1,C1,C3
885,41,Male,59994,4,81.11744887075159,Books,6,4,1.3915372637545558,0,0,C1,C2
886,53,Male,56938,5,116.11160949061454,Electronics,10,5,2.851825431565663,0,1,C2,C3
887,40,Female,24112,5,103.66946237423134,Books,12,2,0.5079238532390111,0,1,C1,C2
888,31,Female,39836,3,100.8960491277588,Books,10,5,0.2311590173145492,0,1,C1,C2
889,40,Female,67911,3,125.27707679820242,Electronics,8,5,0.8005378443477302,0,0,C1,C2
890,46,Male,35282,7,79.8009159464768,Home,14,6,0.1173691315415947,0,1,C1,C2
891,43,Male,43033,3,85.42541214691954,Home,14,4,0.3408734805658699,0,1,C1,C2
892,40,Male,56930,8,83.06976311112778,Books,7,8,0.2330525527911681,0,1,C1,C2
893,45,Female,61750,8,59.74183912213287,Electronics,10,4,0.5051148228039356,0,1,C1,C2
894,46,Male,46226,5,102.6563506683253,Home,13,5,0.1179016895729733,0,1,C1,C2
895,48,Female,41037,5,89.54294825927425,Health,13,3,0.0323597180310203,0,1,C1,C2
896,41,Male,71335,3,85.34198383016445,Clothing,8,6,1.0694244424941977,0,1,C1,C2
897,33,Female,76083,3,81.73149747365395,Clothing,16,9,0.9422471495975392,0,0,C1,C2
898,36,Female,64682,6,99.64506615163212,Clothing,10,6,1.232231465849565,0,1,C1,C2
899,47,Male,51279,5,84.02920970882478,Books,18,5,1.079946896812456,0,1,C1,C2
900,26,Male,37876,4,104.4313505521648,Clothing,9,5,0.1213709809259471,0,0,C1,C2
901,38,Female,37543,6,109.18360334669728,Clothing,13,7,0.3440110158689566,0,0,C1,C2
902,31,Female,57837,3,94.10844719000008,Health,15,7,0.1387180887653618,0,1,C1,C2
903,35,Male,56275,12,92.75064720481149,Home,11,8,1.851333705951702,0,1,C1,C3
904,47,Male,71023,1,103.7098200063698,Health,7,5,1.3739850538724632,0,0,C1,C2
905,36,Female,59756,6,99.42300559731464,Books,6,9,0.2250541289536601,0,0,C1,C2
906,35,Male,27453,1,126.60318710709456,Clothing,14,3,0.4175011118077967,0,1,C1,C2
907,21,Female,65779,6,106.36531075120408,Home,7,4,3.3996483499579155,0,1,C2,C3
908,42,Female,35029,1,121.9117200054862,Clothing,11,3,0.9017947035242136,0,1,C1,C2
909,41,Male,44240,4,112.21022004718029,Clothing,14,4,1.6152326560834596,1,1,C1,C2
910,56,Male,53753,3,73.63163719747222,Books,9,6,0.3073285192302443,0,1,C1,C2
911,31,Male,79935,3,88.83470248388703,Clothing,11,7,0.235789323333578,0,1,C1,C2
912,37,Male,96648,5,99.03805153914684,Electronics,8,6,1.532092356559853,0,1,C1,C2
913,37,Male,59100,5,117.36888621191864,Home,12,6,1.1579561820176971,1,1,C1,C2
914,50,Female,47252,5,138.55625994877144,Home,14,5,1.1424949911666935,0,1,C1,C2
915,34,Female,58017,9,90.3170573822558,Electronics,5,6,0.8043795280167779,0,1,C1,C2
916,37,Male,63314,3,101.10512196573352,Books,12,5,0.8291463992531081,0,1,C1,C2
917,41,Male,45189,3,115.99822563376772,Clothing,9,7,1.330661018544906,0,1,C1,C2
918,36,Male,76928,6,98.84344983388218,Clothing,6,6,0.3147141436416341,0,0,C1,C2
919,30,Female,53451,6,132.88193555704922,Home,9,6,0.4350511904708045,0,1,C1,C2
920,36,Male,57466,3,73.04426049574982,Books,9,5,2.052891303506144,0,0,C2,C3
921,45,Male,59988,7,113.56039830933985,Books,5,7,0.3694203961097136,0,1,C1,C2
922,24,Female,56323,4,113.36426508872276,Books,12,4,0.790340188808275,0,1,C1,C2
923,36,Female,62584,1,123.0407739662746,Clothing,11,5,1.212809950488322,0,1,C1,C2
924,27,Male,40741,7,101.24102697645988,Books,3,6,9.495716214841172,0,0,C2,C1
925,46,Male,41625,7,117.8304243681166,Electronics,16,5,0.5714453117842471,1,1,C1,C2
926,19,Male,33497,2,95.01721507520875,Health,13,7,0.558778672507984,0,1,C1,C2
927,29,Female,56592,5,83.97217459474822,Books,11,4,1.848891117475387,0,1,C1,C3
928,38,Male,61684,6,81.05593977680991,Health,12,4,1.6373391122462464,0,0,C1,C2
929,50,Male,56866,9,71.17195625249153,Clothing,10,7,1.3133260274071896,1,0,C1,C2
930,34,Male,75117,3,91.17282416970296,Books,16,5,0.622184906117546,0,1,C1,C2
931,29,Female,49916,4,106.22976754114129,Home,8,5,0.3914721480603829,0,1,C1,C2
932,53,Female,60031,10,95.83735807831488,Clothing,7,4,0.9383586536048176,0,1,C1,C2
933,20,Male,33624,4,103.9593219994711,Electronics,14,4,2.0892760877399805,0,1,C2,C3
934,13,Male,44193,4,124.69758034772674,Electronics,8,6,2.152248462057956,0,1,C2,C3
935,39,Female,60433,4,89.65026903348608,Health,5,3,0.114847985337915,0,0,C1,C2
936,29,Female,62736,7,146.80592996090613,Health,9,7,0.5592288594749087,0,0,C1,C2
937,24,Female,45590,8,115.10485997981144,Home,8,6,0.624968959047861,0,1,C1,C2
938,42,Female,48926,6,96.0614855484953,Home,7,4,3.799380605728802,0,1,C2,C3
939,37,Female,27231,6,95.60795811548851,Electronics,8,6,1.13319756961382,0,1,C1,C2
940,29,Female,44644,3,79.837400864463,Books,14,5,0.5229765097901405,0,1,C1,C2
941,22,Female,63355,5,99.48566070225796,Electronics,15,4,0.0264034083024128,0,1,C1,C2
942,43,Female,58628,6,56.76807733522927,Electronics,12,4,0.8332950656295561,0,1,C1,C2
943,41,Female,57509,2,125.11532350537118,Home,10,5,0.1010099659695817,0,1,C1,C2
944,34,Male,50746,8,43.66778399965463,Health,5,6,1.798481757349308,0,1,C1,C3
945,53,Male,50105,5,100.83501946735696,Home,10,6,1.396420096059719,0,0,C1,C2
946,24,Male,40095,4,77.12021997353256,Home,7,5,0.617129472941854,0,1,C1,C2
947,19,Female,60482,4,85.97642696152714,Home,9,6,0.5607352785292221,0,1,C1,C2
948,28,Male,56314,2,88.55696134154911,Electronics,13,6,2.2763226456175647,0,1,C2,C3
949,34,Female,57380,5,138.5125225492389,Books,10,5,0.3403213254537991,0,1,C1,C2
950,37,Female,42109,5,77.9349858905932,Electronics,9,6,0.2863762082727012,0,0,C1,C2
951,32,Male,17699,4,118.28519089588248,Clothing,10,4,2.8001232676409,1,0,C2,C3
952,38,Female,66457,2,123.20803658534685,Home,9,7,1.6567697833859312,1,1,C1,C2
953,22,Male,42817,4,53.23143599513805,Home,14,5,1.7182799987716664,0,0,C1,C2
954,49,Male,37058,4,87.69294466477132,Clothing,10,6,0.2171537936273398,0,1,C1,C2
955,34,Male,60402,1,129.689181856514,Home,13,5,0.1546628009416503,0,0,C1,C2
956,46,Female,44119,8,73.70453098561093,Home,12,4,0.0263743144211156,0,1,C1,C2
957,38,Male,65899,4,123.96552073289271,Home,6,5,0.2705516514300657,0,1,C1,C2
958,39,Female,59255,10,99.64266837197827,Clothing,13,4,1.4880635188277485,0,1,C1,C2
959,40,Male,60253,6,98.77805340864636,Electronics,6,6,0.2744873979849656,1,0,C1,C2
960,39,Male,29510,3,101.38983225439269,Home,7,5,1.3060176510235229,1,1,C1,C2
961,41,Male,68179,6,106.85143663062914,Books,9,7,0.2902296686441891,0,0,C1,C2
962,48,Female,53918,4,80.88723630611514,Clothing,14,6,0.5030104055465409,0,1,C1,C2
963,36,Female,44460,3,94.79160933694922,Health,9,6,4.084134259901576,0,0,C2,C3
964,42,Female,52150,2,107.41196827960422,Clothing,7,4,0.2807881982812135,0,1,C1,C2
965,34,Male,23356,3,103.53771678860016,Electronics,16,8,0.4721990410768991,0,0,C1,C2
966,49,Male,56129,5,106.98451125088934,Clothing,7,7,0.3582292662223089,0,1,C1,C2
967,28,Female,34559,3,85.62625911702233,Health,10,6,0.1161125413305402,0,1,C1,C2
968,53,Female,29709,4,112.64598419566602,Books,6,4,0.6731370103529227,1,0,C1,C2
969,34,Female,27164,3,102.5295135097675,Health,12,5,0.4759261943946321,0,0,C1,C2
970,20,Female,66690,6,68.38599896652156,Clothing,9,3,1.187073360417778,0,1,C1,C2
971,36,Female,40561,5,89.37256966066043,Health,15,5,1.7015233056898065,0,1,C1,C2
972,28,Female,73005,5,82.0899095938279,Clothing,6,3,0.7858102389740568,0,1,C1,C2
973,43,Male,41962,4,81.83243814058628,Books,12,5,0.0327261276751513,1,1,C1,C2
974,28,Female,24389,4,90.4703973909714,Books,9,6,0.9647521352074976,0,1,C1,C2
975,30,Male,33252,6,112.26943873383556,Electronics,8,5,0.0569839079126939,0,1,C1,C2
976,16,Male,68537,4,87.46415500879884,Books,11,5,0.9580410832234194,0,1,C1,C2
977,30,Female,47661,6,104.5011577051588,Home,9,7,1.1552777217216554,0,0,C1,C2
978,10,Female,41775,4,101.2232513570183,Health,6,3,0.2203569719571875,1,0,C1,C2
979,19,Male,52400,5,84.4189519138662,Health,12,6,1.711172502610869,0,1,C1,C2
980,42,Female,57526,5,93.10369738665408,Clothing,9,3,2.420075901560971,0,1,C2,C3
981,42,Female,66760,4,117.29698446597828,Books,12,2,1.6771118190332548,0,1,C1,C2
982,39,Male,71727,5,102.99612613882172,Electronics,10,4,0.3640005539789571,0,1,C1,C2
983,25,Male,44603,3,110.97655722802112,Electronics,10,6,0.8834436827345109,0,1,C1,C2
984,34,Male,30109,4,125.4499308781556,Electronics,11,5,2.462931668365255,0,1,C2,C3
985,34,Female,43798,6,108.69874108356152,Home,11,7,0.3866404974774214,0,1,C1,C2
986,23,Male,53904,6,61.58622266229355,Books,12,5,1.714953008180063,1,1,C1,C2
987,50,Female,35543,1,105.41195432231308,Electronics,7,2,0.009520305901466,0,0,C1,C2
988,43,Male,35642,3,87.63777136652851,Home,11,6,0.0036533682147718,0,0,C1,C2
989,32,Male,55156,4,136.20605220008323,Health,9,3,1.42591566150763,1,1,C1,C2
990,35,Male,49270,6,107.98538815228352,Clothing,7,6,1.433166211364496,0,1,C1,C2
991,37,Female,50491,4,88.05123405054907,Books,12,3,1.5557890369059104,0,0,C1,C2
992,14,Female,38622,3,111.3302385888238,Books,14,4,2.6596435088510555,0,1,C2,C3
993,32,Male,46543,14,101.81581805934216,Health,8,6,0.1254570061905665,0,0,C1,C2
994,28,Male,36136,5,65.64085372560385,Books,14,8,0.2639459952230902,0,0,C1,C2
995,24,Male,63352,4,117.26121562505428,Books,10,4,2.3405457722112137,0,0,C2,C3
996,32,Female,65528,5,91.88920171865844,Books,15,7,0.1950861155745167,0,1,C1,C2
997,52,Male,22307,5,128.41236585548018,Books,10,4,1.1464251234457756,0,1,C1,C2
998,41,Female,36057,7,97.5113843171238,Home,6,6,0.7560081762841273,0,0,C1,C2
999,29,Male,27552,7,128.78586967670938,Home,13,6,0.0868590360684687,0,1,C1,C2
1000,40,Male,40249,7,108.49796299811632,Clothing,6,4,0.3358415622562513,0,1,C1,C2
