,Customer_ID,Churn,Future_Purchase,Books,Clothing,Electronics,Health,Home,Female,Male,Age_Group,Annual_Income_Group,Total_Purchases_Group,Average_Purchase_Value_Group,Website_Visits_Last_Month_Group,Marketing_Emails_Opened_Group,Hours_Spent_on_Support_Calls_Group
0,1,0,1,0,1,0,0,0,0,1,4,3,2,1,3,2,1
1,2,1,1,0,0,1,0,0,1,0,4,3,2,3,3,4,1
2,3,0,1,0,0,1,0,0,0,1,5,2,2,3,2,2,1
3,4,0,1,0,0,0,0,1,1,0,6,2,1,2,2,2,1
4,5,0,1,1,0,0,0,0,0,1,4,4,3,3,2,2,1
5,6,0,0,0,1,0,0,0,0,1,4,3,3,3,2,4,3
6,7,0,1,0,0,0,1,0,0,1,6,2,3,3,4,3,1
7,8,0,1,1,0,0,0,0,0,1,5,3,3,3,3,3,1
8,9,0,1,0,0,0,0,1,1,0,4,4,2,2,4,3,1
9,10,0,0,1,0,0,0,0,0,1,5,4,2,3,1,3,2
10,11,0,1,0,0,0,0,1,1,0,4,4,1,2,2,2,1
11,12,0,0,0,0,1,0,0,0,1,4,2,2,2,3,3,1
12,13,0,0,0,0,1,0,0,0,1,4,2,2,1,4,2,1
13,14,0,1,1,0,0,0,0,0,1,2,4,2,3,1,4,1
14,15,0,1,0,1,0,0,0,1,0,2,3,2,3,3,3,1
15,16,0,0,0,0,0,1,0,0,1,3,3,4,3,2,3,1
16,17,1,1,0,0,0,0,1,1,0,3,4,3,3,2,2,1
17,18,0,1,0,0,0,1,0,1,0,4,3,3,2,3,3,1
18,19,1,0,0,0,1,0,0,1,0,3,3,2,3,2,2,1
19,20,0,0,0,1,0,0,0,1,0,3,5,1,3,3,2,1
20,21,1,0,0,1,0,0,0,1,0,5,3,2,2,4,2,1
21,22,0,1,0,0,0,1,0,1,0,4,4,2,3,2,3,2
22,23,0,1,0,0,1,0,0,1,0,4,3,2,2,2,3,2
23,24,0,1,0,0,0,1,0,1,0,3,3,2,3,4,2,1
24,25,0,1,1,0,0,0,0,1,0,3,4,3,2,2,2,1
25,26,0,1,0,1,0,0,0,0,1,4,3,3,3,3,3,1
26,27,0,1,0,1,0,0,0,0,1,3,3,3,2,3,3,1
27,28,0,1,1,0,0,0,0,0,1,4,4,2,2,2,2,1
28,29,0,0,0,0,1,0,0,0,1,3,3,2,1,2,2,1
29,30,1,0,0,1,0,0,0,0,1,4,2,1,2,3,4,2
30,31,0,0,0,0,0,0,1,1,0,3,2,2,2,2,4,1
31,32,0,1,0,0,0,0,1,1,0,6,2,1,3,2,,1
32,33,0,1,0,0,1,0,0,1,0,4,5,2,4,3,3,1
33,34,0,0,1,0,0,0,0,1,0,3,2,2,3,2,2,2
34,35,0,1,0,0,0,1,0,1,0,5,3,2,4,2,2,2
35,36,0,1,0,0,1,0,0,1,0,3,3,3,2,3,2,2
36,37,0,1,0,0,0,1,0,1,0,4,3,3,2,2,2,1
37,38,1,1,0,0,1,0,0,0,1,2,4,2,2,4,4,1
38,39,0,1,0,0,0,0,1,0,1,3,4,2,2,4,3,1
39,40,0,0,1,0,0,0,0,0,1,4,3,2,4,3,3,1
40,41,0,0,0,0,0,0,1,0,1,5,3,1,2,2,2,1
41,42,0,1,1,0,0,0,0,1,0,4,3,4,3,4,4,1
42,43,0,1,0,0,0,1,0,1,0,4,3,3,2,3,3,2
43,44,0,0,0,0,1,0,0,1,0,4,4,2,2,2,2,2
44,45,0,1,0,1,0,0,0,0,1,3,3,2,2,2,4,1
45,46,0,1,0,1,0,0,0,1,0,3,4,2,3,3,2,2
46,47,0,0,1,0,0,0,0,1,0,4,3,2,2,2,2,1
47,48,1,0,1,0,0,0,0,1,0,5,4,1,3,4,3,1
48,49,0,0,0,0,0,0,1,0,1,4,3,2,3,3,3,1
49,50,0,1,0,1,0,0,0,1,0,2,2,3,1,2,2,1
50,51,0,1,0,0,0,0,1,0,1,4,3,3,3,1,2,1
51,52,0,0,0,0,0,1,0,0,1,4,3,4,1,3,,1
52,53,0,1,0,1,0,0,0,0,1,3,3,2,1,3,3,1
53,54,0,0,0,0,0,1,0,0,1,5,3,2,2,3,3,1
54,55,0,1,0,0,1,0,0,1,0,5,4,3,2,3,2,3
55,56,0,0,0,0,0,0,1,0,1,5,3,3,3,2,2,1
56,57,0,1,1,0,0,0,0,0,1,3,3,3,2,3,2,1
57,58,0,1,0,1,0,0,0,1,0,4,4,2,3,2,2,1
58,59,0,1,0,0,0,0,1,1,0,4,3,2,2,2,2,1
59,60,1,1,1,0,0,0,0,0,1,5,5,2,3,4,2,1
60,61,0,1,0,0,1,0,0,1,0,4,3,4,3,2,3,1
61,62,0,1,0,1,0,0,0,0,1,4,2,3,3,4,2,1
62,63,0,0,0,0,0,1,0,0,1,3,4,1,2,2,3,1
63,64,0,1,0,0,1,0,0,0,1,3,3,1,2,2,2,1
64,65,0,1,1,0,0,0,0,0,1,5,4,2,2,3,3,1
65,66,0,1,0,1,0,0,0,1,0,5,4,3,2,2,1,1
66,67,0,0,0,1,0,0,0,0,1,4,3,4,2,3,3,2
67,68,0,1,0,0,1,0,0,1,0,5,2,4,2,2,2,1
68,69,0,1,0,1,0,0,0,1,0,4,3,2,3,2,4,1
69,70,0,0,1,0,0,0,0,1,0,3,2,3,3,4,3,2
70,71,0,1,0,0,1,0,0,1,0,4,3,3,3,2,3,1
71,72,0,1,0,0,0,1,0,0,1,6,3,2,3,4,2,1
72,73,0,1,0,0,1,0,0,1,0,4,4,3,2,2,3,2
73,74,0,0,0,0,1,0,0,0,1,6,3,2,3,3,3,1
74,75,0,1,0,0,0,1,0,1,0,1,2,1,3,3,2,1
75,76,0,0,1,0,0,0,0,1,0,5,3,4,1,3,3,1
76,77,0,0,0,0,0,0,1,0,1,4,4,3,2,4,3,2
77,78,0,1,0,0,0,0,1,0,1,4,3,2,2,2,3,1
78,79,1,0,0,0,0,1,0,0,1,4,3,3,3,4,3,1
79,80,1,1,1,0,0,0,0,1,0,2,3,2,3,2,4,1
80,81,0,1,0,1,0,0,0,1,0,4,2,1,3,4,4,1
81,82,1,1,0,0,0,1,0,0,1,4,3,3,1,2,3,1
82,83,0,0,0,0,0,0,1,0,1,5,3,2,2,4,3,1
83,84,0,1,1,0,0,0,0,0,1,3,3,2,2,4,3,1
84,85,1,1,0,0,1,0,0,0,1,3,2,2,2,5,3,1
85,86,0,1,1,0,0,0,0,1,0,3,3,2,3,2,,2
86,87,0,1,1,0,0,0,0,0,1,5,4,2,2,2,1,2
87,88,0,1,0,0,0,0,1,0,1,4,3,2,3,2,2,2
88,89,0,1,0,0,0,0,1,0,1,3,4,4,1,2,2,1
89,90,0,1,0,1,0,0,0,0,1,5,3,3,3,2,2,1
90,91,0,1,0,1,0,0,0,1,0,4,3,2,3,1,2,1
91,92,0,1,0,0,0,1,0,0,1,5,4,2,3,1,3,1
92,93,0,1,0,0,1,0,0,1,0,3,2,2,3,2,2,1
93,94,0,0,0,1,0,0,0,0,1,4,2,2,3,3,3,1
94,95,1,0,0,0,0,0,1,0,1,4,2,3,2,4,3,2
95,96,0,1,1,0,0,0,0,1,0,3,4,2,2,2,2,1
96,97,0,1,0,0,0,1,0,0,1,4,3,2,1,3,2,1
97,98,0,0,0,1,0,0,0,1,0,4,5,2,2,2,3,1
98,99,0,0,1,0,0,0,0,1,0,4,3,3,2,3,3,1
99,100,0,1,1,0,0,0,0,0,1,4,3,2,3,2,4,1
100,101,0,1,0,1,0,0,0,1,0,3,4,3,2,2,4,1
101,102,0,1,0,0,1,0,0,1,0,4,5,3,2,2,4,1
102,103,1,1,0,0,1,0,0,1,0,4,5,1,2,1,3,1
103,104,0,1,0,0,0,1,0,1,0,3,4,3,4,2,4,1
104,105,0,0,0,0,1,0,0,1,0,4,4,2,2,1,3,1
105,106,0,1,0,0,0,1,0,1,0,4,3,1,2,3,4,2
106,107,0,1,0,0,0,0,1,1,0,6,4,1,3,4,1,1
107,108,0,0,0,1,0,0,0,1,0,4,3,2,4,2,4,2
108,109,0,0,1,0,0,0,0,0,1,4,2,2,2,5,3,1
109,110,0,0,0,0,0,1,0,0,1,4,3,2,3,3,3,1
110,111,0,0,0,0,1,0,0,1,0,2,3,2,3,2,2,1
111,112,0,1,0,0,0,1,0,0,1,4,3,4,1,3,3,1
112,113,0,0,0,0,0,1,0,1,0,4,4,1,2,3,2,1
113,114,1,0,0,0,1,0,0,1,0,6,4,3,3,2,2,1
114,115,0,1,0,0,1,0,0,0,1,4,3,2,2,2,2,2
115,116,0,1,0,1,0,0,0,1,0,4,4,2,3,4,3,1
116,117,0,1,1,0,0,0,0,1,0,4,2,2,2,2,1,1
117,118,0,0,0,1,0,0,0,1,0,3,3,4,2,4,2,1
118,119,0,1,0,1,0,0,0,1,0,5,2,1,2,3,2,1
119,120,0,1,0,0,1,0,0,0,1,5,2,3,3,2,3,1
120,121,0,1,0,0,1,0,0,1,0,5,3,2,3,4,2,1
121,122,0,1,1,0,0,0,0,1,0,3,3,2,3,3,2,1
122,123,1,1,0,0,0,1,0,1,0,5,4,2,4,2,3,1
123,124,0,1,0,1,0,0,0,0,1,3,3,4,3,2,3,1
124,125,0,0,1,0,0,0,0,1,0,5,2,2,1,3,2,1
125,126,0,1,0,1,0,0,0,0,1,6,4,2,2,2,2,1
126,127,1,1,0,0,0,1,0,0,1,3,4,2,4,2,2,1
127,128,0,1,0,1,0,0,0,1,0,3,3,2,2,3,4,1
128,129,0,1,0,0,0,0,1,1,0,4,3,3,4,2,3,1
129,130,0,1,1,0,0,0,0,0,1,3,2,1,2,4,3,1
130,131,0,1,0,0,1,0,0,1,0,2,3,2,2,3,2,1
131,132,0,1,0,1,0,0,0,0,1,4,4,3,3,3,3,1
132,133,0,1,1,0,0,0,0,0,1,3,4,2,2,2,2,1
133,134,0,1,1,0,0,0,0,1,0,4,4,3,3,2,1,1
134,135,0,1,0,1,0,0,0,1,0,3,3,2,3,3,3,1
135,136,0,1,0,0,1,0,0,0,1,6,2,3,3,2,3,1
136,137,0,1,0,0,1,0,0,0,1,3,3,2,3,3,2,1
137,138,0,1,0,1,0,0,0,0,1,4,2,3,3,3,3,1
138,139,0,0,1,0,0,0,0,0,1,5,3,2,3,2,,1
139,140,0,0,0,0,1,0,0,1,0,3,3,2,2,2,3,1
140,141,0,1,0,1,0,0,0,1,0,4,3,2,4,3,3,1
141,142,1,1,0,1,0,0,0,1,0,5,2,4,3,3,4,1
142,143,0,1,0,1,0,0,0,1,0,2,3,3,2,2,4,1
143,144,1,1,1,0,0,0,0,1,0,4,3,3,1,2,3,1
144,145,1,0,0,0,1,0,0,0,1,4,2,2,2,1,3,1
145,146,0,0,1,0,0,0,0,1,0,5,1,1,3,2,2,1
146,147,1,0,0,0,0,0,1,1,0,3,3,4,3,3,3,1
147,148,0,0,0,0,1,0,0,1,0,3,4,2,3,3,2,1
148,149,0,0,1,0,0,0,0,1,0,5,4,2,1,2,2,1
149,150,0,1,0,0,1,0,0,1,0,4,3,2,2,3,3,1
150,151,0,1,0,0,0,0,1,0,1,4,3,2,2,3,2,1
151,152,0,0,0,0,0,1,0,0,1,4,3,1,2,3,3,1
152,153,0,1,0,1,0,0,0,0,1,3,2,1,4,3,3,3
153,154,0,1,1,0,0,0,0,1,0,4,3,3,4,4,3,1
154,155,0,1,0,0,0,0,1,0,1,4,4,2,2,3,2,1
155,156,0,0,0,0,0,0,1,0,1,3,4,1,2,2,2,1
156,157,0,1,0,0,1,0,0,1,0,6,3,2,2,2,3,1
157,158,0,1,0,0,1,0,0,1,0,4,3,3,2,4,4,1
158,159,1,0,0,1,0,0,0,1,0,3,2,2,3,3,2,1
159,160,0,0,0,0,1,0,0,0,1,5,2,2,3,1,2,1
160,161,0,0,1,0,0,0,0,0,1,3,3,2,3,4,4,1
161,162,1,1,1,0,0,0,0,1,0,5,3,2,2,1,2,1
162,163,0,1,1,0,0,0,0,1,0,5,4,2,3,2,4,1
163,164,0,0,0,0,0,1,0,0,1,3,2,2,3,3,3,1
164,165,0,1,1,0,0,0,0,0,1,5,4,2,3,4,3,1
165,166,0,1,0,0,1,0,0,1,0,4,3,3,2,2,2,1
166,167,1,1,0,0,1,0,0,1,0,5,3,3,3,2,2,1
167,168,0,1,1,0,0,0,0,0,1,6,2,2,3,3,2,1
168,169,0,1,0,0,0,0,1,1,0,4,1,4,2,4,4,1
169,170,0,1,0,0,0,0,1,0,1,3,4,3,2,2,3,1
170,171,0,1,0,0,0,0,1,0,1,3,4,2,2,3,3,1
171,172,0,0,0,1,0,0,0,0,1,3,3,2,2,2,3,1
172,173,1,1,0,0,0,1,0,0,1,4,3,2,2,2,2,1
173,174,1,1,1,0,0,0,0,1,0,4,3,4,2,2,3,1
174,175,0,1,0,1,0,0,0,1,0,4,2,3,2,4,3,1
175,176,0,1,0,0,0,0,1,0,1,5,3,1,2,3,3,1
176,177,0,0,1,0,0,0,0,0,1,4,4,2,3,2,2,1
177,178,0,1,0,1,0,0,0,0,1,5,2,2,3,4,3,1
178,179,0,0,0,0,1,0,0,0,1,4,3,1,2,2,4,1
179,180,0,1,0,0,0,0,1,0,1,7,2,2,2,2,3,1
180,181,1,1,0,1,0,0,0,1,0,5,3,3,2,2,2,1
181,182,0,1,0,0,1,0,0,1,0,3,3,2,2,2,3,1
182,183,0,1,0,0,0,0,1,1,0,3,2,4,3,3,2,2
183,184,0,1,0,0,0,1,0,1,0,4,4,2,3,2,3,1
184,185,0,1,0,0,0,0,1,0,1,4,2,2,3,1,4,1
185,186,0,1,0,0,0,1,0,0,1,5,2,2,3,4,3,1
186,187,0,0,0,0,0,1,0,0,1,4,3,2,3,4,3,1
187,188,0,0,0,0,0,1,0,0,1,4,4,2,3,1,3,1
188,189,0,1,1,0,0,0,0,0,1,3,2,3,3,2,2,1
189,190,0,1,1,0,0,0,0,1,0,2,3,2,2,3,2,1
190,191,0,1,0,0,0,1,0,0,1,4,3,1,3,2,4,2
191,192,0,0,0,0,1,0,0,1,0,5,4,4,3,3,3,1
192,193,0,1,0,0,0,1,0,1,0,4,3,2,3,2,1,1
193,194,0,1,0,1,0,0,0,1,0,3,3,4,3,5,2,2
194,195,1,1,0,0,0,1,0,1,0,4,2,2,4,5,3,2
195,196,0,1,1,0,0,0,0,0,1,4,3,2,2,3,3,1
196,197,0,1,1,0,0,0,0,1,0,3,2,1,3,4,4,1
197,198,1,1,0,1,0,0,0,1,0,4,1,2,2,4,2,1
198,199,0,0,0,1,0,0,0,1,0,4,3,3,3,2,4,1
199,200,0,0,0,0,0,0,1,0,1,3,4,3,2,2,3,1
200,201,0,1,0,0,1,0,0,0,1,4,1,1,3,3,3,1
201,202,0,1,0,0,1,0,0,0,1,5,2,2,3,4,3,1
202,203,1,1,0,0,1,0,0,1,0,5,3,2,3,2,2,1
203,204,0,0,1,0,0,0,0,1,0,5,5,2,3,2,4,1
204,205,0,0,0,0,1,0,0,0,1,3,3,3,2,2,2,1
205,206,0,1,0,0,0,0,1,1,0,3,2,2,2,4,2,1
206,207,0,1,0,0,0,0,1,0,1,5,3,3,3,4,3,1
207,208,0,1,0,0,1,0,0,0,1,5,4,2,1,3,3,1
208,209,0,1,0,1,0,0,0,1,0,5,3,2,3,3,4,1
209,210,0,1,0,0,0,0,1,1,0,,2,3,4,3,3,1
210,211,0,0,0,1,0,0,0,1,0,5,3,2,3,4,3,1
211,212,1,1,1,0,0,0,0,1,0,5,2,3,2,2,4,1
212,213,0,1,0,0,0,0,1,0,1,5,3,3,2,4,1,1
213,214,0,0,0,1,0,0,0,0,1,5,4,2,3,2,4,1
214,215,0,1,0,0,1,0,0,0,1,4,3,3,2,3,2,1
215,216,1,0,1,0,0,0,0,0,1,5,3,2,3,4,4,1
216,217,0,1,0,0,0,1,0,0,1,3,3,2,2,4,2,1
217,218,0,0,0,0,0,1,0,1,0,4,2,2,3,2,3,1
218,219,0,1,0,0,1,0,0,0,1,4,4,4,3,2,4,1
219,220,0,1,1,0,0,0,0,0,1,4,3,3,2,2,3,1
220,221,0,1,1,0,0,0,0,0,1,6,3,2,2,5,3,1
221,222,0,1,1,0,0,0,0,1,0,2,5,2,2,4,3,1
222,223,0,1,1,0,0,0,0,1,0,5,3,2,2,2,3,1
223,224,0,0,0,0,0,1,0,1,0,2,2,2,2,2,4,1
224,225,0,0,0,1,0,0,0,1,0,4,3,1,2,1,3,1
225,226,1,1,1,0,0,0,0,0,1,5,4,3,3,3,2,1
226,227,1,1,0,1,0,0,0,0,1,4,3,1,3,4,1,2
227,228,0,0,1,0,0,0,0,1,0,3,2,2,3,4,2,2
228,229,0,0,0,0,0,0,1,1,0,3,4,1,2,2,2,1
229,230,0,1,0,0,0,0,1,0,1,5,2,3,4,3,3,1
230,231,1,0,0,0,0,0,1,0,1,3,4,2,2,4,2,1
231,232,0,1,1,0,0,0,0,1,0,4,4,2,3,3,1,2
232,233,1,1,0,1,0,0,0,1,0,4,3,1,2,1,1,1
233,234,0,1,0,0,0,1,0,1,0,3,4,3,2,2,4,1
234,235,0,0,0,0,1,0,0,1,0,6,3,3,2,4,3,1
235,236,0,1,0,0,0,1,0,0,1,5,4,3,2,3,2,1
236,237,0,1,1,0,0,0,0,0,1,2,3,3,2,2,4,1
237,238,1,1,0,0,0,0,1,0,1,4,2,3,3,2,2,1
238,239,0,1,0,0,0,0,1,1,0,3,3,2,3,2,4,1
239,240,0,1,0,1,0,0,0,1,0,5,4,2,2,4,3,1
240,241,0,1,1,0,0,0,0,0,1,3,3,3,2,2,2,2
241,242,0,1,0,0,0,1,0,0,1,4,3,2,2,3,3,1
242,243,0,1,1,0,0,0,0,0,1,5,2,2,3,2,3,1
243,244,0,0,1,0,0,0,0,0,1,5,3,3,2,2,3,1
244,245,1,1,0,0,0,0,1,1,0,3,5,2,2,3,4,1
245,246,0,0,0,0,0,1,0,0,1,4,2,1,2,3,2,1
246,247,0,1,0,0,1,0,0,0,1,4,3,2,4,3,2,1
247,248,0,1,0,0,0,0,1,0,1,3,4,2,3,3,2,1
248,249,0,1,0,0,0,1,0,0,1,6,3,3,3,4,2,1
249,250,0,1,0,1,0,0,0,0,1,4,3,4,3,2,2,1
250,251,0,1,0,0,0,0,1,0,1,3,2,2,2,1,4,4
251,252,0,0,0,1,0,0,0,0,1,5,3,2,2,3,2,1
252,253,0,0,0,0,0,0,1,1,0,6,3,2,2,2,3,1
253,254,0,1,1,0,0,0,0,1,0,5,4,1,2,2,3,1
254,255,0,1,0,0,0,1,0,1,0,2,4,2,2,2,4,1
255,256,1,0,0,1,0,0,0,1,0,4,5,4,2,3,,1
256,257,0,1,0,0,0,0,1,0,1,5,3,2,4,2,3,1
257,258,0,1,0,1,0,0,0,1,0,3,3,2,3,4,4,1
258,259,0,0,0,0,0,0,1,1,0,4,3,3,3,3,3,1
259,260,0,0,0,0,0,0,1,0,1,5,3,3,2,2,4,1
260,261,0,1,0,0,1,0,0,0,1,3,3,2,2,3,3,1
261,262,0,1,0,0,1,0,0,1,0,4,3,2,2,2,2,2
262,263,0,1,0,0,1,0,0,1,0,1,3,4,2,3,3,1
263,264,0,0,0,1,0,0,0,0,1,3,4,1,3,3,3,1
264,265,0,0,1,0,0,0,0,1,0,4,2,3,2,3,2,1
265,266,0,1,0,0,0,0,1,0,1,3,4,3,2,2,2,1
266,267,0,0,0,0,0,1,0,0,1,6,4,3,3,2,3,1
267,268,0,0,0,0,1,0,0,0,1,3,3,4,3,2,4,2
268,269,0,1,0,1,0,0,0,0,1,4,1,2,3,1,1,1
269,270,0,0,0,1,0,0,0,1,0,4,3,3,3,2,3,1
270,271,0,1,0,1,0,0,0,0,1,5,4,3,2,3,3,1
271,272,0,1,0,0,0,1,0,0,1,3,3,3,3,3,4,1
272,273,0,1,0,0,0,1,0,1,0,5,2,2,3,1,4,1
273,274,0,0,0,0,1,0,0,0,1,4,3,2,2,2,3,1
274,275,0,1,0,0,0,1,0,1,0,3,4,1,4,3,3,1
275,276,1,1,0,0,1,0,0,1,0,4,3,3,4,1,2,5
276,277,0,0,0,0,0,1,0,1,0,4,3,2,3,1,3,1
277,278,1,1,0,0,0,1,0,0,1,3,3,3,3,2,3,1
278,279,0,0,0,0,0,1,0,1,0,4,3,2,2,3,4,1
279,280,0,1,0,0,1,0,0,1,0,4,2,2,2,3,3,1
280,281,1,1,0,0,0,0,1,0,1,4,4,2,3,3,2,1
281,282,0,1,0,0,1,0,0,1,0,5,3,2,2,3,3,1
282,283,0,0,0,0,0,0,1,1,0,6,4,2,3,3,2,1
283,284,0,1,0,1,0,0,0,1,0,3,4,2,3,3,1,1
284,285,0,1,0,1,0,0,0,1,0,6,4,2,2,2,2,1
285,286,0,0,0,0,1,0,0,1,0,2,3,2,2,4,2,1
286,287,1,1,0,0,0,0,1,0,1,4,3,2,2,3,4,1
287,288,1,0,0,0,0,0,1,1,0,5,3,4,3,2,2,3
288,289,0,0,0,0,0,0,1,1,0,4,2,1,2,2,2,1
289,290,0,1,0,1,0,0,0,0,1,3,3,2,2,1,4,1
290,291,0,1,0,0,1,0,0,0,1,4,2,2,3,4,3,1
291,292,1,1,1,0,0,0,0,0,1,4,4,2,2,2,1,1
292,293,0,1,0,0,0,0,1,1,0,3,3,3,3,3,2,1
293,294,0,0,0,0,0,0,1,0,1,5,3,2,1,2,2,1
294,295,0,0,1,0,0,0,0,1,0,4,3,2,3,3,2,1
295,296,0,1,0,0,1,0,0,1,0,3,3,2,2,2,2,2
296,297,0,1,0,0,0,0,1,0,1,5,3,2,2,4,3,1
297,298,1,1,0,0,1,0,0,0,1,4,3,3,3,4,2,1
298,299,0,1,0,0,0,0,1,1,0,5,4,2,3,1,2,1
299,300,1,1,0,0,0,1,0,0,1,5,2,3,3,4,4,1
300,301,0,1,0,0,0,0,1,1,0,3,3,2,2,2,3,1
301,302,0,1,0,0,0,1,0,0,1,3,4,2,2,4,4,1
302,303,0,1,0,0,1,0,0,0,1,5,2,2,2,5,3,1
303,304,0,0,0,0,0,0,1,0,1,5,2,3,2,4,3,1
304,305,1,1,0,1,0,0,0,1,0,4,3,3,3,2,3,1
305,306,0,0,0,1,0,0,0,0,1,4,3,2,3,2,2,1
306,307,0,1,1,0,0,0,0,1,0,5,3,1,2,4,2,1
307,308,0,0,0,1,0,0,0,1,0,3,3,3,3,2,3,1
308,309,0,1,0,0,0,1,0,1,0,5,3,2,2,2,3,1
309,310,1,0,0,1,0,0,0,1,0,4,4,1,3,3,3,1
310,311,0,0,0,1,0,0,0,0,1,4,3,2,3,4,4,1
311,312,0,1,0,1,0,0,0,1,0,5,3,1,2,2,3,1
312,313,0,1,0,0,0,0,1,1,0,5,4,2,4,4,3,1
313,314,0,0,1,0,0,0,0,0,1,5,4,2,2,2,3,1
314,315,0,0,0,0,1,0,0,1,0,5,3,3,3,1,4,1
315,316,0,0,1,0,0,0,0,0,1,4,2,2,3,2,4,1
316,317,0,0,0,0,0,1,0,1,0,5,4,2,3,2,4,1
317,318,0,1,0,0,0,0,1,0,1,4,3,3,3,1,2,3
318,319,1,1,0,0,0,0,1,1,0,4,1,4,3,3,3,1
319,320,0,1,0,1,0,0,0,0,1,4,4,3,2,2,2,2
320,321,0,0,0,1,0,0,0,1,0,4,3,3,3,2,2,1
321,322,1,1,0,0,0,1,0,1,0,5,3,3,3,2,4,1
322,323,0,1,0,0,0,0,1,0,1,3,3,4,3,3,1,1
323,324,1,0,0,0,1,0,0,0,1,6,3,1,2,3,4,1
324,325,1,0,1,0,0,0,0,0,1,3,4,2,3,2,2,1
325,326,0,1,0,0,0,0,1,0,1,3,3,4,4,4,3,1
326,327,0,1,0,0,1,0,0,1,0,5,3,2,2,2,2,1
327,328,0,1,0,0,1,0,0,1,0,5,3,3,3,3,2,1
328,329,0,1,1,0,0,0,0,0,1,5,4,2,2,2,2,1
329,330,0,0,0,0,1,0,0,1,0,5,3,2,2,2,3,1
330,331,0,1,0,0,0,1,0,0,1,4,2,4,4,2,2,2
331,332,0,0,0,0,1,0,0,0,1,3,4,1,3,3,3,1
332,333,0,0,0,0,0,1,0,1,0,4,3,2,3,2,1,1
333,334,0,1,0,0,1,0,0,1,0,3,4,4,3,4,2,1
334,335,1,1,0,1,0,0,0,1,0,5,3,2,3,2,2,1
335,336,0,1,0,0,1,0,0,1,0,4,4,2,3,2,3,1
336,337,0,1,0,0,0,1,0,1,0,3,3,3,3,5,3,2
337,338,1,1,0,0,1,0,0,1,0,4,3,2,2,4,4,1
338,339,0,0,0,0,1,0,0,1,0,4,3,3,3,2,2,2
339,340,0,1,0,0,1,0,0,0,1,3,3,2,2,2,3,1
340,341,0,0,0,0,0,1,0,0,1,3,4,2,3,1,3,1
341,342,0,1,0,0,1,0,0,0,1,4,2,2,2,4,2,1
342,343,0,1,1,0,0,0,0,0,1,4,2,1,3,2,3,1
343,344,0,0,1,0,0,0,0,0,1,3,2,1,1,3,3,2
344,345,0,1,0,0,0,1,0,1,0,4,4,2,2,4,2,1
345,346,0,1,0,1,0,0,0,0,1,4,4,2,2,4,1,1
346,347,1,1,1,0,0,0,0,0,1,3,3,3,3,2,2,1
347,348,0,1,0,0,0,0,1,0,1,3,3,3,3,1,3,1
348,349,1,0,1,0,0,0,0,0,1,3,3,3,2,3,2,1
349,350,0,1,0,0,0,0,1,0,1,4,4,1,3,5,2,1
350,351,0,1,0,0,0,1,0,0,1,4,2,3,2,2,2,1
351,352,1,1,0,1,0,0,0,0,1,5,3,3,1,1,2,1
352,353,0,0,0,0,0,0,1,1,0,5,4,3,3,4,2,1
353,354,0,1,0,0,0,0,1,1,0,4,3,2,1,4,4,1
354,355,0,1,1,0,0,0,0,0,1,4,3,2,2,4,1,1
355,356,0,1,0,0,0,0,1,1,0,3,4,2,2,4,3,2
356,357,0,1,0,0,0,1,0,1,0,4,1,1,2,3,3,1
357,358,0,1,0,0,0,1,0,1,0,4,4,3,2,4,3,1
358,359,0,1,0,0,0,1,0,1,0,4,3,3,2,1,3,2
359,360,0,1,1,0,0,0,0,0,1,3,2,3,3,1,2,1
360,361,0,1,0,1,0,0,0,1,0,5,3,3,2,3,4,1
361,362,0,1,1,0,0,0,0,1,0,6,4,3,3,2,3,1
362,363,1,0,0,0,0,1,0,1,0,4,3,3,3,2,3,1
363,364,0,0,1,0,0,0,0,0,1,4,4,2,3,3,3,1
364,365,0,1,0,0,0,1,0,0,1,5,4,2,2,3,4,1
365,366,0,1,0,0,1,0,0,0,1,4,4,3,2,4,3,1
366,367,0,1,0,0,1,0,0,0,1,4,4,2,3,2,4,1
367,368,0,0,0,0,0,0,1,0,1,4,4,4,2,2,3,1
368,369,0,1,0,1,0,0,0,0,1,4,3,2,3,2,3,1
369,370,0,0,0,0,1,0,0,0,1,3,2,3,2,1,3,1
370,371,0,1,0,0,0,1,0,1,0,4,3,3,3,2,4,1
371,372,0,1,1,0,0,0,0,1,0,4,2,2,3,2,4,1
372,373,0,0,1,0,0,0,0,1,0,5,5,3,4,3,2,1
373,374,0,0,0,0,0,0,1,0,1,5,3,2,3,2,3,1
374,375,0,0,1,0,0,0,0,0,1,6,3,2,3,4,2,2
375,376,0,1,0,0,1,0,0,0,1,3,3,1,2,2,3,2
376,377,0,1,1,0,0,0,0,0,1,5,3,2,2,2,2,1
377,378,1,1,0,0,1,0,0,0,1,4,4,1,3,2,2,1
378,379,1,1,0,0,1,0,0,1,0,6,3,3,2,5,4,1
379,380,1,1,0,1,0,0,0,1,0,3,3,3,3,4,2,2
380,381,0,1,0,0,0,0,1,0,1,3,2,2,3,3,3,1
381,382,0,1,0,0,0,1,0,0,1,3,2,2,3,4,3,1
382,383,0,1,0,0,1,0,0,0,1,2,3,2,3,3,2,1
383,384,0,0,0,0,0,0,1,0,1,3,3,3,2,2,2,1
384,385,0,0,0,0,0,1,0,1,0,3,3,2,2,2,3,1
385,386,0,1,1,0,0,0,0,0,1,4,2,1,2,3,2,1
386,387,0,1,0,0,0,0,1,0,1,4,2,3,3,3,3,1
387,388,0,1,0,0,0,0,1,0,1,6,3,4,2,2,4,1
388,389,1,0,0,0,0,0,1,0,1,5,2,2,2,4,2,1
389,390,0,1,1,0,0,0,0,1,0,3,4,3,3,2,2,1
390,391,0,0,1,0,0,0,0,0,1,3,3,2,2,4,3,1
391,392,0,0,0,0,0,0,1,0,1,4,2,3,2,3,3,1
392,393,1,1,0,1,0,0,0,1,0,3,3,2,2,4,2,1
393,394,0,1,0,0,1,0,0,1,0,6,2,3,1,2,1,1
394,395,1,0,1,0,0,0,0,1,0,5,3,3,2,2,3,1
395,396,0,1,0,1,0,0,0,0,1,4,4,1,3,3,4,1
396,397,0,1,1,0,0,0,0,0,1,2,2,2,2,1,3,1
397,398,0,0,0,0,0,0,1,1,0,5,3,4,1,4,3,1
398,399,0,1,0,1,0,0,0,1,0,4,3,2,2,2,4,1
399,400,1,0,0,0,0,1,0,1,0,5,4,2,3,5,3,1
400,401,1,0,0,0,1,0,0,1,0,2,3,2,3,4,3,1
401,402,0,0,0,0,1,0,0,1,0,3,2,2,2,3,3,1
402,403,0,1,1,0,0,0,0,1,0,4,3,2,2,2,4,1
403,404,0,1,0,0,1,0,0,0,1,4,2,3,2,1,3,1
404,405,1,1,0,0,0,1,0,0,1,4,4,3,3,2,4,1
405,406,0,0,0,1,0,0,0,0,1,5,3,2,3,3,3,1
406,407,0,0,0,1,0,0,0,1,0,3,4,3,3,4,3,1
407,408,0,1,0,0,0,0,1,1,0,4,3,3,2,2,2,1
408,409,0,1,0,1,0,0,0,1,0,4,2,3,3,3,2,1
409,410,0,1,1,0,0,0,0,1,0,5,2,2,2,2,3,2
410,411,0,0,0,0,0,1,0,1,0,5,2,2,3,3,2,2
411,412,0,0,0,0,0,0,1,1,0,3,2,3,3,3,3,1
412,413,0,0,1,0,0,0,0,0,1,2,3,3,2,2,2,1
413,414,0,0,1,0,0,0,0,0,1,5,3,2,1,1,3,1
414,415,0,0,1,0,0,0,0,1,0,4,2,2,3,2,2,1
415,416,0,0,0,0,1,0,0,0,1,3,4,2,3,3,4,1
416,417,0,1,1,0,0,0,0,1,0,6,3,3,2,2,3,1
417,418,0,1,0,0,1,0,0,0,1,4,3,1,3,4,2,2
418,419,1,0,0,1,0,0,0,1,0,5,4,2,3,2,3,1
419,420,0,1,0,0,1,0,0,1,0,4,4,3,2,4,2,1
420,421,1,1,1,0,0,0,0,0,1,6,3,2,3,3,2,1
421,422,1,1,0,0,0,1,0,0,1,6,2,4,1,3,2,1
422,423,0,1,0,0,0,1,0,1,0,4,1,2,2,1,2,2
423,424,0,1,0,1,0,0,0,1,0,5,2,2,2,4,4,1
424,425,0,1,1,0,0,0,0,0,1,5,3,2,3,2,1,1
425,426,0,1,0,0,1,0,0,0,1,5,2,3,2,3,3,1
426,427,0,1,0,0,0,1,0,1,0,3,3,2,2,3,2,1
427,428,0,1,0,0,0,0,1,0,1,5,3,3,1,2,3,1
428,429,0,0,1,0,0,0,0,1,0,5,3,3,3,3,2,1
429,430,0,1,1,0,0,0,0,1,0,2,3,2,2,2,3,1
430,431,0,1,0,0,0,0,1,1,0,3,3,2,3,2,3,1
431,432,1,1,0,0,0,1,0,1,0,2,3,2,2,3,3,1
432,433,0,1,0,0,0,0,1,0,1,4,2,2,3,4,2,1
433,434,1,1,0,1,0,0,0,0,1,5,4,2,3,4,3,1
434,435,0,0,0,0,1,0,0,0,1,6,3,1,2,3,2,1
435,436,0,0,0,0,1,0,0,0,1,4,3,3,3,2,1,1
436,437,1,1,0,0,0,1,0,0,1,6,4,3,2,2,3,3
437,438,1,1,0,0,0,0,1,0,1,3,3,3,2,3,3,2
438,439,0,1,1,0,0,0,0,0,1,2,4,2,2,2,3,1
439,440,0,0,1,0,0,0,0,1,0,4,3,2,3,1,3,1
440,441,0,0,1,0,0,0,0,0,1,4,3,2,3,3,2,1
441,442,0,1,0,1,0,0,0,0,1,4,3,2,2,3,2,1
442,443,0,1,0,1,0,0,0,1,0,2,2,3,2,1,2,1
443,444,1,0,1,0,0,0,0,0,1,4,3,2,3,2,3,1
444,445,0,0,0,0,0,1,0,0,1,3,3,3,3,,3,1
445,446,0,1,0,1,0,0,0,1,0,5,3,2,3,2,2,1
446,447,0,0,0,1,0,0,0,0,1,4,3,1,2,4,3,2
447,448,1,1,0,0,1,0,0,0,1,3,2,2,2,4,3,1
448,449,1,1,0,0,1,0,0,0,1,3,3,2,3,1,3,1
449,450,0,0,0,0,0,1,0,1,0,3,3,3,4,1,3,1
450,451,0,1,0,1,0,0,0,0,1,4,3,4,2,3,3,4
451,452,0,0,0,1,0,0,0,0,1,5,2,3,2,3,3,1
452,453,0,1,0,0,0,0,1,1,0,3,4,3,3,3,2,1
453,454,0,1,0,0,0,1,0,0,1,5,2,2,3,2,2,2
454,455,1,1,0,0,0,1,0,1,0,3,4,2,2,2,2,1
455,456,1,1,0,0,0,0,1,1,0,3,3,2,3,2,3,1
456,457,0,1,0,0,0,0,1,0,1,4,3,1,3,3,4,1
457,458,0,0,0,0,1,0,0,1,0,3,4,3,2,2,3,2
458,459,0,1,0,0,0,1,0,1,0,3,2,3,2,3,2,1
459,460,0,0,0,0,0,1,0,0,1,3,4,2,3,2,3,1
460,461,0,1,0,0,0,0,1,1,0,6,4,3,2,2,4,1
461,462,0,0,1,0,0,0,0,1,0,4,2,1,3,2,4,1
462,463,0,1,1,0,0,0,0,0,1,3,4,3,4,3,3,1
463,464,0,1,0,0,1,0,0,0,1,4,3,2,2,4,4,1
464,465,0,1,1,0,0,0,0,0,1,4,3,4,2,3,1,1
465,466,0,1,1,0,0,0,0,1,0,4,3,2,3,2,2,1
466,467,0,1,1,0,0,0,0,0,1,5,3,1,2,3,2,1
467,468,0,1,0,1,0,0,0,1,0,5,4,2,2,2,3,1
468,469,0,0,0,0,1,0,0,1,0,3,4,3,1,5,2,1
469,470,0,0,0,0,0,0,1,1,0,3,2,1,2,3,3,1
470,471,0,0,1,0,0,0,0,1,0,4,4,1,2,3,3,1
471,472,0,1,0,1,0,0,0,1,0,2,2,3,2,2,2,1
472,473,1,0,1,0,0,0,0,1,0,2,4,3,3,2,4,1
473,474,0,0,0,1,0,0,0,1,0,5,4,3,3,2,2,1
474,475,0,1,0,0,1,0,0,0,1,6,2,3,4,5,2,1
475,476,0,1,1,0,0,0,0,0,1,4,3,3,3,5,3,1
476,477,0,1,0,1,0,0,0,1,0,5,2,2,3,3,1,1
477,478,1,1,0,0,0,1,0,1,0,4,3,3,3,2,3,1
478,479,1,1,0,0,0,1,0,0,1,7,3,3,3,5,3,1
479,480,1,1,0,1,0,0,0,1,0,5,4,3,2,1,4,2
480,481,0,0,1,0,0,0,0,0,1,4,4,3,1,3,4,1
481,482,0,1,1,0,0,0,0,0,1,3,4,2,3,2,2,1
482,483,0,1,0,0,1,0,0,0,1,2,3,2,3,2,3,1
483,484,0,0,0,0,1,0,0,1,0,4,3,1,2,3,2,1
484,485,0,0,0,0,0,0,1,1,0,3,2,2,2,4,2,1
485,486,1,0,0,0,1,0,0,0,1,3,2,2,3,4,2,1
486,487,1,1,1,0,0,0,0,0,1,3,4,4,2,2,2,1
487,488,0,1,0,0,0,0,1,0,1,3,4,3,3,4,4,1
488,489,0,1,0,0,1,0,0,0,1,6,2,2,2,2,2,1
489,490,0,1,0,1,0,0,0,0,1,5,3,1,2,2,3,1
490,491,0,1,0,0,0,1,0,1,0,4,3,2,3,4,3,1
491,492,0,1,0,0,1,0,0,0,1,5,3,1,2,3,3,1
492,493,1,0,0,0,1,0,0,1,0,4,2,2,2,2,4,1
493,494,0,1,0,1,0,0,0,0,1,3,3,2,2,2,2,1
494,495,0,1,1,0,0,0,0,1,0,6,3,2,2,4,3,1
495,496,0,1,0,1,0,0,0,1,0,5,3,3,3,2,3,2
496,497,0,0,0,0,1,0,0,1,0,3,3,3,2,2,2,1
497,498,1,1,1,0,0,0,0,1,0,4,3,2,3,3,3,1
498,499,0,1,0,0,0,0,1,1,0,3,3,2,2,3,3,1
499,500,1,1,0,0,1,0,0,1,0,3,3,3,2,4,2,1
500,501,0,1,0,1,0,0,0,0,1,5,3,2,3,3,2,1
501,502,0,1,0,0,0,0,1,1,0,6,3,3,3,3,2,1
502,503,0,1,0,0,0,1,0,0,1,3,3,3,3,2,3,2
503,504,0,1,0,0,0,0,1,1,0,5,4,2,2,2,3,1
504,505,0,0,0,1,0,0,0,1,0,3,3,2,2,4,3,1
505,506,0,1,0,0,0,0,1,0,1,4,3,1,2,2,3,1
506,507,0,0,0,1,0,0,0,1,0,3,4,3,2,2,4,1
507,508,0,1,0,0,1,0,0,0,1,3,3,2,1,2,3,1
508,509,1,1,1,0,0,0,0,0,1,4,4,3,2,3,3,1
509,510,1,1,0,0,0,1,0,0,1,3,3,3,2,1,3,1
510,511,0,1,1,0,0,0,0,0,1,4,3,2,2,4,3,1
511,512,1,1,1,0,0,0,0,1,0,4,3,4,2,5,3,1
512,513,0,1,1,0,0,0,0,1,0,4,2,1,2,1,4,1
513,514,0,0,0,1,0,0,0,0,1,3,2,1,3,3,4,1
514,515,0,0,0,1,0,0,0,1,0,3,2,3,3,2,1,1
515,516,1,0,0,0,0,1,0,1,0,5,3,2,2,3,1,2
516,517,0,1,0,1,0,0,0,0,1,5,4,3,3,4,4,1
517,518,0,1,0,1,0,0,0,1,0,3,5,2,3,3,2,1
518,519,0,1,0,1,0,0,0,0,1,4,3,2,2,3,4,1
519,520,0,1,0,1,0,0,0,0,1,5,3,1,2,5,3,1
520,521,0,1,0,0,1,0,0,1,0,2,2,2,3,2,2,1
521,522,0,1,0,0,0,1,0,1,0,5,3,2,3,2,2,1
522,523,0,0,0,1,0,0,0,1,0,3,2,2,3,2,2,1
523,524,1,1,0,0,0,1,0,0,1,5,3,2,2,4,2,1
524,525,0,1,0,0,0,0,1,0,1,3,3,2,3,4,3,1
525,526,1,1,0,0,1,0,0,1,0,2,3,2,3,2,3,2
526,527,0,1,0,1,0,0,0,1,0,2,2,2,3,3,4,2
527,528,0,0,0,0,1,0,0,1,0,4,4,3,3,2,3,3
528,529,0,1,0,0,1,0,0,1,0,4,2,2,2,4,3,2
529,530,0,0,0,0,0,0,1,0,1,3,3,2,2,2,3,1
530,531,1,1,0,0,0,1,0,1,0,5,5,2,2,2,3,1
531,532,0,1,0,0,1,0,0,0,1,2,2,2,2,3,3,1
532,533,1,0,1,0,0,0,0,0,1,4,1,2,2,3,1,1
533,534,0,1,0,0,0,0,1,1,0,3,3,3,3,2,1,1
534,535,0,1,1,0,0,0,0,1,0,3,4,3,3,2,2,2
535,536,0,1,0,0,0,0,1,1,0,4,4,3,2,2,2,1
536,537,0,1,1,0,0,0,0,0,1,3,2,2,2,1,3,1
537,538,0,0,1,0,0,0,0,1,0,4,3,3,2,4,2,2
538,539,0,0,0,0,1,0,0,1,0,5,3,3,2,2,4,1
539,540,0,0,0,0,1,0,0,0,1,3,3,2,3,1,4,1
540,541,0,1,0,0,0,0,1,1,0,5,5,3,2,2,4,1
541,542,0,1,0,0,0,1,0,0,1,3,2,4,3,2,4,1
542,543,1,1,0,0,1,0,0,1,0,5,3,3,2,3,2,1
543,544,0,0,0,0,1,0,0,0,1,5,3,2,2,3,3,1
544,545,0,0,0,1,0,0,0,1,0,2,4,3,2,5,2,1
545,546,0,1,0,0,1,0,0,1,0,3,3,3,2,4,3,3
546,547,0,1,0,0,0,1,0,0,1,5,3,2,1,3,4,1
547,548,0,1,0,1,0,0,0,0,1,4,3,2,3,2,4,1
548,549,0,1,1,0,0,0,0,1,0,4,3,2,2,3,3,2
549,550,0,1,1,0,0,0,0,0,1,3,3,2,2,2,3,1
550,551,0,1,0,1,0,0,0,0,1,4,3,2,3,3,2,1
551,552,0,1,0,1,0,0,0,0,1,4,3,2,3,2,1,1
552,553,0,0,0,1,0,0,0,0,1,5,3,2,4,3,3,1
553,554,0,0,0,0,0,0,1,1,0,4,3,2,3,2,3,1
554,555,0,0,0,0,0,1,0,1,0,4,4,2,2,3,,1
555,556,0,1,0,0,0,1,0,0,1,4,3,2,2,3,2,1
556,557,0,1,1,0,0,0,0,0,1,4,2,3,2,1,4,1
557,558,0,1,1,0,0,0,0,0,1,4,4,3,2,2,3,1
558,559,0,1,1,0,0,0,0,0,1,4,2,3,3,1,3,1
559,560,0,1,0,0,1,0,0,1,0,4,3,2,2,3,3,1
560,561,1,0,1,0,0,0,0,1,0,4,3,3,3,4,4,2
561,562,0,1,0,1,0,0,0,0,1,6,4,2,3,2,2,1
562,563,0,0,1,0,0,0,0,0,1,5,1,2,3,3,4,1
563,564,0,0,0,1,0,0,0,0,1,4,5,3,2,3,2,1
564,565,0,0,0,0,0,0,1,1,0,5,4,1,3,3,2,1
565,566,0,0,0,0,1,0,0,0,1,4,3,3,3,2,3,1
566,567,0,1,0,0,1,0,0,1,0,2,3,2,2,4,4,1
567,568,1,0,0,0,0,1,0,0,1,3,3,1,2,1,3,1
568,569,0,1,0,0,0,0,1,1,0,2,3,2,3,4,4,1
569,570,0,0,0,1,0,0,0,0,1,4,3,2,2,2,3,1
570,571,0,1,0,0,0,0,1,1,0,4,3,2,2,2,2,1
571,572,1,1,0,0,1,0,0,0,1,6,3,3,3,3,4,1
572,573,0,1,0,1,0,0,0,0,1,4,3,3,2,4,2,1
573,574,0,1,0,0,0,0,1,0,1,4,3,2,3,4,4,1
574,575,0,1,0,0,1,0,0,1,0,5,3,2,2,2,2,1
575,576,0,1,0,1,0,0,0,0,1,2,4,3,2,3,3,1
576,577,0,0,0,1,0,0,0,1,0,4,3,2,3,2,3,1
577,578,1,1,0,0,1,0,0,1,0,5,1,1,3,2,2,1
578,579,0,1,0,1,0,0,0,0,1,3,3,2,3,3,2,1
579,580,0,1,0,0,1,0,0,0,1,5,3,1,2,3,2,1
580,581,0,1,1,0,0,0,0,0,1,4,3,4,3,2,2,1
581,582,0,1,1,0,0,0,0,1,0,4,3,2,1,2,2,1
582,583,0,0,0,1,0,0,0,0,1,5,4,2,3,4,3,1
583,584,0,1,0,1,0,0,0,1,0,6,4,2,3,2,3,1
584,585,0,1,0,0,1,0,0,1,0,4,2,2,1,3,3,2
585,586,0,1,0,1,0,0,0,0,1,4,3,2,2,2,4,2
586,587,0,1,0,0,0,1,0,0,1,4,2,3,2,3,3,1
587,588,0,1,1,0,0,0,0,0,1,3,2,2,2,2,3,2
588,589,0,0,0,1,0,0,0,0,1,5,3,1,1,2,3,1
589,590,0,1,0,1,0,0,0,0,1,3,4,3,2,4,3,1
590,591,0,1,0,0,0,0,1,0,1,4,4,2,2,3,3,1
591,592,1,1,0,1,0,0,0,1,0,4,3,3,3,3,2,1
592,593,0,1,0,0,0,1,0,1,0,4,4,1,2,2,4,2
593,594,0,0,1,0,0,0,0,1,0,4,3,3,3,4,3,1
594,595,0,1,0,0,0,0,1,0,1,5,3,2,3,3,2,4
595,596,0,1,0,0,1,0,0,1,0,3,3,3,3,2,3,1
596,597,0,0,0,0,1,0,0,1,0,4,4,2,3,2,1,1
597,598,0,1,1,0,0,0,0,1,0,3,4,2,3,4,2,1
598,599,0,0,0,0,1,0,0,1,0,4,4,3,3,2,2,1
599,600,0,1,0,0,0,1,0,1,0,4,4,1,2,2,3,1
600,601,0,1,0,1,0,0,0,0,1,5,3,2,2,2,3,1
601,602,0,0,1,0,0,0,0,0,1,3,4,3,3,4,3,2
602,603,1,0,0,0,0,0,1,1,0,5,3,3,1,3,1,1
603,604,0,1,0,1,0,0,0,1,0,5,2,3,2,3,3,1
604,605,0,0,0,0,1,0,0,1,0,4,3,3,2,2,3,1
605,606,0,1,0,0,1,0,0,0,1,6,2,2,3,4,2,3
606,607,0,1,0,0,0,0,1,0,1,3,2,2,2,1,3,1
607,608,0,1,0,0,0,1,0,1,0,3,3,3,3,1,2,1
608,609,0,1,0,0,0,0,1,0,1,2,2,2,2,1,2,1
609,610,0,0,1,0,0,0,0,0,1,5,3,2,2,4,3,1
610,611,0,1,0,0,0,0,1,1,0,5,2,2,2,2,3,1
611,612,0,1,0,0,1,0,0,0,1,4,3,2,2,3,2,1
612,613,0,0,0,0,0,1,0,0,1,4,3,4,2,2,2,2
613,614,0,1,0,0,0,1,0,1,0,3,2,3,2,4,2,1
614,615,0,1,0,0,0,0,1,0,1,6,3,3,3,2,2,1
615,616,0,1,1,0,0,0,0,0,1,4,4,2,3,3,2,3
616,617,1,1,0,0,1,0,0,1,0,4,2,2,4,4,3,1
617,618,0,0,0,1,0,0,0,0,1,5,2,2,2,3,3,1
618,619,0,1,0,0,0,1,0,0,1,4,2,2,2,2,3,1
619,620,0,1,0,0,0,0,1,1,0,4,2,2,3,2,3,1
620,621,0,0,1,0,0,0,0,1,0,3,4,3,2,3,3,1
621,622,0,1,1,0,0,0,0,1,0,4,3,2,2,4,2,1
622,623,0,1,0,0,1,0,0,0,1,6,3,1,2,4,1,1
623,624,0,0,0,0,0,1,0,1,0,5,1,3,3,2,4,1
624,625,0,1,0,0,1,0,0,0,1,6,3,3,3,2,2,1
625,626,1,1,0,1,0,0,0,1,0,3,2,2,3,3,2,1
626,627,1,1,0,1,0,0,0,0,1,3,3,2,3,1,1,1
627,628,1,1,0,1,0,0,0,1,0,4,3,4,3,3,3,1
628,629,0,1,1,0,0,0,0,1,0,4,4,2,2,1,3,2
629,630,1,1,0,0,0,1,0,1,0,5,2,2,3,4,4,1
630,631,0,0,0,0,1,0,0,1,0,2,1,2,3,4,4,1
631,632,0,1,0,0,1,0,0,0,1,6,3,3,3,2,3,1
632,633,0,1,0,1,0,0,0,1,0,4,4,1,2,2,2,1
633,634,0,0,0,0,0,1,0,1,0,4,4,3,3,2,2,2
634,635,1,1,0,0,0,1,0,0,1,3,3,3,2,3,2,1
635,636,0,0,0,0,0,0,1,1,0,2,3,3,2,3,2,1
636,637,0,1,0,0,0,1,0,0,1,5,4,2,2,3,2,2
637,638,0,1,0,0,0,1,0,1,0,4,2,2,3,2,2,1
638,639,1,0,0,0,1,0,0,1,0,3,3,2,2,2,2,1
639,640,0,1,0,0,0,1,0,1,0,3,3,2,2,3,2,1
640,641,1,0,0,0,0,1,0,0,1,4,4,2,3,2,4,1
641,642,0,1,0,0,1,0,0,1,0,6,5,2,3,2,3,1
642,643,0,1,0,0,0,1,0,1,0,4,3,2,3,4,4,1
643,644,0,1,0,0,1,0,0,1,0,2,3,2,2,4,2,1
644,645,0,1,0,0,0,0,1,0,1,4,3,2,3,2,3,1
645,646,0,0,1,0,0,0,0,0,1,4,2,2,2,3,2,1
646,647,0,1,0,0,1,0,0,1,0,1,2,3,2,3,2,1
647,648,0,0,0,0,1,0,0,0,1,4,3,2,2,3,2,1
648,649,0,1,0,0,0,1,0,1,0,4,3,1,3,4,4,1
649,650,0,1,0,0,1,0,0,1,0,5,3,2,2,2,4,1
650,651,0,1,0,1,0,0,0,1,0,6,2,2,4,3,1,1
651,652,0,1,0,1,0,0,0,1,0,5,4,3,1,2,2,1
652,653,0,1,0,0,0,0,1,1,0,4,3,2,2,2,3,1
653,654,0,1,0,0,1,0,0,1,0,3,3,2,3,3,2,1
654,655,0,1,0,0,0,1,0,1,0,7,3,2,3,4,2,1
655,656,0,0,0,0,0,1,0,0,1,4,3,2,2,2,2,1
656,657,0,0,1,0,0,0,0,0,1,4,4,2,3,4,3,1
657,658,0,1,0,0,0,0,1,0,1,4,2,2,3,2,2,1
658,659,1,1,0,0,0,1,0,0,1,4,3,4,2,5,2,2
659,660,0,1,1,0,0,0,0,0,1,4,3,2,3,3,2,1
660,661,1,1,0,0,0,1,0,0,1,3,2,2,3,2,3,1
661,662,0,1,1,0,0,0,0,0,1,3,2,2,2,1,4,1
662,663,0,1,0,1,0,0,0,1,0,4,3,3,2,4,2,2
663,664,0,0,0,1,0,0,0,1,0,3,4,2,3,2,4,1
664,665,0,1,0,0,0,1,0,1,0,3,3,3,3,3,4,1
665,666,0,1,0,0,0,0,1,1,0,4,3,1,2,3,4,2
666,667,0,1,0,0,1,0,0,0,1,4,4,2,3,1,3,1
667,668,1,0,0,0,0,0,1,0,1,6,3,2,3,5,3,1
668,669,0,1,0,0,0,0,1,1,0,1,3,2,2,3,4,1
669,670,0,0,0,0,1,0,0,1,0,5,3,3,4,3,2,1
670,671,0,0,0,1,0,0,0,0,1,5,3,2,2,2,3,1
671,672,0,0,0,1,0,0,0,1,0,2,3,3,2,1,4,1
672,673,0,0,0,0,1,0,0,1,0,4,1,2,3,2,3,1
673,674,0,1,1,0,0,0,0,1,0,4,3,3,4,2,4,1
674,675,0,1,0,0,0,0,1,1,0,3,4,3,3,2,3,1
675,676,0,1,0,0,0,1,0,0,1,3,4,2,3,2,4,1
676,677,0,1,0,1,0,0,0,1,0,3,4,2,2,3,3,1
677,678,0,1,0,0,0,1,0,1,0,6,4,3,3,2,3,1
678,679,0,1,0,0,1,0,0,0,1,5,3,2,2,4,3,1
679,680,0,1,0,0,0,1,0,0,1,5,3,2,3,3,4,1
680,681,0,0,0,0,0,1,0,1,0,5,3,3,3,2,3,1
681,682,0,1,0,0,0,0,1,0,1,3,3,1,3,3,4,1
682,683,0,1,0,0,1,0,0,1,0,3,3,2,1,2,3,1
683,684,0,0,0,0,0,1,0,1,0,4,4,1,2,3,2,1
684,685,1,1,0,1,0,0,0,0,1,3,3,3,3,2,1,1
685,686,0,0,0,0,1,0,0,1,0,5,3,3,2,5,4,2
686,687,0,0,0,1,0,0,0,1,0,4,3,1,3,2,3,1
687,688,0,1,1,0,0,0,0,1,0,4,3,2,3,4,2,1
688,689,0,1,0,0,0,1,0,1,0,5,2,3,2,2,2,1
689,690,1,1,0,0,1,0,0,0,1,4,1,3,2,3,4,2
690,691,0,0,0,1,0,0,0,0,1,4,3,3,2,4,4,1
691,692,0,1,0,0,0,1,0,1,0,5,2,3,3,2,3,1
692,693,0,1,0,0,0,0,1,0,1,3,3,3,3,3,3,1
693,694,0,0,0,1,0,0,0,1,0,5,3,2,3,2,2,1
694,695,0,1,0,1,0,0,0,1,0,5,3,2,2,4,2,2
695,696,0,0,1,0,0,0,0,1,0,4,4,3,3,3,1,1
696,697,0,0,0,0,0,0,1,1,0,4,3,3,3,1,4,1
697,698,0,0,1,0,0,0,0,1,0,3,3,2,2,4,2,1
698,699,0,0,0,0,0,0,1,0,1,5,3,2,3,3,3,1
699,700,0,1,0,1,0,0,0,1,0,4,2,3,3,1,3,2
700,701,0,0,1,0,0,0,0,0,1,3,4,2,2,2,3,1
701,702,0,1,0,0,0,1,0,0,1,5,3,1,3,3,4,1
702,703,1,1,0,0,0,0,1,1,0,3,4,2,3,4,1,1
703,704,0,1,0,1,0,0,0,1,0,3,2,3,2,3,3,1
704,705,1,0,0,0,1,0,0,1,0,2,2,2,3,3,1,1
705,706,0,0,0,0,0,0,1,1,0,5,4,3,1,3,1,1
706,707,0,0,0,0,0,0,1,1,0,3,3,1,4,2,3,1
707,708,0,1,0,0,0,1,0,0,1,6,2,2,3,4,2,1
708,709,0,0,0,0,0,0,1,1,0,2,2,2,3,2,3,1
709,710,1,0,0,0,0,0,1,1,0,6,4,2,3,3,3,2
710,711,1,1,0,0,0,1,0,0,1,4,2,2,2,4,1,1
711,712,0,1,0,0,0,1,0,0,1,4,4,1,2,4,1,1
712,713,0,1,1,0,0,0,0,1,0,3,2,3,1,2,3,1
713,714,0,1,0,1,0,0,0,0,1,4,3,1,3,3,3,1
714,715,1,1,0,1,0,0,0,1,0,4,3,2,3,1,3,1
715,716,0,1,1,0,0,0,0,0,1,5,3,2,2,2,3,1
716,717,0,1,0,1,0,0,0,0,1,4,3,2,3,3,3,1
717,718,0,1,0,0,0,0,1,1,0,4,3,2,3,4,3,2
718,719,0,1,1,0,0,0,0,0,1,4,3,2,3,2,2,1
719,720,0,1,1,0,0,0,0,0,1,4,2,2,3,1,3,1
720,721,0,0,0,1,0,0,0,0,1,4,4,2,2,4,3,1
721,722,1,1,0,0,1,0,0,0,1,2,3,2,2,2,3,1
722,723,0,1,0,1,0,0,0,0,1,3,3,3,2,4,3,1
723,724,0,1,0,0,1,0,0,0,1,5,2,3,3,2,4,1
724,725,0,1,1,0,0,0,0,1,0,4,1,3,3,2,2,1
725,726,0,0,0,0,1,0,0,1,0,4,3,3,2,3,4,1
726,727,0,1,0,0,0,0,1,0,1,4,5,2,3,2,3,1
727,728,0,1,0,0,0,1,0,1,0,4,4,1,2,3,3,1
728,729,0,0,0,0,1,0,0,1,0,3,3,2,1,3,2,1
729,730,0,1,0,0,0,1,0,1,0,3,3,3,3,3,3,2
730,731,0,1,0,0,0,0,1,0,1,4,3,2,1,4,3,1
731,732,0,1,0,0,0,1,0,1,0,3,3,2,3,3,3,1
732,733,0,1,0,0,0,0,1,0,1,4,2,2,3,1,1,1
733,734,0,0,0,0,0,1,0,1,0,2,4,2,3,4,3,1
734,735,0,1,0,0,0,1,0,0,1,5,4,3,2,4,2,1
735,736,0,0,0,1,0,0,0,0,1,4,4,1,3,2,,1
736,737,0,0,0,0,1,0,0,1,0,4,3,3,3,5,4,2
737,738,0,1,0,0,0,1,0,1,0,5,3,2,2,2,1,1
738,739,0,1,1,0,0,0,0,0,1,6,4,2,3,3,4,1
739,740,0,1,0,1,0,0,0,1,0,5,3,2,3,3,4,1
740,741,0,1,0,0,1,0,0,1,0,2,3,1,3,3,2,1
741,742,0,1,0,1,0,0,0,1,0,3,3,3,2,3,3,1
742,743,0,1,0,0,1,0,0,0,1,3,3,3,3,2,3,1
743,744,0,1,0,0,0,0,1,0,1,4,4,2,3,2,3,1
744,745,0,0,0,0,0,1,0,1,0,5,2,3,2,2,2,1
745,746,0,1,1,0,0,0,0,1,0,3,2,2,2,1,2,1
746,747,0,1,0,1,0,0,0,1,0,4,3,2,3,3,3,1
747,748,0,0,0,1,0,0,0,0,1,3,3,3,3,2,2,1
748,749,0,1,0,1,0,0,0,0,1,3,3,2,3,4,4,1
749,750,0,1,0,1,0,0,0,1,0,3,3,2,2,4,2,1
750,751,1,1,0,0,0,1,0,1,0,3,3,2,2,3,3,1
751,752,0,1,0,0,1,0,0,1,0,3,4,2,4,3,4,1
752,753,1,1,0,0,0,1,0,1,0,3,2,2,2,3,3,1
753,754,1,1,0,0,0,0,1,1,0,5,2,2,2,2,3,1
754,755,0,1,0,0,0,1,0,1,0,3,3,3,3,2,4,1
755,756,0,0,0,0,0,1,0,0,1,7,2,2,3,3,4,1
756,757,0,1,0,0,0,0,1,1,0,4,3,2,3,3,2,1
757,758,0,1,0,0,0,1,0,0,1,4,4,2,4,4,3,3
758,759,0,1,0,0,1,0,0,1,0,3,3,4,2,3,4,1
759,760,0,1,1,0,0,0,0,1,0,5,3,3,2,3,2,1
760,761,1,1,0,0,0,0,1,0,1,3,2,3,2,5,2,1
761,762,0,0,0,1,0,0,0,0,1,4,3,2,2,2,2,2
762,763,0,1,0,0,1,0,0,0,1,7,3,3,2,3,2,1
763,764,0,1,1,0,0,0,0,0,1,4,3,3,2,2,3,1
764,765,0,1,0,0,1,0,0,1,0,5,4,3,3,2,3,1
765,766,0,1,0,0,1,0,0,0,1,3,3,1,3,1,4,1
766,767,0,1,0,1,0,0,0,1,0,4,2,3,2,3,3,1
767,768,0,1,1,0,0,0,0,0,1,6,3,2,3,2,2,1
768,769,0,1,0,0,1,0,0,1,0,3,3,3,2,3,1,1
769,770,0,1,0,1,0,0,0,1,0,6,4,3,2,2,4,1
770,771,0,1,0,0,0,0,1,1,0,5,4,3,3,3,2,1
771,772,0,1,0,1,0,0,0,1,0,3,2,2,1,2,2,2
772,773,0,1,0,0,0,1,0,1,0,5,2,2,3,3,4,1
773,774,0,0,0,1,0,0,0,1,0,5,2,2,1,2,3,1
774,775,0,1,0,1,0,0,0,0,1,5,3,2,2,1,2,1
775,776,0,0,0,1,0,0,0,1,0,2,3,2,3,3,4,1
776,777,0,1,0,0,1,0,0,0,1,3,4,3,2,3,,1
777,778,0,1,1,0,0,0,0,0,1,4,3,3,2,2,2,1
778,779,0,1,0,1,0,0,0,1,0,4,3,2,3,2,4,1
779,780,0,1,0,1,0,0,0,0,1,5,3,2,2,2,3,1
780,781,0,1,0,0,0,1,0,1,0,4,2,3,3,2,3,1
781,782,0,1,0,0,0,1,0,0,1,3,5,2,3,1,4,1
782,783,0,0,0,0,0,0,1,1,0,4,2,2,3,3,4,1
783,784,0,1,0,0,0,0,1,0,1,5,3,2,2,4,2,2
784,785,0,1,0,0,0,1,0,1,0,5,5,3,2,1,2,1
785,786,0,1,1,0,0,0,0,1,0,5,3,2,4,2,2,1
786,787,0,0,0,0,0,0,1,1,0,5,3,2,2,1,3,1
787,788,0,0,1,0,0,0,0,1,0,4,3,2,4,2,1,1
788,789,0,1,0,0,0,1,0,0,1,4,3,2,3,2,3,1
789,790,0,0,0,0,0,0,1,1,0,2,4,2,3,3,2,1
790,791,0,1,0,1,0,0,0,0,1,4,1,2,3,1,3,1
791,792,1,1,0,0,0,1,0,0,1,4,4,3,2,1,1,1
792,793,0,1,0,0,0,0,1,0,1,4,2,2,2,2,4,1
793,794,1,0,1,0,0,0,0,1,0,3,3,2,2,3,2,1
794,795,0,0,1,0,0,0,0,0,1,3,3,1,2,2,2,1
795,796,0,0,0,0,0,0,1,0,1,5,3,2,2,4,4,1
796,797,0,1,1,0,0,0,0,0,1,4,2,2,2,3,3,1
797,798,0,0,0,0,0,0,1,1,0,5,3,2,3,2,2,1
798,799,0,1,0,0,0,0,1,1,0,4,5,2,2,3,2,1
799,800,0,1,1,0,0,0,0,0,1,4,2,2,3,1,3,1
800,801,0,1,0,0,1,0,0,1,0,5,3,2,1,2,3,1
801,802,0,1,0,1,0,0,0,1,0,3,3,2,3,4,3,1
802,803,0,1,0,0,0,1,0,0,1,4,3,1,2,2,3,1
803,804,0,1,0,1,0,0,0,0,1,4,3,3,3,3,2,1
804,805,1,0,0,0,0,1,0,1,0,4,3,3,2,3,3,1
805,806,0,1,0,0,0,1,0,0,1,4,3,2,1,2,3,2
806,807,0,1,0,1,0,0,0,1,0,4,4,2,2,3,4,1
807,808,0,0,0,0,0,0,1,1,0,4,3,2,3,4,1,1
808,809,0,1,1,0,0,0,0,1,0,5,4,3,2,4,3,2
809,810,0,1,0,0,1,0,0,1,0,3,2,3,3,4,1,1
810,811,0,1,0,0,1,0,0,1,0,4,2,1,2,2,3,1
811,812,0,1,0,0,1,0,0,1,0,4,3,1,2,4,4,1
812,813,0,1,0,1,0,0,0,0,1,5,4,2,2,3,2,1
813,814,0,1,0,1,0,0,0,0,1,4,3,1,2,2,4,1
814,815,0,0,0,0,0,0,1,1,0,5,3,3,2,4,3,1
815,816,1,1,0,0,1,0,0,1,0,3,3,2,4,2,4,1
816,817,0,1,0,0,0,0,1,1,0,4,2,2,3,3,3,1
817,818,0,1,0,0,1,0,0,0,1,5,3,3,3,2,2,2
818,819,0,1,0,1,0,0,0,1,0,4,4,2,3,2,2,1
819,820,1,1,1,0,0,0,0,0,1,5,3,3,3,4,3,1
820,821,0,0,1,0,0,0,0,1,0,3,3,1,3,5,2,1
821,822,0,0,1,0,0,0,0,1,0,5,3,2,3,1,3,1
822,823,1,1,1,0,0,0,0,0,1,6,3,2,3,3,3,1
823,824,0,0,0,0,0,1,0,0,1,4,3,4,1,3,4,1
824,825,0,1,0,0,1,0,0,1,0,4,5,2,2,2,3,1
825,826,0,1,1,0,0,0,0,1,0,5,3,2,2,3,3,1
826,827,0,1,0,0,0,1,0,1,0,6,3,3,2,2,4,3
827,828,0,1,0,0,0,1,0,0,1,3,3,3,2,2,4,1
828,829,0,0,0,0,0,1,0,0,1,4,4,2,3,2,2,1
829,830,0,1,0,0,0,0,1,0,1,4,3,2,3,2,3,1
830,831,0,1,0,0,0,0,1,0,1,3,3,2,3,2,2,1
831,832,0,0,0,0,0,1,0,0,1,3,4,3,3,2,3,1
832,833,0,0,1,0,0,0,0,0,1,3,4,3,3,3,2,1
833,834,0,0,0,0,1,0,0,1,0,3,3,3,2,5,3,1
834,835,1,1,0,1,0,0,0,1,0,4,2,2,3,4,3,1
835,836,0,1,0,0,0,0,1,0,1,4,4,3,2,2,3,1
836,837,0,1,1,0,0,0,0,1,0,6,2,2,2,3,4,1
837,838,0,1,1,0,0,0,0,1,0,3,4,3,2,2,2,2
838,839,0,0,0,1,0,0,0,0,1,5,2,2,3,3,3,1
839,840,0,0,0,1,0,0,0,1,0,4,4,2,3,1,3,1
840,841,0,0,1,0,0,0,0,0,1,4,2,2,2,2,2,2
841,842,0,1,0,1,0,0,0,0,1,5,4,2,3,5,3,1
842,843,0,0,1,0,0,0,0,1,0,3,3,1,3,2,2,1
843,844,0,0,0,1,0,0,0,0,1,4,2,2,2,2,4,1
844,845,0,1,0,1,0,0,0,0,1,4,3,3,3,1,2,1
845,846,0,1,1,0,0,0,0,0,1,4,4,2,1,3,2,1
846,847,0,0,0,0,0,1,0,0,1,4,3,3,1,1,3,1
847,848,0,1,1,0,0,0,0,0,1,6,3,3,2,2,2,1
848,849,0,0,0,0,1,0,0,0,1,3,4,1,3,3,2,1
849,850,0,1,0,1,0,0,0,0,1,3,2,3,3,3,3,1
850,851,0,0,0,0,0,0,1,0,1,3,4,2,2,3,2,1
851,852,1,0,0,1,0,0,0,1,0,3,3,2,2,3,3,1
852,853,0,1,0,0,1,0,0,1,0,3,2,3,3,1,3,1
853,854,0,0,0,0,0,0,1,1,0,5,2,3,2,3,3,1
854,855,0,1,0,0,0,0,1,0,1,5,3,2,2,3,3,1
855,856,0,1,1,0,0,0,0,0,1,3,4,1,2,2,2,1
856,857,0,1,0,0,0,1,0,1,0,3,3,3,3,2,2,1
857,858,0,1,1,0,0,0,0,1,0,4,4,2,3,2,3,1
858,859,1,0,0,0,0,0,1,1,0,3,2,2,3,5,4,1
859,860,1,0,0,0,0,0,1,0,1,5,3,3,3,2,2,1
860,861,0,1,0,0,0,1,0,1,0,4,2,3,3,4,3,1
861,862,0,1,0,1,0,0,0,1,0,2,3,2,3,2,3,2
862,863,0,1,0,0,0,1,0,0,1,6,4,3,2,2,3,2
863,864,0,1,1,0,0,0,0,1,0,6,3,2,2,1,3,2
864,865,0,0,0,1,0,0,0,0,1,3,1,1,2,3,1,2
865,866,0,1,1,0,0,0,0,0,1,4,3,2,2,2,3,1
866,867,0,1,0,0,0,1,0,0,1,4,3,2,3,2,2,1
867,868,0,1,0,1,0,0,0,1,0,4,3,2,3,3,3,1
868,869,0,1,0,0,0,1,0,1,0,5,4,2,4,3,3,1
869,870,1,0,0,0,1,0,0,0,1,6,2,2,3,3,3,1
870,871,1,1,0,0,0,0,1,1,0,4,4,1,2,2,2,1
871,872,0,1,0,1,0,0,0,1,0,3,4,1,2,2,4,1
872,873,0,0,0,0,0,0,1,1,0,3,2,2,3,2,4,1
873,874,1,0,0,0,1,0,0,1,0,3,3,2,3,3,3,1
874,875,0,0,0,1,0,0,0,0,1,4,3,2,3,3,3,1
875,876,0,0,0,0,0,0,1,1,0,6,3,3,2,2,2,2
876,877,0,0,0,0,0,0,1,0,1,3,3,2,2,3,4,1
877,878,1,1,0,1,0,0,0,0,1,4,3,4,2,4,3,2
878,879,0,1,0,0,0,0,1,1,0,4,2,3,2,2,4,1
879,880,0,1,0,0,0,0,1,0,1,5,3,1,2,2,2,1
880,881,1,0,0,1,0,0,0,1,0,7,2,2,3,2,2,1
881,882,0,1,0,0,0,0,1,1,0,3,2,2,3,2,4,1
882,883,1,1,0,0,0,0,1,0,1,4,4,3,3,2,3,1
883,884,0,1,1,0,0,0,0,0,1,5,2,3,1,4,2,1
884,885,0,0,1,0,0,0,0,0,1,5,3,2,2,2,2,1
885,886,0,1,0,0,1,0,0,0,1,6,3,2,3,3,3,2
886,887,0,1,1,0,0,0,0,1,0,5,2,2,3,3,1,1
887,888,0,1,1,0,0,0,0,1,0,4,2,2,3,3,3,1
888,889,0,0,0,0,1,0,0,1,0,5,4,2,3,2,3,1
889,890,0,1,0,0,0,0,1,0,1,5,2,3,2,4,3,1
890,891,0,1,0,0,0,0,1,0,1,5,3,2,2,4,2,1
891,892,0,1,1,0,0,0,0,0,1,5,3,3,2,2,4,1
892,893,0,1,0,0,1,0,0,1,0,5,4,3,1,3,2,1
893,894,0,1,0,0,0,0,1,0,1,5,3,2,3,4,3,1
894,895,0,1,0,0,0,1,0,1,0,5,3,2,2,4,2,1
895,896,0,1,0,1,0,0,0,0,1,5,4,2,2,2,3,1
896,897,0,0,0,1,0,0,0,1,0,4,4,2,2,4,,1
897,898,0,1,0,1,0,0,0,1,0,4,4,3,2,3,3,1
898,899,0,1,1,0,0,0,0,0,1,5,3,2,2,5,3,1
899,900,0,0,0,1,0,0,0,0,1,3,2,2,3,2,3,1
900,901,0,0,0,1,0,0,0,1,0,4,2,3,3,4,4,1
901,902,0,1,0,0,0,1,0,1,0,4,3,2,2,4,4,1
902,903,0,1,0,0,0,0,1,0,1,4,3,5,2,3,4,1
903,904,0,0,0,0,0,1,0,0,1,5,4,1,3,2,3,1
904,905,0,0,1,0,0,0,0,1,0,4,3,3,2,2,,1
905,906,0,1,0,1,0,0,0,0,1,4,2,1,3,4,2,1
906,907,0,1,0,0,0,0,1,1,0,3,4,3,3,2,2,2
907,908,0,1,0,1,0,0,0,1,0,5,2,1,3,3,2,1
908,909,1,1,0,1,0,0,0,0,1,5,3,2,3,4,2,1
909,910,0,1,1,0,0,0,0,0,1,6,3,2,2,2,3,1
910,911,0,1,0,1,0,0,0,0,1,4,4,2,2,3,4,1
911,912,0,1,0,0,1,0,0,0,1,4,5,2,2,2,3,1
912,913,1,1,0,0,0,0,1,0,1,4,3,2,3,3,3,1
913,914,0,1,0,0,0,0,1,1,0,6,3,2,4,4,3,1
914,915,0,1,0,0,1,0,0,1,0,4,3,4,2,1,3,1
915,916,0,1,1,0,0,0,0,0,1,4,4,2,3,3,3,1
916,917,0,1,0,1,0,0,0,0,1,5,3,2,3,2,4,1
917,918,0,0,0,1,0,0,0,0,1,4,4,3,2,2,3,1
918,919,0,1,0,0,0,0,1,1,0,4,3,3,3,2,3,1
919,920,0,0,1,0,0,0,0,0,1,4,3,2,2,2,3,2
920,921,0,1,1,0,0,0,0,0,1,5,3,3,3,1,4,1
921,922,0,1,1,0,0,0,0,1,0,3,3,2,3,3,2,1
922,923,0,1,0,1,0,0,0,1,0,4,4,1,3,3,3,1
923,924,0,0,1,0,0,0,0,0,1,3,3,3,3,1,3,5
924,925,1,1,0,0,1,0,0,0,1,5,3,3,3,4,3,1
925,926,0,1,0,0,0,1,0,0,1,2,2,1,2,4,4,1
926,927,0,1,1,0,0,0,0,1,0,3,3,2,2,3,2,1
927,928,0,0,0,0,0,1,0,0,1,4,4,3,2,3,2,1
928,929,1,0,0,1,0,0,0,0,1,6,3,4,2,3,4,1
929,930,0,1,1,0,0,0,0,0,1,4,4,2,2,4,3,1
930,931,0,1,0,0,0,0,1,1,0,3,3,2,3,2,3,1
931,932,0,1,0,1,0,0,0,1,0,6,4,4,2,2,2,1
932,933,0,1,0,0,1,0,0,0,1,3,2,2,3,4,2,2
933,934,0,1,0,0,1,0,0,0,1,2,3,2,3,2,3,2
934,935,0,0,0,0,0,1,0,1,0,4,4,2,2,1,2,1
935,936,0,0,0,0,0,1,0,1,0,3,4,3,4,2,4,1
936,937,0,1,0,0,0,0,1,1,0,3,3,3,3,2,3,1
937,938,0,1,0,0,0,0,1,1,0,5,3,3,2,2,2,2
938,939,0,1,0,0,1,0,0,1,0,4,2,3,2,2,3,1
939,940,0,1,1,0,0,0,0,1,0,3,3,2,2,4,3,1
940,941,0,1,0,0,1,0,0,1,0,3,4,2,2,4,2,1
941,942,0,1,0,0,1,0,0,1,0,5,3,3,1,3,2,1
942,943,0,1,0,0,0,0,1,1,0,5,3,1,3,3,3,1
943,944,0,1,0,0,0,1,0,0,1,4,3,3,1,1,3,1
944,945,0,0,0,0,0,0,1,0,1,6,3,2,3,3,3,1
945,946,0,1,0,0,0,0,1,0,1,3,3,2,2,2,3,1
946,947,0,1,0,0,0,0,1,1,0,2,4,2,2,2,3,1
947,948,0,1,0,0,1,0,0,0,1,3,3,1,2,4,3,2
948,949,0,1,1,0,0,0,0,1,0,4,3,2,4,3,3,1
949,950,0,0,0,0,1,0,0,1,0,4,3,2,2,2,3,1
950,951,1,0,0,1,0,0,0,0,1,4,1,2,3,3,2,2
951,952,1,1,0,0,0,0,1,1,0,4,4,1,3,2,4,1
952,953,0,0,0,0,0,0,1,0,1,3,3,2,1,4,3,1
953,954,0,1,0,1,0,0,0,0,1,5,2,2,2,3,3,1
954,955,0,0,0,0,0,0,1,0,1,4,4,1,3,4,3,1
955,956,0,1,0,0,0,0,1,1,0,5,3,3,2,3,2,1
956,957,0,1,0,0,0,0,1,0,1,4,4,2,3,2,3,1
957,958,0,1,0,1,0,0,0,1,0,4,3,4,2,4,2,1
958,959,1,0,0,0,1,0,0,0,1,5,4,3,2,2,3,1
959,960,1,1,0,0,0,0,1,0,1,4,2,2,3,2,3,1
960,961,0,0,1,0,0,0,0,0,1,5,4,3,3,2,4,1
961,962,0,1,0,1,0,0,0,1,0,5,3,2,2,4,3,1
962,963,0,0,0,0,0,1,0,1,0,4,3,2,2,2,3,3
963,964,0,1,0,1,0,0,0,1,0,5,3,1,3,2,2,1
964,965,0,0,0,0,1,0,0,0,1,4,2,2,3,4,4,1
965,966,0,1,0,1,0,0,0,0,1,5,3,2,3,2,4,1
966,967,0,1,0,0,0,1,0,1,0,3,2,2,2,3,3,1
967,968,1,0,1,0,0,0,0,1,0,6,2,2,3,2,2,1
968,969,0,0,0,0,0,1,0,1,0,4,2,2,3,3,3,1
969,970,0,1,0,1,0,0,0,1,0,3,4,3,2,2,2,1
970,971,0,1,0,0,0,1,0,1,0,4,3,2,2,4,3,1
971,972,0,1,0,1,0,0,0,1,0,3,4,2,2,2,2,1
972,973,1,1,1,0,0,0,0,0,1,5,3,2,2,3,3,1
973,974,0,1,1,0,0,0,0,1,0,3,2,2,2,2,3,1
974,975,0,1,0,0,1,0,0,0,1,4,2,3,3,2,3,1
975,976,0,1,1,0,0,0,0,0,1,2,4,2,2,3,3,1
976,977,0,0,0,0,0,0,1,1,0,4,3,3,3,2,4,1
977,978,1,0,0,0,0,1,0,1,0,2,3,2,3,2,2,1
978,979,0,1,0,0,0,1,0,0,1,2,3,2,2,3,3,1
979,980,0,1,0,1,0,0,0,1,0,5,3,2,2,2,2,2
980,981,0,1,1,0,0,0,0,1,0,5,4,2,3,3,1,1
981,982,0,1,0,0,1,0,0,0,1,4,4,2,3,3,2,1
982,983,0,1,0,0,1,0,0,0,1,3,3,2,3,3,3,1
983,984,0,1,0,0,1,0,0,0,1,4,2,2,3,3,3,2
984,985,0,1,0,0,0,0,1,1,0,4,3,3,3,3,4,1
985,986,1,1,1,0,0,0,0,0,1,3,3,3,1,3,3,1
986,987,0,0,0,0,1,0,0,1,0,6,2,1,3,2,1,1
987,988,0,0,0,0,0,0,1,0,1,5,2,2,2,3,3,1
988,989,1,1,0,0,0,1,0,0,1,4,3,2,4,2,2,1
989,990,0,1,0,1,0,0,0,0,1,4,3,3,3,2,3,1
990,991,0,0,1,0,0,0,0,1,0,4,3,2,2,3,2,1
991,992,0,1,1,0,0,0,0,1,0,2,2,2,3,4,2,2
992,993,0,0,0,0,0,1,0,0,1,4,3,,3,2,3,1
993,994,0,0,1,0,0,0,0,0,1,3,2,2,2,4,4,1
994,995,0,0,1,0,0,0,0,0,1,3,4,2,3,3,2,2
995,996,0,1,1,0,0,0,0,1,0,4,4,2,2,4,4,1
996,997,0,1,1,0,0,0,0,0,1,6,2,2,3,3,2,1
997,998,0,0,0,0,0,0,1,1,0,5,2,3,2,2,3,1
998,999,0,1,0,0,0,0,1,0,1,3,2,3,3,4,3,1
999,1000,0,1,0,1,0,0,0,0,1,5,3,3,3,2,2,1
