,Customer_ID,Gender,Product_Category_Most_Purchased,Churn,Future_Purchase,Age_Group,Annual_Income_Group,Total_Purchases_Group,Average_Purchase_Value_Group,Website_Visits_Last_Month_Group,Marketing_Emails_Opened_Group,Hours_Spent_on_Support_Calls_Group,K-Means Cluster Value,Hierachial Cluster Value,Cluster Value
0,1,Male,Clothing,No,Yes,31-40,40000-60000,3-5,30-65,10-13,3-4,0-2,,,C1_C2
1,2,Female,Electronics,Yes,Yes,31-40,40000-60000,3-5,100-135,10-13,7-9,0-2,,,C1_C2
2,3,Male,Electronics,No,Yes,41-50,20000-40000,3-5,100-135,6-9,3-4,0-2,C1,C2,C1_C2
3,4,Female,Home,No,Yes,51-60,20000-40000,0-2,65-100,6-9,3-4,0-2,C1,C2,C1_C2
4,5,Male,Books,No,Yes,31-40,60000-80000,6-8,100-135,6-9,3-4,0-2,C1,C2,C1_C2
5,6,Male,Clothing,No,No,31-40,40000-60000,6-8,100-135,6-9,7-9,4-6,C1,C2,C2_C3
6,7,Male,Health,No,Yes,51-60,20000-40000,6-8,100-135,14-17,5-6,0-2,C1,C2,C1_C2
7,8,Male,Books,No,Yes,41-50,40000-60000,6-8,100-135,10-13,5-6,0-2,C2,C3,C1_C2
8,9,Female,Home,No,Yes,31-40,60000-80000,3-5,65-100,14-17,5-6,0-2,C1,C2,C1_C2
9,10,Male,Books,No,No,41-50,60000-80000,3-5,100-135,2-5,5-6,2-4,C1,C2,C2_C3
10,11,Female,Home,No,Yes,31-40,60000-80000,0-2,65-100,6-9,3-4,0-2,C1,C2,C1_C2
11,12,Male,Electronics,No,No,31-40,20000-40000,3-5,65-100,10-13,5-6,0-2,C2,C3,C1_C2
12,13,Male,Electronics,No,No,31-40,20000-40000,3-5,30-65,14-17,3-4,0-2,C1,C2,C1_C2
13,14,Male,Books,No,Yes,11-20,60000-80000,3-5,100-135,2-5,7-9,0-2,C1,C2,C1_C2
14,15,Female,Clothing,No,Yes,11-20,40000-60000,3-5,100-135,10-13,5-6,0-2,C1,C2,C1_C2
15,16,Male,Health,No,No,21-30,40000-60000,9-11,100-135,6-9,5-6,0-2,C1,C2,C1_C2
16,17,Female,Home,Yes,Yes,21-30,60000-80000,6-8,100-135,6-9,3-4,0-2,C1,C2,C1_C2
17,18,Female,Health,No,Yes,31-40,40000-60000,6-8,65-100,10-13,5-6,0-2,C1,C2,C1_C2
18,19,Female,Electronics,Yes,No,21-30,40000-60000,3-5,100-135,6-9,3-4,0-2,C1,C2,C1_C2
19,20,Female,Clothing,No,No,21-30,80000- 100000,0-2,100-135,10-13,3-4,0-2,C1,C2,C1_C2
20,21,Female,Clothing,Yes,No,41-50,40000-60000,3-5,65-100,14-17,3-4,0-2,C1,C2,C1_C2
21,22,Female,Health,No,Yes,31-40,60000-80000,3-5,100-135,6-9,5-6,2-4,C1,C2,C2_C3
22,23,Female,Electronics,No,Yes,31-40,40000-60000,3-5,65-100,6-9,5-6,2-4,C1,C2,C2_C3
23,24,Female,Health,No,Yes,21-30,40000-60000,3-5,100-135,14-17,3-4,0-2,C2,C3,C1_C2
24,25,Female,Books,No,Yes,21-30,60000-80000,6-8,65-100,6-9,3-4,0-2,C2,C3,C1_C2
25,26,Male,Clothing,No,Yes,31-40,40000-60000,6-8,100-135,10-13,5-6,0-2,C1,C2,C1_C2
26,27,Male,Clothing,No,Yes,21-30,40000-60000,6-8,65-100,10-13,5-6,0-2,C1,C2,C1_C2
27,28,Male,Books,No,Yes,31-40,60000-80000,3-5,65-100,6-9,3-4,0-2,C1,C2,C1_C2
28,29,Male,Electronics,No,No,21-30,40000-60000,3-5,30-65,6-9,3-4,0-2,C1,C2,C1_C2
29,30,Male,Clothing,Yes,No,31-40,20000-40000,0-2,65-100,10-13,7-9,2-4,C1,C2,C2_C3
30,31,Female,Home,No,No,21-30,20000-40000,3-5,65-100,6-9,7-9,0-2,C1,C2,C1_C3
31,32,Female,Home,No,Yes,51-60,20000-40000,0-2,100-135,6-9,,0-2,C2,C3,C1_C2
32,33,Female,Electronics,No,Yes,31-40,80000- 100000,3-5,135-170,10-13,5-6,0-2,C1,C3,C1_C2
33,34,Female,Books,No,No,21-30,20000-40000,3-5,100-135,6-9,3-4,2-4,C1,C2,C2_C3
34,35,Female,Health,No,Yes,41-50,40000-60000,3-5,135-170,6-9,3-4,2-4,C1,C2,C2_C3
35,36,Female,Electronics,No,Yes,21-30,40000-60000,6-8,65-100,10-13,3-4,2-4,C2,C3,C2_C3
36,37,Female,Health,No,Yes,31-40,40000-60000,6-8,65-100,6-9,3-4,0-2,C2,C3,C1_C2
37,38,Male,Electronics,Yes,Yes,11-20,60000-80000,3-5,65-100,14-17,7-9,0-2,C2,C3,C1_C2
38,39,Male,Home,No,Yes,21-30,60000-80000,3-5,65-100,14-17,5-6,0-2,C1,C2,C1_C2
39,40,Male,Books,No,No,31-40,40000-60000,3-5,135-170,10-13,5-6,0-2,C1,C2,C1_C2
40,41,Male,Home,No,No,41-50,40000-60000,0-2,65-100,6-9,3-4,0-2,C1,C2,C1_C2
41,42,Female,Books,No,Yes,31-40,40000-60000,9-11,100-135,14-17,7-9,0-2,C1,C2,C1_C2
42,43,Female,Health,No,Yes,31-40,40000-60000,6-8,65-100,10-13,5-6,2-4,C1,C2,C2_C3
43,44,Female,Electronics,No,No,31-40,60000-80000,3-5,65-100,6-9,3-4,2-4,C1,C2,C2_C3
44,45,Male,Clothing,No,Yes,21-30,40000-60000,3-5,65-100,6-9,7-9,0-2,C2,C3,C1_C2
45,46,Female,Clothing,No,Yes,21-30,60000-80000,3-5,100-135,10-13,3-4,2-4,C2,C3,C2_C3
46,47,Female,Books,No,No,31-40,40000-60000,3-5,65-100,6-9,3-4,0-2,C1,C2,C1_C2
47,48,Female,Books,Yes,No,41-50,60000-80000,0-2,100-135,14-17,5-6,0-2,C2,C3,C1_C2
48,49,Male,Home,No,No,31-40,40000-60000,3-5,100-135,10-13,5-6,0-2,C1,C2,C1_C2
49,50,Female,Clothing,No,Yes,11-20,20000-40000,6-8,30-65,6-9,3-4,0-2,C1,C2,C1_C2
50,51,Male,Home,No,Yes,31-40,40000-60000,6-8,100-135,2-5,3-4,0-2,C1,C2,C1_C2
51,52,Male,Health,No,No,31-40,40000-60000,9-11,30-65,10-13,,0-2,C1,C2,C1_C2
52,53,Male,Clothing,No,Yes,21-30,40000-60000,3-5,30-65,10-13,5-6,0-2,C1,C2,C1_C2
53,54,Male,Health,No,No,41-50,40000-60000,3-5,65-100,10-13,5-6,0-2,C1,C2,C1_C2
54,55,Female,Electronics,No,Yes,41-50,60000-80000,6-8,65-100,10-13,3-4,4-6,C1,C2,C2_C3
55,56,Male,Home,No,No,41-50,40000-60000,6-8,100-135,6-9,3-4,0-2,C1,C2,C1_C2
56,57,Male,Books,No,Yes,21-30,40000-60000,6-8,65-100,10-13,3-4,0-2,C2,C3,C1_C2
57,58,Female,Clothing,No,Yes,31-40,60000-80000,3-5,100-135,6-9,3-4,0-2,C1,C2,C1_C2
58,59,Female,Home,No,Yes,31-40,40000-60000,3-5,65-100,6-9,3-4,0-2,C1,C2,C1_C2
59,60,Male,Books,Yes,Yes,41-50,80000- 100000,3-5,100-135,14-17,3-4,0-2,C1,C2,C1_C2
60,61,Female,Electronics,No,Yes,31-40,40000-60000,9-11,100-135,6-9,5-6,0-2,C1,C2,C1_C2
61,62,Male,Clothing,No,Yes,31-40,20000-40000,6-8,100-135,14-17,3-4,0-2,C1,C2,C1_C2
62,63,Male,Health,No,No,21-30,60000-80000,0-2,65-100,6-9,5-6,0-2,C1,C2,C1_C2
63,64,Male,Electronics,No,Yes,21-30,40000-60000,0-2,65-100,6-9,3-4,0-2,C1,C2,C1_C2
64,65,Male,Books,No,Yes,41-50,60000-80000,3-5,65-100,10-13,5-6,0-2,C1,C2,C1_C2
65,66,Female,Clothing,No,Yes,41-50,60000-80000,6-8,65-100,6-9,1-2,0-2,C1,C2,C1_C2
66,67,Male,Clothing,No,No,31-40,40000-60000,9-11,65-100,10-13,5-6,2-4,C1,C2,C2_C3
67,68,Female,Electronics,No,Yes,41-50,20000-40000,9-11,65-100,6-9,3-4,0-2,C1,C2,C1_C2
68,69,Female,Clothing,No,Yes,31-40,40000-60000,3-5,100-135,6-9,7-9,0-2,C2,C3,C1_C2
69,70,Female,Books,No,No,21-30,20000-40000,6-8,100-135,14-17,5-6,2-4,C1,C2,C2_C3
70,71,Female,Electronics,No,Yes,31-40,40000-60000,6-8,100-135,6-9,5-6,0-2,C1,C2,C1_C2
71,72,Male,Health,No,Yes,51-60,40000-60000,3-5,100-135,14-17,3-4,0-2,C2,C3,C1_C2
72,73,Female,Electronics,No,Yes,31-40,60000-80000,6-8,65-100,6-9,5-6,2-4,C1,C2,C2_C3
73,74,Male,Electronics,No,No,51-60,40000-60000,3-5,100-135,10-13,5-6,0-2,C1,C2,C1_C2
74,75,Female,Health,No,Yes,2-10,20000-40000,0-2,100-135,10-13,3-4,0-2,C2,C3,C1_C2
75,76,Female,Books,No,No,41-50,40000-60000,9-11,30-65,10-13,5-6,0-2,C1,C2,C1_C3
76,77,Male,Home,No,No,31-40,60000-80000,6-8,65-100,14-17,5-6,2-4,C1,C2,C2_C3
77,78,Male,Home,No,Yes,31-40,40000-60000,3-5,65-100,6-9,5-6,0-2,C1,C3,C1_C2
78,79,Male,Health,Yes,No,31-40,40000-60000,6-8,100-135,14-17,5-6,0-2,C2,C3,C1_C2
79,80,Female,Books,Yes,Yes,11-20,40000-60000,3-5,100-135,6-9,7-9,0-2,C1,C2,C1_C2
80,81,Female,Clothing,No,Yes,31-40,20000-40000,0-2,100-135,14-17,7-9,0-2,C1,C2,C1_C2
81,82,Male,Health,Yes,Yes,31-40,40000-60000,6-8,30-65,6-9,5-6,0-2,C1,C2,C1_C2
82,83,Male,Home,No,No,41-50,40000-60000,3-5,65-100,14-17,5-6,0-2,C1,C2,C1_C2
83,84,Male,Books,No,Yes,21-30,40000-60000,3-5,65-100,14-17,5-6,0-2,C1,C2,C1_C2
84,85,Male,Electronics,Yes,Yes,21-30,20000-40000,3-5,65-100,18-21,5-6,0-2,C1,C2,C1_C3
85,86,Female,Books,No,Yes,21-30,40000-60000,3-5,100-135,6-9,,2-4,C1,C2,C2_C3
86,87,Male,Books,No,Yes,41-50,60000-80000,3-5,65-100,6-9,1-2,2-4,C1,C3,C2_C3
87,88,Male,Home,No,Yes,31-40,40000-60000,3-5,100-135,6-9,3-4,2-4,C2,C3,C2_C3
88,89,Male,Home,No,Yes,21-30,60000-80000,9-11,30-65,6-9,3-4,0-2,C2,C3,C1_C2
89,90,Male,Clothing,No,Yes,41-50,40000-60000,6-8,100-135,6-9,3-4,0-2,C2,C3,C1_C2
90,91,Female,Clothing,No,Yes,31-40,40000-60000,3-5,100-135,2-5,3-4,0-2,C1,C2,C1_C2
91,92,Male,Health,No,Yes,41-50,60000-80000,3-5,100-135,2-5,5-6,0-2,C1,C2,C1_C2
92,93,Female,Electronics,No,Yes,21-30,20000-40000,3-5,100-135,6-9,3-4,0-2,C1,C2,C1_C2
93,94,Male,Clothing,No,No,31-40,20000-40000,3-5,100-135,10-13,5-6,0-2,C1,C2,C1_C2
94,95,Male,Home,Yes,No,31-40,20000-40000,6-8,65-100,14-17,5-6,2-4,C1,C2,C2_C3
95,96,Female,Books,No,Yes,21-30,60000-80000,3-5,65-100,6-9,3-4,0-2,C1,C2,C1_C2
96,97,Male,Health,No,Yes,31-40,40000-60000,3-5,30-65,10-13,3-4,0-2,C2,C3,C1_C2
97,98,Female,Clothing,No,No,31-40,80000- 100000,3-5,65-100,6-9,5-6,0-2,C1,C2,C1_C2
98,99,Female,Books,No,No,31-40,40000-60000,6-8,65-100,10-13,5-6,0-2,C1,C2,C1_C2
99,100,Male,Books,No,Yes,31-40,40000-60000,3-5,100-135,6-9,7-9,0-2,C1,C2,C1_C2
100,101,Female,Clothing,No,Yes,21-30,60000-80000,6-8,65-100,6-9,7-9,0-2,C1,C2,C1_C2
101,102,Female,Electronics,No,Yes,31-40,80000- 100000,6-8,65-100,6-9,7-9,0-2,C1,C2,C1_C2
102,103,Female,Electronics,Yes,Yes,31-40,80000- 100000,0-2,65-100,2-5,5-6,0-2,C1,C2,C1_C2
103,104,Female,Health,No,Yes,21-30,60000-80000,6-8,135-170,6-9,7-9,0-2,C1,C2,C1_C2
104,105,Female,Electronics,No,No,31-40,60000-80000,3-5,65-100,2-5,5-6,0-2,C1,C2,C1_C2
105,106,Female,Health,No,Yes,31-40,40000-60000,0-2,65-100,10-13,7-9,2-4,C1,C2,C2_C3
106,107,Female,Home,No,Yes,51-60,60000-80000,0-2,100-135,14-17,1-2,0-2,C1,C2,C1_C2
107,108,Female,Clothing,No,No,31-40,40000-60000,3-5,135-170,6-9,7-9,2-4,C2,C3,C2_C3
108,109,Male,Books,No,No,31-40,20000-40000,3-5,65-100,18-21,5-6,0-2,C1,C2,C1_C2
109,110,Male,Health,No,No,31-40,40000-60000,3-5,100-135,10-13,5-6,0-2,C2,C3,C1_C2
110,111,Female,Electronics,No,No,11-20,40000-60000,3-5,100-135,6-9,3-4,0-2,C1,C2,C1_C2
111,112,Male,Health,No,Yes,31-40,40000-60000,9-11,30-65,10-13,5-6,0-2,C1,C2,C1_C2
112,113,Female,Health,No,No,31-40,60000-80000,0-2,65-100,10-13,3-4,0-2,C1,C2,C1_C2
113,114,Female,Electronics,Yes,No,51-60,60000-80000,6-8,100-135,6-9,3-4,0-2,C1,C2,C1_C2
114,115,Male,Electronics,No,Yes,31-40,40000-60000,3-5,65-100,6-9,3-4,2-4,C1,C2,C2_C3
115,116,Female,Clothing,No,Yes,31-40,60000-80000,3-5,100-135,14-17,5-6,0-2,C1,C2,C1_C2
116,117,Female,Books,No,Yes,31-40,20000-40000,3-5,65-100,6-9,1-2,0-2,C2,C3,C1_C2
117,118,Female,Clothing,No,No,21-30,40000-60000,9-11,65-100,14-17,3-4,0-2,C1,C2,C1_C2
118,119,Female,Clothing,No,Yes,41-50,20000-40000,0-2,65-100,10-13,3-4,0-2,C1,C2,C1_C2
119,120,Male,Electronics,No,Yes,41-50,20000-40000,6-8,100-135,6-9,5-6,0-2,C1,C2,C1_C2
120,121,Female,Electronics,No,Yes,41-50,40000-60000,3-5,100-135,14-17,3-4,0-2,C1,C2,C1_C2
121,122,Female,Books,No,Yes,21-30,40000-60000,3-5,100-135,10-13,3-4,0-2,C1,C2,C1_C2
122,123,Female,Health,Yes,Yes,41-50,60000-80000,3-5,135-170,6-9,5-6,0-2,C1,C2,C1_C2
123,124,Male,Clothing,No,Yes,21-30,40000-60000,9-11,100-135,6-9,5-6,0-2,C1,C2,C1_C2
124,125,Female,Books,No,No,41-50,20000-40000,3-5,30-65,10-13,3-4,0-2,C1,C2,C1_C2
125,126,Male,Clothing,No,Yes,51-60,60000-80000,3-5,65-100,6-9,3-4,0-2,C1,C2,C1_C2
126,127,Male,Health,Yes,Yes,21-30,60000-80000,3-5,135-170,6-9,3-4,0-2,C1,C2,C1_C2
127,128,Female,Clothing,No,Yes,21-30,40000-60000,3-5,65-100,10-13,7-9,0-2,C1,C2,C1_C2
128,129,Female,Home,No,Yes,31-40,40000-60000,6-8,135-170,6-9,5-6,0-2,C1,C2,C1_C2
129,130,Male,Books,No,Yes,21-30,20000-40000,0-2,65-100,14-17,5-6,0-2,C1,C2,C1_C2
130,131,Female,Electronics,No,Yes,11-20,40000-60000,3-5,65-100,10-13,3-4,0-2,C1,C2,C1_C2
131,132,Male,Clothing,No,Yes,31-40,60000-80000,6-8,100-135,10-13,5-6,0-2,C1,C2,C1_C2
132,133,Male,Books,No,Yes,21-30,60000-80000,3-5,65-100,6-9,3-4,0-2,C1,C2,C1_C2
133,134,Female,Books,No,Yes,31-40,60000-80000,6-8,100-135,6-9,1-2,0-2,C1,C2,C1_C2
134,135,Female,Clothing,No,Yes,21-30,40000-60000,3-5,100-135,10-13,5-6,0-2,C1,C2,C1_C2
135,136,Male,Electronics,No,Yes,51-60,20000-40000,6-8,100-135,6-9,5-6,0-2,C1,C2,C1_C2
136,137,Male,Electronics,No,Yes,21-30,40000-60000,3-5,100-135,10-13,3-4,0-2,C1,C2,C1_C2
137,138,Male,Clothing,No,Yes,31-40,20000-40000,6-8,100-135,10-13,5-6,0-2,C1,C2,C1_C2
138,139,Male,Books,No,No,41-50,40000-60000,3-5,100-135,6-9,,0-2,C1,C2,C1_C2
139,140,Female,Electronics,No,No,21-30,40000-60000,3-5,65-100,6-9,5-6,0-2,C1,C2,C1_C2
140,141,Female,Clothing,No,Yes,31-40,40000-60000,3-5,135-170,10-13,5-6,0-2,C1,C2,C1_C2
141,142,Female,Clothing,Yes,Yes,41-50,20000-40000,9-11,100-135,10-13,7-9,0-2,C1,C2,C1_C2
142,143,Female,Clothing,No,Yes,11-20,40000-60000,6-8,65-100,6-9,7-9,0-2,C1,C2,C1_C2
143,144,Female,Books,Yes,Yes,31-40,40000-60000,6-8,30-65,6-9,5-6,0-2,C1,C2,C1_C2
144,145,Male,Electronics,Yes,No,31-40,20000-40000,3-5,65-100,2-5,5-6,0-2,C1,C2,C1_C2
145,146,Female,Books,No,No,41-50,4500-20000,0-2,100-135,6-9,3-4,0-2,C1,C2,C1_C2
146,147,Female,Home,Yes,No,21-30,40000-60000,9-11,100-135,10-13,5-6,0-2,C1,C2,C1_C2
147,148,Female,Electronics,No,No,21-30,60000-80000,3-5,100-135,10-13,3-4,0-2,C1,C2,C1_C2
148,149,Female,Books,No,No,41-50,60000-80000,3-5,30-65,6-9,3-4,0-2,C1,C2,C1_C2
149,150,Female,Electronics,No,Yes,31-40,40000-60000,3-5,65-100,10-13,5-6,0-2,C1,C2,C1_C2
150,151,Male,Home,No,Yes,31-40,40000-60000,3-5,65-100,10-13,3-4,0-2,C1,C2,C1_C2
151,152,Male,Health,No,No,31-40,40000-60000,0-2,65-100,10-13,5-6,0-2,C1,C2,C1_C2
152,153,Male,Clothing,No,Yes,21-30,20000-40000,0-2,135-170,10-13,5-6,4-6,C1,C2,C2_C3
153,154,Female,Books,No,Yes,31-40,40000-60000,6-8,135-170,14-17,5-6,0-2,C1,C2,C1_C2
154,155,Male,Home,No,Yes,31-40,60000-80000,3-5,65-100,10-13,3-4,0-2,C2,C3,C1_C2
155,156,Male,Home,No,No,21-30,60000-80000,0-2,65-100,6-9,3-4,0-2,C1,C2,C1_C3
156,157,Female,Electronics,No,Yes,51-60,40000-60000,3-5,65-100,6-9,5-6,0-2,C1,C2,C1_C2
157,158,Female,Electronics,No,Yes,31-40,40000-60000,6-8,65-100,14-17,7-9,0-2,C1,C3,C1_C2
158,159,Female,Clothing,Yes,No,21-30,20000-40000,3-5,100-135,10-13,3-4,0-2,C1,C2,C1_C2
159,160,Male,Electronics,No,No,41-50,20000-40000,3-5,100-135,2-5,3-4,0-2,C1,C2,C1_C2
160,161,Male,Books,No,No,21-30,40000-60000,3-5,100-135,14-17,7-9,0-2,C1,C2,C1_C3
161,162,Female,Books,Yes,Yes,41-50,40000-60000,3-5,65-100,2-5,3-4,0-2,C1,C2,C1_C2
162,163,Female,Books,No,Yes,41-50,60000-80000,3-5,100-135,6-9,7-9,0-2,C1,C3,C1_C2
163,164,Male,Health,No,No,21-30,20000-40000,3-5,100-135,10-13,5-6,0-2,C1,C2,C1_C2
164,165,Male,Books,No,Yes,41-50,60000-80000,3-5,100-135,14-17,5-6,0-2,C1,C2,C1_C2
165,166,Female,Electronics,No,Yes,31-40,40000-60000,6-8,65-100,6-9,3-4,0-2,C1,C2,C1_C2
166,167,Female,Electronics,Yes,Yes,41-50,40000-60000,6-8,100-135,6-9,3-4,0-2,C1,C2,C1_C2
167,168,Male,Books,No,Yes,51-60,20000-40000,3-5,100-135,10-13,3-4,0-2,C1,C2,C1_C2
168,169,Female,Home,No,Yes,31-40,4500-20000,9-11,65-100,14-17,7-9,0-2,C1,C2,C1_C2
169,170,Male,Home,No,Yes,21-30,60000-80000,6-8,65-100,6-9,5-6,0-2,C1,C2,C1_C2
170,171,Male,Home,No,Yes,21-30,60000-80000,3-5,65-100,10-13,5-6,0-2,C1,C2,C1_C2
171,172,Male,Clothing,No,No,21-30,40000-60000,3-5,65-100,6-9,5-6,0-2,C1,C2,C1_C2
172,173,Male,Health,Yes,Yes,31-40,40000-60000,3-5,65-100,6-9,3-4,0-2,C1,C2,C1_C2
173,174,Female,Books,Yes,Yes,31-40,40000-60000,9-11,65-100,6-9,5-6,0-2,C1,C2,C1_C2
174,175,Female,Clothing,No,Yes,31-40,20000-40000,6-8,65-100,14-17,5-6,0-2,C1,C2,C1_C2
175,176,Male,Home,No,Yes,41-50,40000-60000,0-2,65-100,10-13,5-6,0-2,C1,C2,C1_C2
176,177,Male,Books,No,No,31-40,60000-80000,3-5,100-135,6-9,3-4,0-2,C1,C2,C1_C2
177,178,Male,Clothing,No,Yes,41-50,20000-40000,3-5,100-135,14-17,5-6,0-2,C1,C2,C1_C2
178,179,Male,Electronics,No,No,31-40,40000-60000,0-2,65-100,6-9,7-9,0-2,C1,C2,C1_C2
179,180,Male,Home,No,Yes,61-73,20000-40000,3-5,65-100,6-9,5-6,0-2,C1,C2,C1_C2
180,181,Female,Clothing,Yes,Yes,41-50,40000-60000,6-8,65-100,6-9,3-4,0-2,C1,C2,C1_C2
181,182,Female,Electronics,No,Yes,21-30,40000-60000,3-5,65-100,6-9,5-6,0-2,C1,C2,C1_C2
182,183,Female,Home,No,Yes,21-30,20000-40000,9-11,100-135,10-13,3-4,2-4,C1,C2,C2_C3
183,184,Female,Health,No,Yes,31-40,60000-80000,3-5,100-135,6-9,5-6,0-2,C1,C2,C1_C2
184,185,Male,Home,No,Yes,31-40,20000-40000,3-5,100-135,2-5,7-9,0-2,C2,C3,C1_C2
185,186,Male,Health,No,Yes,41-50,20000-40000,3-5,100-135,14-17,5-6,0-2,C1,C2,C1_C2
186,187,Male,Health,No,No,31-40,40000-60000,3-5,100-135,14-17,5-6,0-2,C1,C2,C1_C2
187,188,Male,Health,No,No,31-40,60000-80000,3-5,100-135,2-5,5-6,0-2,C1,C2,C1_C2
188,189,Male,Books,No,Yes,21-30,20000-40000,6-8,100-135,6-9,3-4,0-2,C1,C2,C1_C2
189,190,Female,Books,No,Yes,11-20,40000-60000,3-5,65-100,10-13,3-4,0-2,C1,C2,C1_C2
190,191,Male,Health,No,Yes,31-40,40000-60000,0-2,100-135,6-9,7-9,2-4,C1,C2,C2_C3
191,192,Female,Electronics,No,No,41-50,60000-80000,9-11,100-135,10-13,5-6,0-2,C1,C2,C1_C2
192,193,Female,Health,No,Yes,31-40,40000-60000,3-5,100-135,6-9,1-2,0-2,C2,C3,C1_C2
193,194,Female,Clothing,No,Yes,21-30,40000-60000,9-11,100-135,18-21,3-4,2-4,C1,C2,C2_C3
194,195,Female,Health,Yes,Yes,31-40,20000-40000,3-5,135-170,18-21,5-6,2-4,C1,C2,C2_C3
195,196,Male,Books,No,Yes,31-40,40000-60000,3-5,65-100,10-13,5-6,0-2,C2,C3,C1_C2
196,197,Female,Books,No,Yes,21-30,20000-40000,0-2,100-135,14-17,7-9,0-2,C2,C3,C1_C2
197,198,Female,Clothing,Yes,Yes,31-40,4500-20000,3-5,65-100,14-17,3-4,0-2,C1,C2,C1_C2
198,199,Female,Clothing,No,No,31-40,40000-60000,6-8,100-135,6-9,7-9,0-2,C1,C2,C1_C2
199,200,Male,Home,No,No,21-30,60000-80000,6-8,65-100,6-9,5-6,0-2,C1,C2,C1_C2
200,201,Male,Electronics,No,Yes,31-40,4500-20000,0-2,100-135,10-13,5-6,0-2,C1,C2,C1_C2
201,202,Male,Electronics,No,Yes,41-50,20000-40000,3-5,100-135,14-17,5-6,0-2,C1,C2,C1_C2
202,203,Female,Electronics,Yes,Yes,41-50,40000-60000,3-5,100-135,6-9,3-4,0-2,C1,C2,C1_C2
203,204,Female,Books,No,No,41-50,80000- 100000,3-5,100-135,6-9,7-9,0-2,C1,C2,C1_C2
204,205,Male,Electronics,No,No,21-30,40000-60000,6-8,65-100,6-9,3-4,0-2,C1,C2,C1_C2
205,206,Female,Home,No,Yes,21-30,20000-40000,3-5,65-100,14-17,3-4,0-2,C1,C2,C1_C2
206,207,Male,Home,No,Yes,41-50,40000-60000,6-8,100-135,14-17,5-6,0-2,C1,C2,C1_C2
207,208,Male,Electronics,No,Yes,41-50,60000-80000,3-5,30-65,10-13,5-6,0-2,C1,C2,C1_C2
208,209,Female,Clothing,No,Yes,41-50,40000-60000,3-5,100-135,10-13,7-9,0-2,C1,C2,C1_C2
209,210,Female,Home,No,Yes,,20000-40000,6-8,135-170,10-13,5-6,0-2,C1,C2,C1_C2
210,211,Female,Clothing,No,No,41-50,40000-60000,3-5,100-135,14-17,5-6,0-2,C1,C2,C1_C2
211,212,Female,Books,Yes,Yes,41-50,20000-40000,6-8,65-100,6-9,7-9,0-2,C1,C2,C1_C2
212,213,Male,Home,No,Yes,41-50,40000-60000,6-8,65-100,14-17,1-2,0-2,C1,C2,C1_C2
213,214,Male,Clothing,No,No,41-50,60000-80000,3-5,100-135,6-9,7-9,0-2,C1,C2,C1_C2
214,215,Male,Electronics,No,Yes,31-40,40000-60000,6-8,65-100,10-13,3-4,0-2,C1,C2,C1_C2
215,216,Male,Books,Yes,No,41-50,40000-60000,3-5,100-135,14-17,7-9,0-2,C1,C2,C1_C2
216,217,Male,Health,No,Yes,21-30,40000-60000,3-5,65-100,14-17,3-4,0-2,C1,C2,C1_C2
217,218,Female,Health,No,No,31-40,20000-40000,3-5,100-135,6-9,5-6,0-2,C1,C2,C1_C2
218,219,Male,Electronics,No,Yes,31-40,60000-80000,9-11,100-135,6-9,7-9,0-2,C1,C2,C1_C2
219,220,Male,Books,No,Yes,31-40,40000-60000,6-8,65-100,6-9,5-6,0-2,C1,C2,C1_C2
220,221,Male,Books,No,Yes,51-60,40000-60000,3-5,65-100,18-21,5-6,0-2,C1,C2,C1_C2
221,222,Female,Books,No,Yes,11-20,80000- 100000,3-5,65-100,14-17,5-6,0-2,C1,C2,C1_C2
222,223,Female,Books,No,Yes,41-50,40000-60000,3-5,65-100,6-9,5-6,0-2,C1,C2,C1_C2
223,224,Female,Health,No,No,11-20,20000-40000,3-5,65-100,6-9,7-9,0-2,C1,C2,C1_C2
224,225,Female,Clothing,No,No,31-40,40000-60000,0-2,65-100,2-5,5-6,0-2,C1,C2,C1_C2
225,226,Male,Books,Yes,Yes,41-50,60000-80000,6-8,100-135,10-13,3-4,0-2,C1,C2,C1_C2
226,227,Male,Clothing,Yes,Yes,31-40,40000-60000,0-2,100-135,14-17,1-2,2-4,C1,C2,C2_C3
227,228,Female,Books,No,No,21-30,20000-40000,3-5,100-135,14-17,3-4,2-4,C1,C2,C2_C3
228,229,Female,Home,No,No,21-30,60000-80000,0-2,65-100,6-9,3-4,0-2,C2,C3,C1_C2
229,230,Male,Home,No,Yes,41-50,20000-40000,6-8,135-170,10-13,5-6,0-2,C2,C3,C1_C2
230,231,Male,Home,Yes,No,21-30,60000-80000,3-5,65-100,14-17,3-4,0-2,C1,C2,C1_C2
231,232,Female,Books,No,Yes,31-40,60000-80000,3-5,100-135,10-13,1-2,2-4,C1,C2,C2_C3
232,233,Female,Clothing,Yes,Yes,31-40,40000-60000,0-2,65-100,2-5,1-2,0-2,C1,C2,C1_C2
233,234,Female,Health,No,Yes,21-30,60000-80000,6-8,65-100,6-9,7-9,0-2,C2,C3,C1_C2
234,235,Female,Electronics,No,No,51-60,40000-60000,6-8,65-100,14-17,5-6,0-2,C1,C2,C1_C2
235,236,Male,Health,No,Yes,41-50,60000-80000,6-8,65-100,10-13,3-4,0-2,C1,C2,C1_C2
236,237,Male,Books,No,Yes,11-20,40000-60000,6-8,65-100,6-9,7-9,0-2,C1,C2,C1_C2
237,238,Male,Home,Yes,Yes,31-40,20000-40000,6-8,100-135,6-9,3-4,0-2,C1,C2,C1_C2
238,239,Female,Home,No,Yes,21-30,40000-60000,3-5,100-135,6-9,7-9,0-2,C1,C2,C1_C2
239,240,Female,Clothing,No,Yes,41-50,60000-80000,3-5,65-100,14-17,5-6,0-2,C1,C2,C1_C2
240,241,Male,Books,No,Yes,21-30,40000-60000,6-8,65-100,6-9,3-4,2-4,C1,C2,C2_C3
241,242,Male,Health,No,Yes,31-40,40000-60000,3-5,65-100,10-13,5-6,0-2,C1,C2,C1_C2
242,243,Male,Books,No,Yes,41-50,20000-40000,3-5,100-135,6-9,5-6,0-2,C2,C3,C1_C3
243,244,Male,Books,No,No,41-50,40000-60000,6-8,65-100,6-9,5-6,0-2,C1,C2,C1_C2
244,245,Female,Home,Yes,Yes,21-30,80000- 100000,3-5,65-100,10-13,7-9,0-2,C1,C3,C1_C2
245,246,Male,Health,No,No,31-40,20000-40000,0-2,65-100,10-13,3-4,0-2,C1,C2,C1_C2
246,247,Male,Electronics,No,Yes,31-40,40000-60000,3-5,135-170,10-13,3-4,0-2,C1,C2,C1_C2
247,248,Male,Home,No,Yes,21-30,60000-80000,3-5,100-135,10-13,3-4,0-2,C1,C2,C1_C2
248,249,Male,Health,No,Yes,51-60,40000-60000,6-8,100-135,14-17,3-4,0-2,C1,C2,C1_C2
249,250,Male,Clothing,No,Yes,31-40,40000-60000,9-11,100-135,6-9,3-4,0-2,C1,C2,C1_C2
250,251,Male,Home,No,Yes,21-30,20000-40000,3-5,65-100,2-5,7-9,6-8,C1,C2,C2_C1
251,252,Male,Clothing,No,No,41-50,40000-60000,3-5,65-100,10-13,3-4,0-2,C1,C2,C1_C2
252,253,Female,Home,No,No,51-60,40000-60000,3-5,65-100,6-9,5-6,0-2,C2,C1,C1_C2
253,254,Female,Books,No,Yes,41-50,60000-80000,0-2,65-100,6-9,5-6,0-2,C1,C2,C1_C2
254,255,Female,Health,No,Yes,11-20,60000-80000,3-5,65-100,6-9,7-9,0-2,C1,C2,C1_C2
255,256,Female,Clothing,Yes,No,31-40,80000- 100000,9-11,65-100,10-13,,0-2,C1,C2,C1_C2
256,257,Male,Home,No,Yes,41-50,40000-60000,3-5,135-170,6-9,5-6,0-2,C1,C2,C1_C2
257,258,Female,Clothing,No,Yes,21-30,40000-60000,3-5,100-135,14-17,7-9,0-2,C1,C2,C1_C2
258,259,Female,Home,No,No,31-40,40000-60000,6-8,100-135,10-13,5-6,0-2,C1,C2,C1_C2
259,260,Male,Home,No,No,41-50,40000-60000,6-8,65-100,6-9,7-9,0-2,C1,C2,C1_C2
260,261,Male,Electronics,No,Yes,21-30,40000-60000,3-5,65-100,10-13,5-6,0-2,C1,C2,C1_C2
261,262,Female,Electronics,No,Yes,31-40,40000-60000,3-5,65-100,6-9,3-4,2-4,C1,C2,C2_C3
262,263,Female,Electronics,No,Yes,2-10,40000-60000,9-11,65-100,10-13,5-6,0-2,C1,C2,C1_C3
263,264,Male,Clothing,No,No,21-30,60000-80000,0-2,100-135,10-13,5-6,0-2,C2,C3,C1_C2
264,265,Female,Books,No,No,31-40,20000-40000,6-8,65-100,10-13,3-4,0-2,C1,C3,C1_C2
265,266,Male,Home,No,Yes,21-30,60000-80000,6-8,65-100,6-9,3-4,0-2,C1,C2,C1_C2
266,267,Male,Health,No,No,51-60,60000-80000,6-8,100-135,6-9,5-6,0-2,C1,C2,C1_C2
267,268,Male,Electronics,No,No,21-30,40000-60000,9-11,100-135,6-9,7-9,2-4,C1,C2,C2_C3
268,269,Male,Clothing,No,Yes,31-40,4500-20000,3-5,100-135,2-5,1-2,0-2,C1,C2,C1_C2
269,270,Female,Clothing,No,No,31-40,40000-60000,6-8,100-135,6-9,5-6,0-2,C2,C3,C1_C2
270,271,Male,Clothing,No,Yes,41-50,60000-80000,6-8,65-100,10-13,5-6,0-2,C1,C2,C1_C3
271,272,Male,Health,No,Yes,21-30,40000-60000,6-8,100-135,10-13,7-9,0-2,C1,C2,C1_C2
272,273,Female,Health,No,Yes,41-50,20000-40000,3-5,100-135,2-5,7-9,0-2,C1,C3,C1_C2
273,274,Male,Electronics,No,No,31-40,40000-60000,3-5,65-100,6-9,5-6,0-2,C1,C2,C1_C2
274,275,Female,Health,No,Yes,21-30,60000-80000,0-2,135-170,10-13,5-6,0-2,C1,C2,C1_C2
275,276,Female,Electronics,Yes,Yes,31-40,40000-60000,6-8,135-170,2-5,3-4,8-10,C1,C2,C2_C1
276,277,Female,Health,No,No,31-40,40000-60000,3-5,100-135,2-5,5-6,0-2,C1,C2,C1_C2
277,278,Male,Health,Yes,Yes,21-30,40000-60000,6-8,100-135,6-9,5-6,0-2,C2,C1,C1_C2
278,279,Female,Health,No,No,31-40,40000-60000,3-5,65-100,10-13,7-9,0-2,C1,C2,C1_C2
279,280,Female,Electronics,No,Yes,31-40,20000-40000,3-5,65-100,10-13,5-6,0-2,C1,C2,C1_C2
280,281,Male,Home,Yes,Yes,31-40,60000-80000,3-5,100-135,10-13,3-4,0-2,C1,C2,C1_C2
281,282,Female,Electronics,No,Yes,41-50,40000-60000,3-5,65-100,10-13,5-6,0-2,C1,C2,C1_C2
282,283,Female,Home,No,No,51-60,60000-80000,3-5,100-135,10-13,3-4,0-2,C1,C2,C1_C2
283,284,Female,Clothing,No,Yes,21-30,60000-80000,3-5,100-135,10-13,1-2,0-2,C1,C2,C1_C2
284,285,Female,Clothing,No,Yes,51-60,60000-80000,3-5,65-100,6-9,3-4,0-2,C1,C2,C1_C2
285,286,Female,Electronics,No,No,11-20,40000-60000,3-5,65-100,14-17,3-4,0-2,C1,C2,C1_C2
286,287,Male,Home,Yes,Yes,31-40,40000-60000,3-5,65-100,10-13,7-9,0-2,C1,C2,C1_C2
287,288,Female,Home,Yes,No,41-50,40000-60000,9-11,100-135,6-9,3-4,4-6,C1,C2,C2_C3
288,289,Female,Home,No,No,31-40,20000-40000,0-2,65-100,6-9,3-4,0-2,C1,C2,C1_C2
289,290,Male,Clothing,No,Yes,21-30,40000-60000,3-5,65-100,2-5,7-9,0-2,C2,C3,C1_C2
290,291,Male,Electronics,No,Yes,31-40,20000-40000,3-5,100-135,14-17,5-6,0-2,C1,C2,C1_C2
291,292,Male,Books,Yes,Yes,31-40,60000-80000,3-5,65-100,6-9,1-2,0-2,C1,C2,C1_C2
292,293,Female,Home,No,Yes,21-30,40000-60000,6-8,100-135,10-13,3-4,0-2,C1,C2,C1_C2
293,294,Male,Home,No,No,41-50,40000-60000,3-5,30-65,6-9,3-4,0-2,C1,C2,C1_C2
294,295,Female,Books,No,No,31-40,40000-60000,3-5,100-135,10-13,3-4,0-2,C1,C2,C1_C3
295,296,Female,Electronics,No,Yes,21-30,40000-60000,3-5,65-100,6-9,3-4,2-4,C1,C2,C2_C3
296,297,Male,Home,No,Yes,41-50,40000-60000,3-5,65-100,14-17,5-6,0-2,C1,C3,C1_C2
297,298,Male,Electronics,Yes,Yes,31-40,40000-60000,6-8,100-135,14-17,3-4,0-2,C2,C3,C1_C2
298,299,Female,Home,No,Yes,41-50,60000-80000,3-5,100-135,2-5,3-4,0-2,C1,C2,C1_C2
299,300,Male,Health,Yes,Yes,41-50,20000-40000,6-8,100-135,14-17,7-9,0-2,C1,C2,C1_C2
300,301,Female,Home,No,Yes,21-30,40000-60000,3-5,65-100,6-9,5-6,0-2,C1,C2,C1_C2
301,302,Male,Health,No,Yes,21-30,60000-80000,3-5,65-100,14-17,7-9,0-2,C1,C2,C1_C2
302,303,Male,Electronics,No,Yes,41-50,20000-40000,3-5,65-100,18-21,5-6,0-2,C1,C2,C1_C2
303,304,Male,Home,No,No,41-50,20000-40000,6-8,65-100,14-17,5-6,0-2,C1,C2,C1_C2
304,305,Female,Clothing,Yes,Yes,31-40,40000-60000,6-8,100-135,6-9,5-6,0-2,C1,C2,C1_C2
305,306,Male,Clothing,No,No,31-40,40000-60000,3-5,100-135,6-9,3-4,0-2,C1,C2,C1_C2
306,307,Female,Books,No,Yes,41-50,40000-60000,0-2,65-100,14-17,3-4,0-2,C1,C2,C1_C2
307,308,Female,Clothing,No,No,21-30,40000-60000,6-8,100-135,6-9,5-6,0-2,C1,C2,C1_C2
308,309,Female,Health,No,Yes,41-50,40000-60000,3-5,65-100,6-9,5-6,0-2,C1,C2,C1_C2
309,310,Female,Clothing,Yes,No,31-40,60000-80000,0-2,100-135,10-13,5-6,0-2,C1,C2,C1_C2
310,311,Male,Clothing,No,No,31-40,40000-60000,3-5,100-135,14-17,7-9,0-2,C1,C2,C1_C2
311,312,Female,Clothing,No,Yes,41-50,40000-60000,0-2,65-100,6-9,5-6,0-2,C1,C2,C1_C2
312,313,Female,Home,No,Yes,41-50,60000-80000,3-5,135-170,14-17,5-6,0-2,C1,C2,C1_C2
313,314,Male,Books,No,No,41-50,60000-80000,3-5,65-100,6-9,5-6,0-2,C1,C2,C1_C2
314,315,Female,Electronics,No,No,41-50,40000-60000,6-8,100-135,2-5,7-9,0-2,C1,C2,C1_C2
315,316,Male,Books,No,No,31-40,20000-40000,3-5,100-135,6-9,7-9,0-2,C1,C2,C1_C2
316,317,Female,Health,No,No,41-50,60000-80000,3-5,100-135,6-9,7-9,0-2,C1,C2,C1_C2
317,318,Male,Home,No,Yes,31-40,40000-60000,6-8,100-135,2-5,3-4,4-6,C1,C2,C2_C3
318,319,Female,Home,Yes,Yes,31-40,4500-20000,9-11,100-135,10-13,5-6,0-2,C1,C2,C1_C2
319,320,Male,Clothing,No,Yes,31-40,60000-80000,6-8,65-100,6-9,3-4,2-4,C2,C3,C2_C3
320,321,Female,Clothing,No,No,31-40,40000-60000,6-8,100-135,6-9,3-4,0-2,C1,C2,C1_C3
321,322,Female,Health,Yes,Yes,41-50,40000-60000,6-8,100-135,6-9,7-9,0-2,C2,C3,C1_C2
322,323,Male,Home,No,Yes,21-30,40000-60000,9-11,100-135,10-13,1-2,0-2,C1,C3,C1_C2
323,324,Male,Electronics,Yes,No,51-60,40000-60000,0-2,65-100,10-13,7-9,0-2,C1,C2,C1_C2
324,325,Male,Books,Yes,No,21-30,60000-80000,3-5,100-135,6-9,3-4,0-2,C1,C2,C1_C2
325,326,Male,Home,No,Yes,21-30,40000-60000,9-11,135-170,14-17,5-6,0-2,C1,C2,C1_C2
326,327,Female,Electronics,No,Yes,41-50,40000-60000,3-5,65-100,6-9,3-4,0-2,C1,C2,C1_C2
327,328,Female,Electronics,No,Yes,41-50,40000-60000,6-8,100-135,10-13,3-4,0-2,C1,C2,C1_C2
328,329,Male,Books,No,Yes,41-50,60000-80000,3-5,65-100,6-9,3-4,0-2,C1,C2,C1_C2
329,330,Female,Electronics,No,No,41-50,40000-60000,3-5,65-100,6-9,5-6,0-2,C1,C2,C1_C2
330,331,Male,Health,No,Yes,31-40,20000-40000,9-11,135-170,6-9,3-4,2-4,C1,C2,C2_C3
331,332,Male,Electronics,No,No,21-30,60000-80000,0-2,100-135,10-13,5-6,0-2,C1,C2,C1_C2
332,333,Female,Health,No,No,31-40,40000-60000,3-5,100-135,6-9,1-2,0-2,C2,C3,C1_C2
333,334,Female,Electronics,No,Yes,21-30,60000-80000,9-11,100-135,14-17,3-4,0-2,C1,C2,C1_C2
334,335,Female,Clothing,Yes,Yes,41-50,40000-60000,3-5,100-135,6-9,3-4,0-2,C1,C2,C1_C2
335,336,Female,Electronics,No,Yes,31-40,60000-80000,3-5,100-135,6-9,5-6,0-2,C1,C2,C1_C2
336,337,Female,Health,No,Yes,21-30,40000-60000,6-8,100-135,18-21,5-6,2-4,C1,C2,C2_C3
337,338,Female,Electronics,Yes,Yes,31-40,40000-60000,3-5,65-100,14-17,7-9,0-2,C1,C2,C1_C2
338,339,Female,Electronics,No,No,31-40,40000-60000,6-8,100-135,6-9,3-4,2-4,C2,C3,C2_C3
339,340,Male,Electronics,No,Yes,21-30,40000-60000,3-5,65-100,6-9,5-6,0-2,C1,C2,C1_C2
340,341,Male,Health,No,No,21-30,60000-80000,3-5,100-135,2-5,5-6,0-2,C2,C3,C1_C2
341,342,Male,Electronics,No,Yes,31-40,20000-40000,3-5,65-100,14-17,3-4,0-2,C1,C2,C1_C2
342,343,Male,Books,No,Yes,31-40,20000-40000,0-2,100-135,6-9,5-6,0-2,C1,C2,C1_C2
343,344,Male,Books,No,No,21-30,20000-40000,0-2,30-65,10-13,5-6,2-4,C1,C2,C2_C3
344,345,Female,Health,No,Yes,31-40,60000-80000,3-5,65-100,14-17,3-4,0-2,C1,C2,C1_C2
345,346,Male,Clothing,No,Yes,31-40,60000-80000,3-5,65-100,14-17,1-2,0-2,C2,C3,C1_C2
346,347,Male,Books,Yes,Yes,21-30,40000-60000,6-8,100-135,6-9,3-4,0-2,C1,C2,C1_C2
347,348,Male,Home,No,Yes,21-30,40000-60000,6-8,100-135,2-5,5-6,0-2,C1,C2,C1_C2
348,349,Male,Books,Yes,No,21-30,40000-60000,6-8,65-100,10-13,3-4,0-2,C1,C2,C1_C2
349,350,Male,Home,No,Yes,31-40,60000-80000,0-2,100-135,18-21,3-4,0-2,C1,C2,C1_C2
350,351,Male,Health,No,Yes,31-40,20000-40000,6-8,65-100,6-9,3-4,0-2,C1,C2,C1_C2
351,352,Male,Clothing,Yes,Yes,41-50,40000-60000,6-8,30-65,2-5,3-4,0-2,C1,C2,C1_C2
352,353,Female,Home,No,No,41-50,60000-80000,6-8,100-135,14-17,3-4,0-2,C1,C2,C1_C2
353,354,Female,Home,No,Yes,31-40,40000-60000,3-5,30-65,14-17,7-9,0-2,C1,C2,C1_C2
354,355,Male,Books,No,Yes,31-40,40000-60000,3-5,65-100,14-17,1-2,0-2,C1,C2,C1_C2
355,356,Female,Home,No,Yes,21-30,60000-80000,3-5,65-100,14-17,5-6,2-4,C1,C2,C2_C3
356,357,Female,Health,No,Yes,31-40,4500-20000,0-2,65-100,10-13,5-6,0-2,C1,C2,C1_C2
357,358,Female,Health,No,Yes,31-40,60000-80000,6-8,65-100,14-17,5-6,0-2,C2,C3,C1_C2
358,359,Female,Health,No,Yes,31-40,40000-60000,6-8,65-100,2-5,5-6,2-4,C1,C2,C2_C3
359,360,Male,Books,No,Yes,21-30,20000-40000,6-8,100-135,2-5,3-4,0-2,C1,C2,C1_C2
360,361,Female,Clothing,No,Yes,41-50,40000-60000,6-8,65-100,10-13,7-9,0-2,C2,C3,C1_C2
361,362,Female,Books,No,Yes,51-60,60000-80000,6-8,100-135,6-9,5-6,0-2,C1,C2,C1_C2
362,363,Female,Health,Yes,No,31-40,40000-60000,6-8,100-135,6-9,5-6,0-2,C1,C2,C1_C2
363,364,Male,Books,No,No,31-40,60000-80000,3-5,100-135,10-13,5-6,0-2,C1,C2,C1_C2
364,365,Male,Health,No,Yes,41-50,60000-80000,3-5,65-100,10-13,7-9,0-2,C1,C2,C1_C2
365,366,Male,Electronics,No,Yes,31-40,60000-80000,6-8,65-100,14-17,5-6,0-2,C1,C2,C1_C2
366,367,Male,Electronics,No,Yes,31-40,60000-80000,3-5,100-135,6-9,7-9,0-2,C1,C2,C1_C2
367,368,Male,Home,No,No,31-40,60000-80000,9-11,65-100,6-9,5-6,0-2,C1,C2,C1_C2
368,369,Male,Clothing,No,Yes,31-40,40000-60000,3-5,100-135,6-9,5-6,0-2,C1,C2,C1_C2
369,370,Male,Electronics,No,No,21-30,20000-40000,6-8,65-100,2-5,5-6,0-2,C1,C2,C1_C2
370,371,Female,Health,No,Yes,31-40,40000-60000,6-8,100-135,6-9,7-9,0-2,C1,C2,C1_C2
371,372,Female,Books,No,Yes,31-40,20000-40000,3-5,100-135,6-9,7-9,0-2,C1,C2,C1_C2
372,373,Female,Books,No,No,41-50,80000- 100000,6-8,135-170,10-13,3-4,0-2,C1,C2,C1_C2
373,374,Male,Home,No,No,41-50,40000-60000,3-5,100-135,6-9,5-6,0-2,C1,C2,C1_C2
374,375,Male,Books,No,No,51-60,40000-60000,3-5,100-135,14-17,3-4,2-4,C1,C2,C2_C3
375,376,Male,Electronics,No,Yes,21-30,40000-60000,0-2,65-100,6-9,5-6,2-4,C1,C2,C2_C3
376,377,Male,Books,No,Yes,41-50,40000-60000,3-5,65-100,6-9,3-4,0-2,C2,C3,C1_C2
377,378,Male,Electronics,Yes,Yes,31-40,60000-80000,0-2,100-135,6-9,3-4,0-2,C2,C3,C1_C2
378,379,Female,Electronics,Yes,Yes,51-60,40000-60000,6-8,65-100,18-21,7-9,0-2,C1,C2,C1_C2
379,380,Female,Clothing,Yes,Yes,21-30,40000-60000,6-8,100-135,14-17,3-4,2-4,C1,C2,C2_C3
380,381,Male,Home,No,Yes,21-30,20000-40000,3-5,100-135,10-13,5-6,0-2,C1,C2,C1_C2
381,382,Male,Health,No,Yes,21-30,20000-40000,3-5,100-135,14-17,5-6,0-2,C2,C3,C1_C2
382,383,Male,Electronics,No,Yes,11-20,40000-60000,3-5,100-135,10-13,3-4,0-2,C1,C2,C1_C2
383,384,Male,Home,No,No,21-30,40000-60000,6-8,65-100,6-9,3-4,0-2,C1,C2,C1_C2
384,385,Female,Health,No,No,21-30,40000-60000,3-5,65-100,6-9,5-6,0-2,C1,C2,C1_C2
385,386,Male,Books,No,Yes,31-40,20000-40000,0-2,65-100,10-13,3-4,0-2,C1,C2,C1_C2
386,387,Male,Home,No,Yes,31-40,20000-40000,6-8,100-135,10-13,5-6,0-2,C1,C2,C1_C2
387,388,Male,Home,No,Yes,51-60,40000-60000,9-11,65-100,6-9,7-9,0-2,C1,C2,C1_C2
388,389,Male,Home,Yes,No,41-50,20000-40000,3-5,65-100,14-17,3-4,0-2,C1,C2,C1_C2
389,390,Female,Books,No,Yes,21-30,60000-80000,6-8,100-135,6-9,3-4,0-2,C1,C2,C1_C2
390,391,Male,Books,No,No,21-30,40000-60000,3-5,65-100,14-17,5-6,0-2,C1,C2,C1_C2
391,392,Male,Home,No,No,31-40,20000-40000,6-8,65-100,10-13,5-6,0-2,C1,C2,C1_C2
392,393,Female,Clothing,Yes,Yes,21-30,40000-60000,3-5,65-100,14-17,3-4,0-2,C1,C2,C1_C2
393,394,Female,Electronics,No,Yes,51-60,20000-40000,6-8,30-65,6-9,1-2,0-2,C1,C2,C1_C2
394,395,Female,Books,Yes,No,41-50,40000-60000,6-8,65-100,6-9,5-6,0-2,C1,C2,C1_C2
395,396,Male,Clothing,No,Yes,31-40,60000-80000,0-2,100-135,10-13,7-9,0-2,C1,C2,C1_C2
396,397,Male,Books,No,Yes,11-20,20000-40000,3-5,65-100,2-5,5-6,0-2,C1,C2,C1_C2
397,398,Female,Home,No,No,41-50,40000-60000,9-11,30-65,14-17,5-6,0-2,C1,C2,C1_C2
398,399,Female,Clothing,No,Yes,31-40,40000-60000,3-5,65-100,6-9,7-9,0-2,C1,C2,C1_C2
399,400,Female,Health,Yes,No,41-50,60000-80000,3-5,100-135,18-21,5-6,0-2,C1,C2,C1_C2
400,401,Female,Electronics,Yes,No,11-20,40000-60000,3-5,100-135,14-17,5-6,0-2,C1,C2,C1_C2
401,402,Female,Electronics,No,No,21-30,20000-40000,3-5,65-100,10-13,5-6,0-2,C1,C2,C1_C2
402,403,Female,Books,No,Yes,31-40,40000-60000,3-5,65-100,6-9,7-9,0-2,C1,C2,C1_C2
403,404,Male,Electronics,No,Yes,31-40,20000-40000,6-8,65-100,2-5,5-6,0-2,C1,C2,C1_C2
404,405,Male,Health,Yes,Yes,31-40,60000-80000,6-8,100-135,6-9,7-9,0-2,C1,C2,C1_C2
405,406,Male,Clothing,No,No,41-50,40000-60000,3-5,100-135,10-13,5-6,0-2,C1,C2,C1_C2
406,407,Female,Clothing,No,No,21-30,60000-80000,6-8,100-135,14-17,5-6,0-2,C1,C2,C1_C2
407,408,Female,Home,No,Yes,31-40,40000-60000,6-8,65-100,6-9,3-4,0-2,C1,C2,C1_C2
408,409,Female,Clothing,No,Yes,31-40,20000-40000,6-8,100-135,10-13,3-4,0-2,C1,C2,C1_C2
409,410,Female,Books,No,Yes,41-50,20000-40000,3-5,65-100,6-9,5-6,2-4,C1,C2,C2_C3
410,411,Female,Health,No,No,41-50,20000-40000,3-5,100-135,10-13,3-4,2-4,C1,C2,C2_C3
411,412,Female,Home,No,No,21-30,20000-40000,6-8,100-135,10-13,5-6,0-2,C2,C3,C1_C2
412,413,Male,Books,No,No,11-20,40000-60000,6-8,65-100,6-9,3-4,0-2,C2,C3,C1_C2
413,414,Male,Books,No,No,41-50,40000-60000,3-5,30-65,2-5,5-6,0-2,C1,C2,C1_C2
414,415,Female,Books,No,No,31-40,20000-40000,3-5,100-135,6-9,3-4,0-2,C1,C2,C1_C2
415,416,Male,Electronics,No,No,21-30,60000-80000,3-5,100-135,10-13,7-9,0-2,C1,C2,C1_C2
416,417,Female,Books,No,Yes,51-60,40000-60000,6-8,65-100,6-9,5-6,0-2,C1,C2,C1_C2
417,418,Male,Electronics,No,Yes,31-40,40000-60000,0-2,100-135,14-17,3-4,2-4,C1,C2,C2_C3
418,419,Female,Clothing,Yes,No,41-50,60000-80000,3-5,100-135,6-9,5-6,0-2,C1,C2,C1_C2
419,420,Female,Electronics,No,Yes,31-40,60000-80000,6-8,65-100,14-17,3-4,0-2,C2,C3,C1_C2
420,421,Male,Books,Yes,Yes,51-60,40000-60000,3-5,100-135,10-13,3-4,0-2,C1,C2,C1_C2
421,422,Male,Health,Yes,Yes,51-60,20000-40000,9-11,30-65,10-13,3-4,0-2,C1,C2,C1_C2
422,423,Female,Health,No,Yes,31-40,4500-20000,3-5,65-100,2-5,3-4,2-4,C1,C2,C2_C3
423,424,Female,Clothing,No,Yes,41-50,20000-40000,3-5,65-100,14-17,7-9,0-2,C1,C2,C1_C2
424,425,Male,Books,No,Yes,41-50,40000-60000,3-5,100-135,6-9,1-2,0-2,C2,C3,C1_C2
425,426,Male,Electronics,No,Yes,41-50,20000-40000,6-8,65-100,10-13,5-6,0-2,C1,C2,C1_C2
426,427,Female,Health,No,Yes,21-30,40000-60000,3-5,65-100,10-13,3-4,0-2,C1,C2,C1_C2
427,428,Male,Home,No,Yes,41-50,40000-60000,6-8,30-65,6-9,5-6,0-2,C1,C2,C1_C2
428,429,Female,Books,No,No,41-50,40000-60000,6-8,100-135,10-13,3-4,0-2,C1,C2,C1_C2
429,430,Female,Books,No,Yes,11-20,40000-60000,3-5,65-100,6-9,5-6,0-2,C1,C2,C1_C2
430,431,Female,Home,No,Yes,21-30,40000-60000,3-5,100-135,6-9,5-6,0-2,C1,C2,C1_C2
431,432,Female,Health,Yes,Yes,11-20,40000-60000,3-5,65-100,10-13,5-6,0-2,C1,C2,C1_C2
432,433,Male,Home,No,Yes,31-40,20000-40000,3-5,100-135,14-17,3-4,0-2,C1,C2,C1_C2
433,434,Male,Clothing,Yes,Yes,41-50,60000-80000,3-5,100-135,14-17,5-6,0-2,C1,C2,C1_C3
434,435,Male,Electronics,No,No,51-60,40000-60000,0-2,65-100,10-13,3-4,0-2,C1,C2,C1_C2
435,436,Male,Electronics,No,No,31-40,40000-60000,6-8,100-135,6-9,1-2,0-2,C1,C3,C1_C2
436,437,Male,Health,Yes,Yes,51-60,60000-80000,6-8,65-100,6-9,5-6,4-6,C1,C2,C2_C3
437,438,Male,Home,Yes,Yes,21-30,40000-60000,6-8,65-100,10-13,5-6,2-4,C1,C2,C2_C3
438,439,Male,Books,No,Yes,11-20,60000-80000,3-5,65-100,6-9,5-6,0-2,C2,C3,C1_C2
439,440,Female,Books,No,No,31-40,40000-60000,3-5,100-135,2-5,5-6,0-2,C2,C3,C1_C2
440,441,Male,Books,No,No,31-40,40000-60000,3-5,100-135,10-13,3-4,0-2,C1,C2,C1_C2
441,442,Male,Clothing,No,Yes,31-40,40000-60000,3-5,65-100,10-13,3-4,0-2,C1,C2,C1_C2
442,443,Female,Clothing,No,Yes,11-20,20000-40000,6-8,65-100,2-5,3-4,0-2,C1,C2,C1_C2
443,444,Male,Books,Yes,No,31-40,40000-60000,3-5,100-135,6-9,5-6,0-2,C1,C2,C1_C2
444,445,Male,Health,No,No,21-30,40000-60000,6-8,100-135,,5-6,0-2,C1,C2,C1_C2
445,446,Female,Clothing,No,Yes,41-50,40000-60000,3-5,100-135,6-9,3-4,0-2,C1,C2,C1_C2
446,447,Male,Clothing,No,No,31-40,40000-60000,0-2,65-100,14-17,5-6,2-4,C1,C2,C2_C3
447,448,Male,Electronics,Yes,Yes,21-30,20000-40000,3-5,65-100,14-17,5-6,0-2,C1,C2,C1_C2
448,449,Male,Electronics,Yes,Yes,21-30,40000-60000,3-5,100-135,2-5,5-6,0-2,C2,C3,C1_C2
449,450,Female,Health,No,No,21-30,40000-60000,6-8,135-170,2-5,5-6,0-2,C1,C2,C1_C2
450,451,Male,Clothing,No,Yes,31-40,40000-60000,9-11,65-100,10-13,5-6,6-8,C1,C2,C2_C1
451,452,Male,Clothing,No,No,41-50,20000-40000,6-8,65-100,10-13,5-6,0-2,C1,C2,C1_C2
452,453,Female,Home,No,Yes,21-30,60000-80000,6-8,100-135,10-13,3-4,0-2,C2,C1,C1_C2
453,454,Male,Health,No,Yes,41-50,20000-40000,3-5,100-135,6-9,3-4,2-4,C1,C2,C2_C3
454,455,Female,Health,Yes,Yes,21-30,60000-80000,3-5,65-100,6-9,3-4,0-2,C1,C2,C1_C2
455,456,Female,Home,Yes,Yes,21-30,40000-60000,3-5,100-135,6-9,5-6,0-2,C2,C3,C1_C2
456,457,Male,Home,No,Yes,31-40,40000-60000,0-2,100-135,10-13,7-9,0-2,C1,C2,C1_C3
457,458,Female,Electronics,No,No,21-30,60000-80000,6-8,65-100,6-9,5-6,2-4,C1,C2,C2_C3
458,459,Female,Health,No,Yes,21-30,20000-40000,6-8,65-100,10-13,3-4,0-2,C1,C3,C1_C2
459,460,Male,Health,No,No,21-30,60000-80000,3-5,100-135,6-9,5-6,0-2,C2,C3,C1_C2
460,461,Female,Home,No,Yes,51-60,60000-80000,6-8,65-100,6-9,7-9,0-2,C1,C2,C1_C2
461,462,Female,Books,No,No,31-40,20000-40000,0-2,100-135,6-9,7-9,0-2,C1,C2,C1_C2
462,463,Male,Books,No,Yes,21-30,60000-80000,6-8,135-170,10-13,5-6,0-2,C1,C2,C1_C2
463,464,Male,Electronics,No,Yes,31-40,40000-60000,3-5,65-100,14-17,7-9,0-2,C1,C2,C1_C2
464,465,Male,Books,No,Yes,31-40,40000-60000,9-11,65-100,10-13,1-2,0-2,C1,C2,C1_C2
465,466,Female,Books,No,Yes,31-40,40000-60000,3-5,100-135,6-9,3-4,0-2,C1,C2,C1_C2
466,467,Male,Books,No,Yes,41-50,40000-60000,0-2,65-100,10-13,3-4,0-2,C1,C2,C1_C2
467,468,Female,Clothing,No,Yes,41-50,60000-80000,3-5,65-100,6-9,5-6,0-2,C1,C2,C1_C2
468,469,Female,Electronics,No,No,21-30,60000-80000,6-8,30-65,18-21,3-4,0-2,C1,C2,C1_C2
469,470,Female,Home,No,No,21-30,20000-40000,0-2,65-100,10-13,5-6,0-2,C1,C2,C1_C2
470,471,Female,Books,No,No,31-40,60000-80000,0-2,65-100,10-13,5-6,0-2,C1,C2,C1_C2
471,472,Female,Clothing,No,Yes,11-20,20000-40000,6-8,65-100,6-9,3-4,0-2,C1,C2,C1_C2
472,473,Female,Books,Yes,No,11-20,60000-80000,6-8,100-135,6-9,7-9,0-2,C1,C2,C1_C2
473,474,Female,Clothing,No,No,41-50,60000-80000,6-8,100-135,6-9,3-4,0-2,C1,C2,C1_C2
474,475,Male,Electronics,No,Yes,51-60,20000-40000,6-8,135-170,18-21,3-4,0-2,C1,C2,C1_C3
475,476,Male,Books,No,Yes,31-40,40000-60000,6-8,100-135,18-21,5-6,0-2,C1,C2,C1_C2
476,477,Female,Clothing,No,Yes,41-50,20000-40000,3-5,100-135,10-13,1-2,0-2,C1,C3,C1_C2
477,478,Female,Health,Yes,Yes,31-40,40000-60000,6-8,100-135,6-9,5-6,0-2,C1,C2,C1_C2
478,479,Male,Health,Yes,Yes,61-73,40000-60000,6-8,100-135,18-21,5-6,0-2,C1,C2,C1_C2
479,480,Female,Clothing,Yes,Yes,41-50,60000-80000,6-8,65-100,2-5,7-9,2-4,C1,C2,C2_C3
480,481,Male,Books,No,No,31-40,60000-80000,6-8,30-65,10-13,7-9,0-2,C1,C2,C1_C2
481,482,Male,Books,No,Yes,21-30,60000-80000,3-5,100-135,6-9,3-4,0-2,C2,C3,C1_C2
482,483,Male,Electronics,No,Yes,11-20,40000-60000,3-5,100-135,6-9,5-6,0-2,C1,C2,C1_C2
483,484,Female,Electronics,No,No,31-40,40000-60000,0-2,65-100,10-13,3-4,0-2,C1,C2,C1_C2
484,485,Female,Home,No,No,21-30,20000-40000,3-5,65-100,14-17,3-4,0-2,C1,C2,C1_C2
485,486,Male,Electronics,Yes,No,21-30,20000-40000,3-5,100-135,14-17,3-4,0-2,C1,C2,C1_C2
486,487,Male,Books,Yes,Yes,21-30,60000-80000,9-11,65-100,6-9,3-4,0-2,C1,C2,C1_C2
487,488,Male,Home,No,Yes,21-30,60000-80000,6-8,100-135,14-17,7-9,0-2,C1,C2,C1_C2
488,489,Male,Electronics,No,Yes,51-60,20000-40000,3-5,65-100,6-9,3-4,0-2,C1,C2,C1_C2
489,490,Male,Clothing,No,Yes,41-50,40000-60000,0-2,65-100,6-9,5-6,0-2,C1,C2,C1_C2
490,491,Female,Health,No,Yes,31-40,40000-60000,3-5,100-135,14-17,5-6,0-2,C1,C2,C1_C2
491,492,Male,Electronics,No,Yes,41-50,40000-60000,0-2,65-100,10-13,5-6,0-2,C1,C2,C1_C2
492,493,Female,Electronics,Yes,No,31-40,20000-40000,3-5,65-100,6-9,7-9,0-2,C1,C2,C1_C2
493,494,Male,Clothing,No,Yes,21-30,40000-60000,3-5,65-100,6-9,3-4,0-2,C1,C2,C1_C2
494,495,Female,Books,No,Yes,51-60,40000-60000,3-5,65-100,14-17,5-6,0-2,C1,C2,C1_C2
495,496,Female,Clothing,No,Yes,41-50,40000-60000,6-8,100-135,6-9,5-6,2-4,C1,C2,C2_C3
496,497,Female,Electronics,No,No,21-30,40000-60000,6-8,65-100,6-9,3-4,0-2,C1,C2,C1_C2
497,498,Female,Books,Yes,Yes,31-40,40000-60000,3-5,100-135,10-13,5-6,0-2,C2,C3,C1_C2
498,499,Female,Home,No,Yes,21-30,40000-60000,3-5,65-100,10-13,5-6,0-2,C1,C2,C1_C2
499,500,Female,Electronics,Yes,Yes,21-30,40000-60000,6-8,65-100,14-17,3-4,0-2,C1,C2,C1_C2
500,501,Male,Clothing,No,Yes,41-50,40000-60000,3-5,100-135,10-13,3-4,0-2,C1,C2,C1_C2
501,502,Female,Home,No,Yes,51-60,40000-60000,6-8,100-135,10-13,3-4,0-2,C1,C2,C1_C3
502,503,Male,Health,No,Yes,21-30,40000-60000,6-8,100-135,6-9,5-6,2-4,C1,C2,C2_C3
503,504,Female,Home,No,Yes,41-50,60000-80000,3-5,65-100,6-9,5-6,0-2,C1,C3,C1_C2
504,505,Female,Clothing,No,No,21-30,40000-60000,3-5,65-100,14-17,5-6,0-2,C2,C3,C1_C2
505,506,Male,Home,No,Yes,31-40,40000-60000,0-2,65-100,6-9,5-6,0-2,C1,C2,C1_C2
506,507,Female,Clothing,No,No,21-30,60000-80000,6-8,65-100,6-9,7-9,0-2,C1,C2,C1_C2
507,508,Male,Electronics,No,Yes,21-30,40000-60000,3-5,30-65,6-9,5-6,0-2,C1,C2,C1_C2
508,509,Male,Books,Yes,Yes,31-40,60000-80000,6-8,65-100,10-13,5-6,0-2,C1,C2,C1_C2
509,510,Male,Health,Yes,Yes,21-30,40000-60000,6-8,65-100,2-5,5-6,0-2,C1,C2,C1_C2
510,511,Male,Books,No,Yes,31-40,40000-60000,3-5,65-100,14-17,5-6,0-2,C1,C2,C1_C2
511,512,Female,Books,Yes,Yes,31-40,40000-60000,9-11,65-100,18-21,5-6,0-2,C1,C2,C1_C2
512,513,Female,Books,No,Yes,31-40,20000-40000,0-2,65-100,2-5,7-9,0-2,C1,C2,C1_C2
513,514,Male,Clothing,No,No,21-30,20000-40000,0-2,100-135,10-13,7-9,0-2,C1,C2,C1_C2
514,515,Female,Clothing,No,No,21-30,20000-40000,6-8,100-135,6-9,1-2,0-2,C1,C2,C1_C2
515,516,Female,Health,Yes,No,41-50,40000-60000,3-5,65-100,10-13,1-2,2-4,C1,C2,C2_C3
516,517,Male,Clothing,No,Yes,41-50,60000-80000,6-8,100-135,14-17,7-9,0-2,C1,C2,C1_C2
517,518,Female,Clothing,No,Yes,21-30,80000- 100000,3-5,100-135,10-13,3-4,0-2,C2,C3,C1_C3
518,519,Male,Clothing,No,Yes,31-40,40000-60000,3-5,65-100,10-13,7-9,0-2,C1,C2,C1_C2
519,520,Male,Clothing,No,Yes,41-50,40000-60000,0-2,65-100,18-21,5-6,0-2,C1,C3,C1_C2
520,521,Female,Electronics,No,Yes,11-20,20000-40000,3-5,100-135,6-9,3-4,0-2,C1,C2,C1_C2
521,522,Female,Health,No,Yes,41-50,40000-60000,3-5,100-135,6-9,3-4,0-2,C1,C2,C1_C3
522,523,Female,Clothing,No,No,21-30,20000-40000,3-5,100-135,6-9,3-4,0-2,C1,C2,C1_C2
523,524,Male,Health,Yes,Yes,41-50,40000-60000,3-5,65-100,14-17,3-4,0-2,C1,C3,C1_C2
524,525,Male,Home,No,Yes,21-30,40000-60000,3-5,100-135,14-17,5-6,0-2,C1,C2,C1_C2
525,526,Female,Electronics,Yes,Yes,11-20,40000-60000,3-5,100-135,6-9,5-6,2-4,C1,C2,C2_C3
526,527,Female,Clothing,No,Yes,11-20,20000-40000,3-5,100-135,10-13,7-9,2-4,C1,C2,C2_C3
527,528,Female,Electronics,No,No,31-40,60000-80000,6-8,100-135,6-9,5-6,4-6,C2,C3,C2_C3
528,529,Female,Electronics,No,Yes,31-40,20000-40000,3-5,65-100,14-17,5-6,2-4,C2,C3,C2_C3
529,530,Male,Home,No,No,21-30,40000-60000,3-5,65-100,6-9,5-6,0-2,C2,C3,C1_C2
530,531,Female,Health,Yes,Yes,41-50,80000- 100000,3-5,65-100,6-9,5-6,0-2,C2,C3,C1_C2
531,532,Male,Electronics,No,Yes,11-20,20000-40000,3-5,65-100,10-13,5-6,0-2,C1,C2,C1_C2
532,533,Male,Books,Yes,No,31-40,4500-20000,3-5,65-100,10-13,1-2,0-2,C1,C2,C1_C2
533,534,Female,Home,No,Yes,21-30,40000-60000,6-8,100-135,6-9,1-2,0-2,C1,C2,C1_C2
534,535,Female,Books,No,Yes,21-30,60000-80000,6-8,100-135,6-9,3-4,2-4,C1,C2,C2_C3
535,536,Female,Home,No,Yes,31-40,60000-80000,6-8,65-100,6-9,3-4,0-2,C1,C2,C1_C2
536,537,Male,Books,No,Yes,21-30,20000-40000,3-5,65-100,2-5,5-6,0-2,C2,C3,C1_C2
537,538,Female,Books,No,No,31-40,40000-60000,6-8,65-100,14-17,3-4,2-4,C1,C2,C2_C3
538,539,Female,Electronics,No,No,41-50,40000-60000,6-8,65-100,6-9,7-9,0-2,C1,C2,C1_C2
539,540,Male,Electronics,No,No,21-30,40000-60000,3-5,100-135,2-5,7-9,0-2,C2,C3,C1_C2
540,541,Female,Home,No,Yes,41-50,80000- 100000,6-8,65-100,6-9,7-9,0-2,C1,C2,C1_C2
541,542,Male,Health,No,Yes,21-30,20000-40000,9-11,100-135,6-9,7-9,0-2,C1,C2,C1_C2
542,543,Female,Electronics,Yes,Yes,41-50,40000-60000,6-8,65-100,10-13,3-4,0-2,C1,C2,C1_C2
543,544,Male,Electronics,No,No,41-50,40000-60000,3-5,65-100,10-13,5-6,0-2,C1,C2,C1_C2
544,545,Female,Clothing,No,No,11-20,60000-80000,6-8,65-100,18-21,3-4,0-2,C1,C2,C1_C2
545,546,Female,Electronics,No,Yes,21-30,40000-60000,6-8,65-100,14-17,5-6,4-6,C1,C2,C2_C3
546,547,Male,Health,No,Yes,41-50,40000-60000,3-5,30-65,10-13,7-9,0-2,C1,C2,C1_C2
547,548,Male,Clothing,No,Yes,31-40,40000-60000,3-5,100-135,6-9,7-9,0-2,C2,C3,C1_C2
548,549,Female,Books,No,Yes,31-40,40000-60000,3-5,65-100,10-13,5-6,2-4,C1,C2,C2_C3
549,550,Male,Books,No,Yes,21-30,40000-60000,3-5,65-100,6-9,5-6,0-2,C1,C2,C1_C2
550,551,Male,Clothing,No,Yes,31-40,40000-60000,3-5,100-135,10-13,3-4,0-2,C2,C3,C1_C2
551,552,Male,Clothing,No,Yes,31-40,40000-60000,3-5,100-135,6-9,1-2,0-2,C1,C2,C1_C2
552,553,Male,Clothing,No,No,41-50,40000-60000,3-5,135-170,10-13,5-6,0-2,C1,C2,C1_C2
553,554,Female,Home,No,No,31-40,40000-60000,3-5,100-135,6-9,5-6,0-2,C1,C2,C1_C2
554,555,Female,Health,No,No,31-40,60000-80000,3-5,65-100,10-13,,0-2,C1,C2,C1_C2
555,556,Male,Health,No,Yes,31-40,40000-60000,3-5,65-100,10-13,3-4,0-2,C1,C2,C1_C2
556,557,Male,Books,No,Yes,31-40,20000-40000,6-8,65-100,2-5,7-9,0-2,C1,C2,C1_C2
557,558,Male,Books,No,Yes,31-40,60000-80000,6-8,65-100,6-9,5-6,0-2,C1,C2,C1_C2
558,559,Male,Books,No,Yes,31-40,20000-40000,6-8,100-135,2-5,5-6,0-2,C1,C2,C1_C2
559,560,Female,Electronics,No,Yes,31-40,40000-60000,3-5,65-100,10-13,5-6,0-2,C1,C2,C1_C2
560,561,Female,Books,Yes,No,31-40,40000-60000,6-8,100-135,14-17,7-9,2-4,C1,C2,C2_C3
561,562,Male,Clothing,No,Yes,51-60,60000-80000,3-5,100-135,6-9,3-4,0-2,C1,C2,C1_C2
562,563,Male,Books,No,No,41-50,4500-20000,3-5,100-135,10-13,7-9,0-2,C2,C3,C1_C2
563,564,Male,Clothing,No,No,31-40,80000- 100000,6-8,65-100,10-13,3-4,0-2,C1,C2,C1_C2
564,565,Female,Home,No,No,41-50,60000-80000,0-2,100-135,10-13,3-4,0-2,C1,C2,C1_C2
565,566,Male,Electronics,No,No,31-40,40000-60000,6-8,100-135,6-9,5-6,0-2,C1,C2,C1_C2
566,567,Female,Electronics,No,Yes,11-20,40000-60000,3-5,65-100,14-17,7-9,0-2,C1,C2,C1_C2
567,568,Male,Health,Yes,No,21-30,40000-60000,0-2,65-100,2-5,5-6,0-2,C1,C2,C1_C2
568,569,Female,Home,No,Yes,11-20,40000-60000,3-5,100-135,14-17,7-9,0-2,C1,C2,C1_C2
569,570,Male,Clothing,No,No,31-40,40000-60000,3-5,65-100,6-9,5-6,0-2,C1,C2,C1_C2
570,571,Female,Home,No,Yes,31-40,40000-60000,3-5,65-100,6-9,3-4,0-2,C1,C2,C1_C2
571,572,Male,Electronics,Yes,Yes,51-60,40000-60000,6-8,100-135,10-13,7-9,0-2,C1,C2,C1_C2
572,573,Male,Clothing,No,Yes,31-40,40000-60000,6-8,65-100,14-17,3-4,0-2,C1,C2,C1_C2
573,574,Male,Home,No,Yes,31-40,40000-60000,3-5,100-135,14-17,7-9,0-2,C1,C2,C1_C2
574,575,Female,Electronics,No,Yes,41-50,40000-60000,3-5,65-100,6-9,3-4,0-2,C1,C2,C1_C2
575,576,Male,Clothing,No,Yes,11-20,60000-80000,6-8,65-100,10-13,5-6,0-2,C1,C2,C1_C2
576,577,Female,Clothing,No,No,31-40,40000-60000,3-5,100-135,6-9,5-6,0-2,C1,C2,C1_C2
577,578,Female,Electronics,Yes,Yes,41-50,4500-20000,0-2,100-135,6-9,3-4,0-2,C1,C2,C1_C2
578,579,Male,Clothing,No,Yes,21-30,40000-60000,3-5,100-135,10-13,3-4,0-2,C1,C2,C1_C2
579,580,Male,Electronics,No,Yes,41-50,40000-60000,0-2,65-100,10-13,3-4,0-2,C1,C2,C1_C2
580,581,Male,Books,No,Yes,31-40,40000-60000,9-11,100-135,6-9,3-4,0-2,C1,C2,C1_C2
581,582,Female,Books,No,Yes,31-40,40000-60000,3-5,30-65,6-9,3-4,0-2,C1,C2,C1_C2
582,583,Male,Clothing,No,No,41-50,60000-80000,3-5,100-135,14-17,5-6,0-2,C1,C2,C1_C2
583,584,Female,Clothing,No,Yes,51-60,60000-80000,3-5,100-135,6-9,5-6,0-2,C1,C2,C1_C2
584,585,Female,Electronics,No,Yes,31-40,20000-40000,3-5,30-65,10-13,5-6,2-4,C1,C2,C2_C3
585,586,Male,Clothing,No,Yes,31-40,40000-60000,3-5,65-100,6-9,7-9,2-4,C1,C2,C2_C3
586,587,Male,Health,No,Yes,31-40,20000-40000,6-8,65-100,10-13,5-6,0-2,C2,C3,C1_C3
587,588,Male,Books,No,Yes,21-30,20000-40000,3-5,65-100,6-9,5-6,2-4,C2,C3,C2_C3
588,589,Male,Clothing,No,No,41-50,40000-60000,0-2,30-65,6-9,5-6,0-2,C1,C3,C1_C2
589,590,Male,Clothing,No,Yes,21-30,60000-80000,6-8,65-100,14-17,5-6,0-2,C2,C3,C1_C2
590,591,Male,Home,No,Yes,31-40,60000-80000,3-5,65-100,10-13,5-6,0-2,C1,C2,C1_C2
591,592,Female,Clothing,Yes,Yes,31-40,40000-60000,6-8,100-135,10-13,3-4,0-2,C1,C2,C1_C2
592,593,Female,Health,No,Yes,31-40,60000-80000,0-2,65-100,6-9,7-9,2-4,C1,C2,C2_C3
593,594,Female,Books,No,No,31-40,40000-60000,6-8,100-135,14-17,5-6,0-2,C1,C2,C1_C2
594,595,Male,Home,No,Yes,41-50,40000-60000,3-5,100-135,10-13,3-4,6-8,C2,C3,C2_C1
595,596,Female,Electronics,No,Yes,21-30,40000-60000,6-8,100-135,6-9,5-6,0-2,C1,C2,C1_C2
596,597,Female,Electronics,No,No,31-40,60000-80000,3-5,100-135,6-9,1-2,0-2,C2,C1,C1_C3
597,598,Female,Books,No,Yes,21-30,60000-80000,3-5,100-135,14-17,3-4,0-2,C1,C2,C1_C2
598,599,Female,Electronics,No,No,31-40,60000-80000,6-8,100-135,6-9,3-4,0-2,C1,C3,C1_C2
599,600,Female,Health,No,Yes,31-40,60000-80000,0-2,65-100,6-9,5-6,0-2,C1,C2,C1_C2
600,601,Male,Clothing,No,Yes,41-50,40000-60000,3-5,65-100,6-9,5-6,0-2,C1,C2,C1_C2
601,602,Male,Books,No,No,21-30,60000-80000,6-8,100-135,14-17,5-6,2-4,C1,C2,C2_C3
602,603,Female,Home,Yes,No,41-50,40000-60000,6-8,30-65,10-13,1-2,0-2,C1,C2,C1_C2
603,604,Female,Clothing,No,Yes,41-50,20000-40000,6-8,65-100,10-13,5-6,0-2,C2,C3,C1_C2
604,605,Female,Electronics,No,No,31-40,40000-60000,6-8,65-100,6-9,5-6,0-2,C1,C2,C1_C2
605,606,Male,Electronics,No,Yes,51-60,20000-40000,3-5,100-135,14-17,3-4,4-6,C1,C2,C2_C3
606,607,Male,Home,No,Yes,21-30,20000-40000,3-5,65-100,2-5,5-6,0-2,C1,C2,C1_C2
607,608,Female,Health,No,Yes,21-30,40000-60000,6-8,100-135,2-5,3-4,0-2,C2,C3,C1_C2
608,609,Male,Home,No,Yes,11-20,20000-40000,3-5,65-100,2-5,3-4,0-2,C1,C2,C1_C2
609,610,Male,Books,No,No,41-50,40000-60000,3-5,65-100,14-17,5-6,0-2,C1,C2,C1_C2
610,611,Female,Home,No,Yes,41-50,20000-40000,3-5,65-100,6-9,5-6,0-2,C1,C2,C1_C2
611,612,Male,Electronics,No,Yes,31-40,40000-60000,3-5,65-100,10-13,3-4,0-2,C1,C2,C1_C2
612,613,Male,Health,No,No,31-40,40000-60000,9-11,65-100,6-9,3-4,2-4,C1,C2,C2_C3
613,614,Female,Health,No,Yes,21-30,20000-40000,6-8,65-100,14-17,3-4,0-2,C1,C2,C1_C3
614,615,Male,Home,No,Yes,51-60,40000-60000,6-8,100-135,6-9,3-4,0-2,C2,C3,C1_C2
615,616,Male,Books,No,Yes,31-40,60000-80000,3-5,100-135,10-13,3-4,4-6,C1,C3,C2_C3
616,617,Female,Electronics,Yes,Yes,31-40,20000-40000,3-5,135-170,14-17,5-6,0-2,C1,C2,C1_C2
617,618,Male,Clothing,No,No,41-50,20000-40000,3-5,65-100,10-13,5-6,0-2,C2,C3,C1_C2
618,619,Male,Health,No,Yes,31-40,20000-40000,3-5,65-100,6-9,5-6,0-2,C1,C2,C1_C2
619,620,Female,Home,No,Yes,31-40,20000-40000,3-5,100-135,6-9,5-6,0-2,C1,C2,C1_C2
620,621,Female,Books,No,No,21-30,60000-80000,6-8,65-100,10-13,5-6,0-2,C1,C2,C1_C2
621,622,Female,Books,No,Yes,31-40,40000-60000,3-5,65-100,14-17,3-4,0-2,C1,C2,C1_C2
622,623,Male,Electronics,No,Yes,51-60,40000-60000,0-2,65-100,14-17,1-2,0-2,C1,C2,C1_C2
623,624,Female,Health,No,No,41-50,4500-20000,6-8,100-135,6-9,7-9,0-2,C1,C2,C1_C2
624,625,Male,Electronics,No,Yes,51-60,40000-60000,6-8,100-135,6-9,3-4,0-2,C1,C2,C1_C2
625,626,Female,Clothing,Yes,Yes,21-30,20000-40000,3-5,100-135,10-13,3-4,0-2,C1,C2,C1_C2
626,627,Male,Clothing,Yes,Yes,21-30,40000-60000,3-5,100-135,2-5,1-2,0-2,C1,C2,C1_C2
627,628,Female,Clothing,Yes,Yes,31-40,40000-60000,9-11,100-135,10-13,5-6,0-2,C1,C2,C1_C2
628,629,Female,Books,No,Yes,31-40,60000-80000,3-5,65-100,2-5,5-6,2-4,C1,C2,C2_C3
629,630,Female,Health,Yes,Yes,41-50,20000-40000,3-5,100-135,14-17,7-9,0-2,C1,C2,C1_C2
630,631,Female,Electronics,No,No,11-20,4500-20000,3-5,100-135,14-17,7-9,0-2,C2,C3,C1_C2
631,632,Male,Electronics,No,Yes,51-60,40000-60000,6-8,100-135,6-9,5-6,0-2,C1,C2,C1_C2
632,633,Female,Clothing,No,Yes,31-40,60000-80000,0-2,65-100,6-9,3-4,0-2,C1,C2,C1_C2
633,634,Female,Health,No,No,31-40,60000-80000,6-8,100-135,6-9,3-4,2-4,C1,C2,C2_C3
634,635,Male,Health,Yes,Yes,21-30,40000-60000,6-8,65-100,10-13,3-4,0-2,C1,C2,C1_C2
635,636,Female,Home,No,No,11-20,40000-60000,6-8,65-100,10-13,3-4,0-2,C2,C3,C1_C2
636,637,Male,Health,No,Yes,41-50,60000-80000,3-5,65-100,10-13,3-4,2-4,C1,C2,C2_C3
637,638,Female,Health,No,Yes,31-40,20000-40000,3-5,100-135,6-9,3-4,0-2,C1,C2,C1_C2
638,639,Female,Electronics,Yes,No,21-30,40000-60000,3-5,65-100,6-9,3-4,0-2,C2,C3,C1_C2
639,640,Female,Health,No,Yes,21-30,40000-60000,3-5,65-100,10-13,3-4,0-2,C1,C2,C1_C2
640,641,Male,Health,Yes,No,31-40,60000-80000,3-5,100-135,6-9,7-9,0-2,C1,C2,C1_C3
641,642,Female,Electronics,No,Yes,51-60,80000- 100000,3-5,100-135,6-9,5-6,0-2,C1,C2,C1_C2
642,643,Female,Health,No,Yes,31-40,40000-60000,3-5,100-135,14-17,7-9,0-2,C1,C3,C1_C2
643,644,Female,Electronics,No,Yes,11-20,40000-60000,3-5,65-100,14-17,3-4,0-2,C1,C2,C1_C2
644,645,Male,Home,No,Yes,31-40,40000-60000,3-5,100-135,6-9,5-6,0-2,C1,C2,C1_C2
645,646,Male,Books,No,No,31-40,20000-40000,3-5,65-100,10-13,3-4,0-2,C1,C2,C1_C2
646,647,Female,Electronics,No,Yes,2-10,20000-40000,6-8,65-100,10-13,3-4,0-2,C1,C2,C1_C2
647,648,Male,Electronics,No,No,31-40,40000-60000,3-5,65-100,10-13,3-4,0-2,C1,C2,C1_C2
648,649,Female,Health,No,Yes,31-40,40000-60000,0-2,100-135,14-17,7-9,0-2,C1,C2,C1_C2
649,650,Female,Electronics,No,Yes,41-50,40000-60000,3-5,65-100,6-9,7-9,0-2,C1,C2,C1_C2
650,651,Female,Clothing,No,Yes,51-60,20000-40000,3-5,135-170,10-13,1-2,0-2,C1,C2,C1_C2
651,652,Female,Clothing,No,Yes,41-50,60000-80000,6-8,30-65,6-9,3-4,0-2,C1,C2,C1_C2
652,653,Female,Home,No,Yes,31-40,40000-60000,3-5,65-100,6-9,5-6,0-2,C1,C2,C1_C2
653,654,Female,Electronics,No,Yes,21-30,40000-60000,3-5,100-135,10-13,3-4,0-2,C1,C2,C1_C2
654,655,Female,Health,No,Yes,61-73,40000-60000,3-5,100-135,14-17,3-4,0-2,C1,C2,C1_C2
655,656,Male,Health,No,No,31-40,40000-60000,3-5,65-100,6-9,3-4,0-2,C1,C2,C1_C2
656,657,Male,Books,No,No,31-40,60000-80000,3-5,100-135,14-17,5-6,0-2,C1,C2,C1_C2
657,658,Male,Home,No,Yes,31-40,20000-40000,3-5,100-135,6-9,3-4,0-2,C1,C2,C1_C2
658,659,Male,Health,Yes,Yes,31-40,40000-60000,9-11,65-100,18-21,3-4,2-4,C1,C2,C2_C3
659,660,Male,Books,No,Yes,31-40,40000-60000,3-5,100-135,10-13,3-4,0-2,C1,C2,C1_C2
660,661,Male,Health,Yes,Yes,21-30,20000-40000,3-5,100-135,6-9,5-6,0-2,C2,C3,C1_C2
661,662,Male,Books,No,Yes,21-30,20000-40000,3-5,65-100,2-5,7-9,0-2,C1,C2,C1_C2
662,663,Female,Clothing,No,Yes,31-40,40000-60000,6-8,65-100,14-17,3-4,2-4,C1,C2,C2_C3
663,664,Female,Clothing,No,No,21-30,60000-80000,3-5,100-135,6-9,7-9,0-2,C1,C2,C1_C2
664,665,Female,Health,No,Yes,21-30,40000-60000,6-8,100-135,10-13,7-9,0-2,C2,C3,C1_C2
665,666,Female,Home,No,Yes,31-40,40000-60000,0-2,65-100,10-13,7-9,2-4,C1,C2,C2_C3
666,667,Male,Electronics,No,Yes,31-40,60000-80000,3-5,100-135,2-5,5-6,0-2,C1,C2,C1_C2
667,668,Male,Home,Yes,No,51-60,40000-60000,3-5,100-135,18-21,5-6,0-2,C2,C3,C1_C2
668,669,Female,Home,No,Yes,2-10,40000-60000,3-5,65-100,10-13,7-9,0-2,C1,C2,C1_C2
669,670,Female,Electronics,No,No,41-50,40000-60000,6-8,135-170,10-13,3-4,0-2,C1,C2,C1_C3
670,671,Male,Clothing,No,No,41-50,40000-60000,3-5,65-100,6-9,5-6,0-2,C1,C2,C1_C2
671,672,Female,Clothing,No,No,11-20,40000-60000,6-8,65-100,2-5,7-9,0-2,C1,C3,C1_C3
672,673,Female,Electronics,No,No,31-40,4500-20000,3-5,100-135,6-9,5-6,0-2,C1,C2,C1_C2
673,674,Female,Books,No,Yes,31-40,40000-60000,6-8,135-170,6-9,7-9,0-2,C1,C3,C1_C2
674,675,Female,Home,No,Yes,21-30,60000-80000,6-8,100-135,6-9,5-6,0-2,C1,C2,C1_C2
675,676,Male,Health,No,Yes,21-30,60000-80000,3-5,100-135,6-9,7-9,0-2,C1,C2,C1_C2
676,677,Female,Clothing,No,Yes,21-30,60000-80000,3-5,65-100,10-13,5-6,0-2,C1,C2,C1_C2
677,678,Female,Health,No,Yes,51-60,60000-80000,6-8,100-135,6-9,5-6,0-2,C1,C2,C1_C2
678,679,Male,Electronics,No,Yes,41-50,40000-60000,3-5,65-100,14-17,5-6,0-2,C1,C2,C1_C2
679,680,Male,Health,No,Yes,41-50,40000-60000,3-5,100-135,10-13,7-9,0-2,C1,C2,C1_C2
680,681,Female,Health,No,No,41-50,40000-60000,6-8,100-135,6-9,5-6,0-2,C1,C2,C1_C2
681,682,Male,Home,No,Yes,21-30,40000-60000,0-2,100-135,10-13,7-9,0-2,C1,C2,C1_C3
682,683,Female,Electronics,No,Yes,21-30,40000-60000,3-5,30-65,6-9,5-6,0-2,C1,C2,C1_C2
683,684,Female,Health,No,No,31-40,60000-80000,0-2,65-100,10-13,3-4,0-2,C1,C3,C1_C2
684,685,Male,Clothing,Yes,Yes,21-30,40000-60000,6-8,100-135,6-9,1-2,0-2,C1,C2,C1_C2
685,686,Female,Electronics,No,No,41-50,40000-60000,6-8,65-100,18-21,7-9,2-4,C1,C2,C2_C3
686,687,Female,Clothing,No,No,31-40,40000-60000,0-2,100-135,6-9,5-6,0-2,C1,C2,C1_C2
687,688,Female,Books,No,Yes,31-40,40000-60000,3-5,100-135,14-17,3-4,0-2,C2,C3,C1_C2
688,689,Female,Health,No,Yes,41-50,20000-40000,6-8,65-100,6-9,3-4,0-2,C1,C2,C1_C3
689,690,Male,Electronics,Yes,Yes,31-40,4500-20000,6-8,65-100,10-13,7-9,2-4,C1,C2,C2_C3
690,691,Male,Clothing,No,No,31-40,40000-60000,6-8,65-100,14-17,7-9,0-2,C1,C3,C1_C2
691,692,Female,Health,No,Yes,41-50,20000-40000,6-8,100-135,6-9,5-6,0-2,C2,C3,C1_C2
692,693,Male,Home,No,Yes,21-30,40000-60000,6-8,100-135,10-13,5-6,0-2,C1,C2,C1_C2
693,694,Female,Clothing,No,No,41-50,40000-60000,3-5,100-135,6-9,3-4,0-2,C1,C2,C1_C2
694,695,Female,Clothing,No,Yes,41-50,40000-60000,3-5,65-100,14-17,3-4,2-4,C1,C2,C2_C3
695,696,Female,Books,No,No,31-40,60000-80000,6-8,100-135,10-13,1-2,0-2,C1,C2,C1_C2
696,697,Female,Home,No,No,31-40,40000-60000,6-8,100-135,2-5,7-9,0-2,C2,C3,C1_C3
697,698,Female,Books,No,No,21-30,40000-60000,3-5,65-100,14-17,3-4,0-2,C1,C2,C1_C2
698,699,Male,Home,No,No,41-50,40000-60000,3-5,100-135,10-13,5-6,0-2,C1,C3,C1_C2
699,700,Female,Clothing,No,Yes,31-40,20000-40000,6-8,100-135,2-5,5-6,2-4,C1,C2,C2_C3
700,701,Male,Books,No,No,21-30,60000-80000,3-5,65-100,6-9,5-6,0-2,C1,C2,C1_C2
701,702,Male,Health,No,Yes,41-50,40000-60000,0-2,100-135,10-13,7-9,0-2,C2,C3,C1_C2
702,703,Female,Home,Yes,Yes,21-30,60000-80000,3-5,100-135,14-17,1-2,0-2,C1,C2,C1_C2
703,704,Female,Clothing,No,Yes,21-30,20000-40000,6-8,65-100,10-13,5-6,0-2,C1,C2,C1_C2
704,705,Female,Electronics,Yes,No,11-20,20000-40000,3-5,100-135,10-13,1-2,0-2,C1,C2,C1_C2
705,706,Female,Home,No,No,41-50,60000-80000,6-8,30-65,10-13,1-2,0-2,C1,C2,C1_C2
706,707,Female,Home,No,No,21-30,40000-60000,0-2,135-170,6-9,5-6,0-2,C1,C2,C1_C2
707,708,Male,Health,No,Yes,51-60,20000-40000,3-5,100-135,14-17,3-4,0-2,C1,C2,C1_C2
708,709,Female,Home,No,No,11-20,20000-40000,3-5,100-135,6-9,5-6,0-2,C1,C2,C1_C2
709,710,Female,Home,Yes,No,51-60,60000-80000,3-5,100-135,10-13,5-6,2-4,C1,C2,C2_C3
710,711,Male,Health,Yes,Yes,31-40,20000-40000,3-5,65-100,14-17,1-2,0-2,C1,C2,C1_C2
711,712,Male,Health,No,Yes,31-40,60000-80000,0-2,65-100,14-17,1-2,0-2,C2,C3,C1_C2
712,713,Female,Books,No,Yes,21-30,20000-40000,6-8,30-65,6-9,5-6,0-2,C1,C2,C1_C2
713,714,Male,Clothing,No,Yes,31-40,40000-60000,0-2,100-135,10-13,5-6,0-2,C1,C2,C1_C2
714,715,Female,Clothing,Yes,Yes,31-40,40000-60000,3-5,100-135,2-5,5-6,0-2,C1,C2,C1_C2
715,716,Male,Books,No,Yes,41-50,40000-60000,3-5,65-100,6-9,5-6,0-2,C1,C2,C1_C2
716,717,Male,Clothing,No,Yes,31-40,40000-60000,3-5,100-135,10-13,5-6,0-2,C1,C2,C1_C2
717,718,Female,Home,No,Yes,31-40,40000-60000,3-5,100-135,14-17,5-6,2-4,C1,C2,C2_C3
718,719,Male,Books,No,Yes,31-40,40000-60000,3-5,100-135,6-9,3-4,0-2,C1,C2,C1_C2
719,720,Male,Books,No,Yes,31-40,20000-40000,3-5,100-135,2-5,5-6,0-2,C2,C3,C1_C2
720,721,Male,Clothing,No,No,31-40,60000-80000,3-5,65-100,14-17,5-6,0-2,C1,C2,C1_C2
721,722,Male,Electronics,Yes,Yes,11-20,40000-60000,3-5,65-100,6-9,5-6,0-2,C1,C2,C1_C2
722,723,Male,Clothing,No,Yes,21-30,40000-60000,6-8,65-100,14-17,5-6,0-2,C1,C2,C1_C2
723,724,Male,Electronics,No,Yes,41-50,20000-40000,6-8,100-135,6-9,7-9,0-2,C1,C2,C1_C2
724,725,Female,Books,No,Yes,31-40,4500-20000,6-8,100-135,6-9,3-4,0-2,C1,C2,C1_C2
725,726,Female,Electronics,No,No,31-40,40000-60000,6-8,65-100,10-13,7-9,0-2,C1,C2,C1_C2
726,727,Male,Home,No,Yes,31-40,80000- 100000,3-5,100-135,6-9,5-6,0-2,C1,C2,C1_C2
727,728,Female,Health,No,Yes,31-40,60000-80000,0-2,65-100,10-13,5-6,0-2,C1,C2,C1_C2
728,729,Female,Electronics,No,No,21-30,40000-60000,3-5,30-65,10-13,3-4,0-2,C1,C2,C1_C2
729,730,Female,Health,No,Yes,21-30,40000-60000,6-8,100-135,10-13,5-6,2-4,C1,C2,C2_C3
730,731,Male,Home,No,Yes,31-40,40000-60000,3-5,30-65,14-17,5-6,0-2,C1,C2,C1_C2
731,732,Female,Health,No,Yes,21-30,40000-60000,3-5,100-135,10-13,5-6,0-2,C2,C3,C1_C2
732,733,Male,Home,No,Yes,31-40,20000-40000,3-5,100-135,2-5,1-2,0-2,C1,C2,C1_C2
733,734,Female,Health,No,No,11-20,60000-80000,3-5,100-135,14-17,5-6,0-2,C1,C2,C1_C3
734,735,Male,Health,No,Yes,41-50,60000-80000,6-8,65-100,14-17,3-4,0-2,C1,C2,C1_C2
735,736,Male,Clothing,No,No,31-40,60000-80000,0-2,100-135,6-9,,0-2,C1,C3,C1_C2
736,737,Female,Electronics,No,No,31-40,40000-60000,6-8,100-135,18-21,7-9,2-4,C1,C2,C2_C3
737,738,Female,Health,No,Yes,41-50,40000-60000,3-5,65-100,6-9,1-2,0-2,C1,C2,C1_C2
738,739,Male,Books,No,Yes,51-60,60000-80000,3-5,100-135,10-13,7-9,0-2,C2,C3,C1_C2
739,740,Female,Clothing,No,Yes,41-50,40000-60000,3-5,100-135,10-13,7-9,0-2,C1,C2,C1_C2
740,741,Female,Electronics,No,Yes,11-20,40000-60000,0-2,100-135,10-13,3-4,0-2,C1,C2,C1_C2
741,742,Female,Clothing,No,Yes,21-30,40000-60000,6-8,65-100,10-13,5-6,0-2,C1,C2,C1_C2
742,743,Male,Electronics,No,Yes,21-30,40000-60000,6-8,100-135,6-9,5-6,0-2,C1,C2,C1_C2
743,744,Male,Home,No,Yes,31-40,60000-80000,3-5,100-135,6-9,5-6,0-2,C1,C2,C1_C2
744,745,Female,Health,No,No,41-50,20000-40000,6-8,65-100,6-9,3-4,0-2,C1,C2,C1_C2
745,746,Female,Books,No,Yes,21-30,20000-40000,3-5,65-100,2-5,3-4,0-2,C1,C2,C1_C3
746,747,Female,Clothing,No,Yes,31-40,40000-60000,3-5,100-135,10-13,5-6,0-2,C1,C2,C1_C2
747,748,Male,Clothing,No,No,21-30,40000-60000,6-8,100-135,6-9,3-4,0-2,C1,C3,C1_C2
748,749,Male,Clothing,No,Yes,21-30,40000-60000,3-5,100-135,14-17,7-9,0-2,C1,C2,C1_C2
749,750,Female,Clothing,No,Yes,21-30,40000-60000,3-5,65-100,14-17,3-4,0-2,C1,C2,C1_C2
750,751,Female,Health,Yes,Yes,21-30,40000-60000,3-5,65-100,10-13,5-6,0-2,C1,C2,C1_C2
751,752,Female,Electronics,No,Yes,21-30,60000-80000,3-5,135-170,10-13,7-9,0-2,C1,C2,C1_C2
752,753,Female,Health,Yes,Yes,21-30,20000-40000,3-5,65-100,10-13,5-6,0-2,C1,C2,C1_C2
753,754,Female,Home,Yes,Yes,41-50,20000-40000,3-5,65-100,6-9,5-6,0-2,C1,C2,C1_C2
754,755,Female,Health,No,Yes,21-30,40000-60000,6-8,100-135,6-9,7-9,0-2,C1,C2,C1_C2
755,756,Male,Health,No,No,61-73,20000-40000,3-5,100-135,10-13,7-9,0-2,C1,C2,C1_C2
756,757,Female,Home,No,Yes,31-40,40000-60000,3-5,100-135,10-13,3-4,0-2,C1,C2,C1_C2
757,758,Male,Health,No,Yes,31-40,60000-80000,3-5,135-170,14-17,5-6,4-6,C1,C2,C2_C3
758,759,Female,Electronics,No,Yes,21-30,40000-60000,9-11,65-100,10-13,7-9,0-2,C1,C2,C1_C2
759,760,Female,Books,No,Yes,41-50,40000-60000,6-8,65-100,10-13,3-4,0-2,C2,C3,C1_C2
760,761,Male,Home,Yes,Yes,21-30,20000-40000,6-8,65-100,18-21,3-4,0-2,C1,C2,C1_C2
761,762,Male,Clothing,No,No,31-40,40000-60000,3-5,65-100,6-9,3-4,2-4,C1,C2,C2_C3
762,763,Male,Electronics,No,Yes,61-73,40000-60000,6-8,65-100,10-13,3-4,0-2,C1,C2,C1_C2
763,764,Male,Books,No,Yes,31-40,40000-60000,6-8,65-100,6-9,5-6,0-2,C2,C3,C1_C2
764,765,Female,Electronics,No,Yes,41-50,60000-80000,6-8,100-135,6-9,5-6,0-2,C1,C2,C1_C2
765,766,Male,Electronics,No,Yes,21-30,40000-60000,0-2,100-135,2-5,7-9,0-2,C1,C2,C1_C2
766,767,Female,Clothing,No,Yes,31-40,20000-40000,6-8,65-100,10-13,5-6,0-2,C1,C2,C1_C2
767,768,Male,Books,No,Yes,51-60,40000-60000,3-5,100-135,6-9,3-4,0-2,C1,C2,C1_C2
768,769,Female,Electronics,No,Yes,21-30,40000-60000,6-8,65-100,10-13,1-2,0-2,C1,C2,C1_C2
769,770,Female,Clothing,No,Yes,51-60,60000-80000,6-8,65-100,6-9,7-9,0-2,C1,C2,C1_C3
770,771,Female,Home,No,Yes,41-50,60000-80000,6-8,100-135,10-13,3-4,0-2,C1,C2,C1_C2
771,772,Female,Clothing,No,Yes,21-30,20000-40000,3-5,30-65,6-9,3-4,2-4,C1,C3,C2_C3
772,773,Female,Health,No,Yes,41-50,20000-40000,3-5,100-135,10-13,7-9,0-2,C1,C2,C1_C2
773,774,Female,Clothing,No,No,41-50,20000-40000,3-5,30-65,6-9,5-6,0-2,C2,C3,C1_C2
774,775,Male,Clothing,No,Yes,41-50,40000-60000,3-5,65-100,2-5,3-4,0-2,C1,C2,C1_C2
775,776,Female,Clothing,No,No,11-20,40000-60000,3-5,100-135,10-13,7-9,0-2,C1,C2,C1_C2
776,777,Male,Electronics,No,Yes,21-30,60000-80000,6-8,65-100,10-13,,0-2,C1,C2,C1_C2
777,778,Male,Books,No,Yes,31-40,40000-60000,6-8,65-100,6-9,3-4,0-2,C1,C2,C1_C2
778,779,Female,Clothing,No,Yes,31-40,40000-60000,3-5,100-135,6-9,7-9,0-2,C1,C2,C1_C2
779,780,Male,Clothing,No,Yes,41-50,40000-60000,3-5,65-100,6-9,5-6,0-2,C1,C2,C1_C2
780,781,Female,Health,No,Yes,31-40,20000-40000,6-8,100-135,6-9,5-6,0-2,C1,C2,C1_C2
781,782,Male,Health,No,Yes,21-30,80000- 100000,3-5,100-135,2-5,7-9,0-2,C1,C2,C1_C2
782,783,Female,Home,No,No,31-40,20000-40000,3-5,100-135,10-13,7-9,0-2,C1,C2,C1_C2
783,784,Male,Home,No,Yes,41-50,40000-60000,3-5,65-100,14-17,3-4,2-4,C1,C2,C2_C3
784,785,Female,Health,No,Yes,41-50,80000- 100000,6-8,65-100,2-5,3-4,0-2,C1,C2,C1_C2
785,786,Female,Books,No,Yes,41-50,40000-60000,3-5,135-170,6-9,3-4,0-2,C2,C3,C1_C2
786,787,Female,Home,No,No,41-50,40000-60000,3-5,65-100,2-5,5-6,0-2,C1,C2,C1_C2
787,788,Female,Books,No,No,31-40,40000-60000,3-5,135-170,6-9,1-2,0-2,C1,C2,C1_C2
788,789,Male,Health,No,Yes,31-40,40000-60000,3-5,100-135,6-9,5-6,0-2,C1,C2,C1_C2
789,790,Female,Home,No,No,11-20,60000-80000,3-5,100-135,10-13,3-4,0-2,C1,C2,C1_C2
790,791,Male,Clothing,No,Yes,31-40,4500-20000,3-5,100-135,2-5,5-6,0-2,C1,C2,C1_C2
791,792,Male,Health,Yes,Yes,31-40,60000-80000,6-8,65-100,2-5,1-2,0-2,C1,C2,C1_C3
792,793,Male,Home,No,Yes,31-40,20000-40000,3-5,65-100,6-9,7-9,0-2,C1,C2,C1_C2
793,794,Female,Books,Yes,No,21-30,40000-60000,3-5,65-100,10-13,3-4,0-2,C1,C3,C1_C2
794,795,Male,Books,No,No,21-30,40000-60000,0-2,65-100,6-9,3-4,0-2,C1,C2,C1_C2
795,796,Male,Home,No,No,41-50,40000-60000,3-5,65-100,14-17,7-9,0-2,C1,C2,C1_C2
796,797,Male,Books,No,Yes,31-40,20000-40000,3-5,65-100,10-13,5-6,0-2,C1,C2,C1_C2
797,798,Female,Home,No,No,41-50,40000-60000,3-5,100-135,6-9,3-4,0-2,C1,C2,C1_C2
798,799,Female,Home,No,Yes,31-40,80000- 100000,3-5,65-100,10-13,3-4,0-2,C1,C2,C1_C2
799,800,Male,Books,No,Yes,31-40,20000-40000,3-5,100-135,2-5,5-6,0-2,C1,C2,C1_C2
800,801,Female,Electronics,No,Yes,41-50,40000-60000,3-5,30-65,6-9,5-6,0-2,C1,C2,C1_C2
801,802,Female,Clothing,No,Yes,21-30,40000-60000,3-5,100-135,14-17,5-6,0-2,C1,C2,C1_C2
802,803,Male,Health,No,Yes,31-40,40000-60000,0-2,65-100,6-9,5-6,0-2,C1,C2,C1_C2
803,804,Male,Clothing,No,Yes,31-40,40000-60000,6-8,100-135,10-13,3-4,0-2,C1,C2,C1_C2
804,805,Female,Health,Yes,No,31-40,40000-60000,6-8,65-100,10-13,5-6,0-2,C1,C2,C1_C3
805,806,Male,Health,No,Yes,31-40,40000-60000,3-5,30-65,6-9,5-6,2-4,C1,C2,C2_C3
806,807,Female,Clothing,No,Yes,31-40,60000-80000,3-5,65-100,10-13,7-9,0-2,C1,C3,C1_C2
807,808,Female,Home,No,No,31-40,40000-60000,3-5,100-135,14-17,1-2,0-2,C2,C3,C1_C2
808,809,Female,Books,No,Yes,41-50,60000-80000,6-8,65-100,14-17,5-6,2-4,C1,C2,C2_C3
809,810,Female,Electronics,No,Yes,21-30,20000-40000,6-8,100-135,14-17,1-2,0-2,C1,C2,C1_C2
810,811,Female,Electronics,No,Yes,31-40,20000-40000,0-2,65-100,6-9,5-6,0-2,C2,C3,C1_C3
811,812,Female,Electronics,No,Yes,31-40,40000-60000,0-2,65-100,14-17,7-9,0-2,C1,C2,C1_C2
812,813,Male,Clothing,No,Yes,41-50,60000-80000,3-5,65-100,10-13,3-4,0-2,C1,C3,C1_C2
813,814,Male,Clothing,No,Yes,31-40,40000-60000,0-2,65-100,6-9,7-9,0-2,C1,C2,C1_C2
814,815,Female,Home,No,No,41-50,40000-60000,6-8,65-100,14-17,5-6,0-2,C1,C2,C1_C2
815,816,Female,Electronics,Yes,Yes,21-30,40000-60000,3-5,135-170,6-9,7-9,0-2,C1,C2,C1_C2
816,817,Female,Home,No,Yes,31-40,20000-40000,3-5,100-135,10-13,5-6,0-2,C1,C2,C1_C2
817,818,Male,Electronics,No,Yes,41-50,40000-60000,6-8,100-135,6-9,3-4,2-4,C1,C2,C2_C3
818,819,Female,Clothing,No,Yes,31-40,60000-80000,3-5,100-135,6-9,3-4,0-2,C1,C2,C1_C2
819,820,Male,Books,Yes,Yes,41-50,40000-60000,6-8,100-135,14-17,5-6,0-2,C2,C3,C1_C2
820,821,Female,Books,No,No,21-30,40000-60000,0-2,100-135,18-21,3-4,0-2,C1,C2,C1_C2
821,822,Female,Books,No,No,41-50,40000-60000,3-5,100-135,2-5,5-6,0-2,C1,C2,C1_C2
822,823,Male,Books,Yes,Yes,51-60,40000-60000,3-5,100-135,10-13,5-6,0-2,C1,C2,C1_C2
823,824,Male,Health,No,No,31-40,40000-60000,9-11,30-65,10-13,7-9,0-2,C1,C2,C1_C2
824,825,Female,Electronics,No,Yes,31-40,80000- 100000,3-5,65-100,6-9,5-6,0-2,C1,C2,C1_C2
825,826,Female,Books,No,Yes,41-50,40000-60000,3-5,65-100,10-13,5-6,0-2,C1,C2,C1_C2
826,827,Female,Health,No,Yes,51-60,40000-60000,6-8,65-100,6-9,7-9,4-6,C1,C2,C2_C3
827,828,Male,Health,No,Yes,21-30,40000-60000,6-8,65-100,6-9,7-9,0-2,C1,C2,C1_C2
828,829,Male,Health,No,No,31-40,60000-80000,3-5,100-135,6-9,3-4,0-2,C2,C3,C1_C3
829,830,Male,Home,No,Yes,31-40,40000-60000,3-5,100-135,6-9,5-6,0-2,C1,C2,C1_C2
830,831,Male,Home,No,Yes,21-30,40000-60000,3-5,100-135,6-9,3-4,0-2,C1,C3,C1_C2
831,832,Male,Health,No,No,21-30,60000-80000,6-8,100-135,6-9,5-6,0-2,C1,C2,C1_C2
832,833,Male,Books,No,No,21-30,60000-80000,6-8,100-135,10-13,3-4,0-2,C1,C2,C1_C2
833,834,Female,Electronics,No,No,21-30,40000-60000,6-8,65-100,18-21,5-6,0-2,C1,C2,C1_C2
834,835,Female,Clothing,Yes,Yes,31-40,20000-40000,3-5,100-135,14-17,5-6,0-2,C1,C2,C1_C2
835,836,Male,Home,No,Yes,31-40,60000-80000,6-8,65-100,6-9,5-6,0-2,C1,C2,C1_C2
836,837,Female,Books,No,Yes,51-60,20000-40000,3-5,65-100,10-13,7-9,0-2,C1,C2,C1_C2
837,838,Female,Books,No,Yes,21-30,60000-80000,6-8,65-100,6-9,3-4,2-4,C1,C2,C2_C3
838,839,Male,Clothing,No,No,41-50,20000-40000,3-5,100-135,10-13,5-6,0-2,C1,C2,C1_C2
839,840,Female,Clothing,No,No,31-40,60000-80000,3-5,100-135,2-5,5-6,0-2,C2,C3,C1_C2
840,841,Male,Books,No,No,31-40,20000-40000,3-5,65-100,6-9,3-4,2-4,C1,C2,C2_C3
841,842,Male,Clothing,No,Yes,41-50,60000-80000,3-5,100-135,18-21,5-6,0-2,C1,C2,C1_C2
842,843,Female,Books,No,No,21-30,40000-60000,0-2,100-135,6-9,3-4,0-2,C2,C3,C1_C2
843,844,Male,Clothing,No,No,31-40,20000-40000,3-5,65-100,6-9,7-9,0-2,C1,C2,C1_C2
844,845,Male,Clothing,No,Yes,31-40,40000-60000,6-8,100-135,2-5,3-4,0-2,C1,C2,C1_C2
845,846,Male,Books,No,Yes,31-40,60000-80000,3-5,30-65,10-13,3-4,0-2,C1,C2,C1_C2
846,847,Male,Health,No,No,31-40,40000-60000,6-8,30-65,2-5,5-6,0-2,C1,C2,C1_C2
847,848,Male,Books,No,Yes,51-60,40000-60000,6-8,65-100,6-9,3-4,0-2,C1,C2,C1_C2
848,849,Male,Electronics,No,No,21-30,60000-80000,0-2,100-135,10-13,3-4,0-2,C1,C2,C1_C2
849,850,Male,Clothing,No,Yes,21-30,20000-40000,6-8,100-135,10-13,5-6,0-2,C1,C2,C1_C2
850,851,Male,Home,No,No,21-30,60000-80000,3-5,65-100,10-13,3-4,0-2,C1,C2,C1_C2
851,852,Female,Clothing,Yes,No,21-30,40000-60000,3-5,65-100,10-13,5-6,0-2,C1,C2,C1_C2
852,853,Female,Electronics,No,Yes,21-30,20000-40000,6-8,100-135,2-5,5-6,0-2,C1,C2,C1_C2
853,854,Female,Home,No,No,41-50,20000-40000,6-8,65-100,10-13,5-6,0-2,C1,C2,C1_C2
854,855,Male,Home,No,Yes,41-50,40000-60000,3-5,65-100,10-13,5-6,0-2,C1,C2,C1_C2
855,856,Male,Books,No,Yes,21-30,60000-80000,0-2,65-100,6-9,3-4,0-2,C1,C2,C1_C2
856,857,Female,Health,No,Yes,21-30,40000-60000,6-8,100-135,6-9,3-4,0-2,C1,C2,C1_C2
857,858,Female,Books,No,Yes,31-40,60000-80000,3-5,100-135,6-9,5-6,0-2,C1,C2,C1_C2
858,859,Female,Home,Yes,No,21-30,20000-40000,3-5,100-135,18-21,7-9,0-2,C1,C2,C1_C2
859,860,Male,Home,Yes,No,41-50,40000-60000,6-8,100-135,6-9,3-4,0-2,C1,C2,C1_C2
860,861,Female,Health,No,Yes,31-40,20000-40000,6-8,100-135,14-17,5-6,0-2,C1,C2,C1_C2
861,862,Female,Clothing,No,Yes,11-20,40000-60000,3-5,100-135,6-9,5-6,2-4,C1,C2,C2_C3
862,863,Male,Health,No,Yes,51-60,60000-80000,6-8,65-100,6-9,5-6,2-4,C1,C2,C2_C3
863,864,Female,Books,No,Yes,51-60,40000-60000,3-5,65-100,2-5,5-6,2-4,C2,C3,C2_C3
864,865,Male,Clothing,No,No,21-30,4500-20000,0-2,65-100,10-13,1-2,2-4,C2,C3,C2_C3
865,866,Male,Books,No,Yes,31-40,40000-60000,3-5,65-100,6-9,5-6,0-2,C2,C3,C1_C2
866,867,Male,Health,No,Yes,31-40,40000-60000,3-5,100-135,6-9,3-4,0-2,C2,C3,C1_C2
867,868,Female,Clothing,No,Yes,31-40,40000-60000,3-5,100-135,10-13,5-6,0-2,C1,C2,C1_C2
868,869,Female,Health,No,Yes,41-50,60000-80000,3-5,135-170,10-13,5-6,0-2,C1,C2,C1_C2
869,870,Male,Electronics,Yes,No,51-60,20000-40000,3-5,100-135,10-13,5-6,0-2,C1,C2,C1_C2
870,871,Female,Home,Yes,Yes,31-40,60000-80000,0-2,65-100,6-9,3-4,0-2,C1,C2,C1_C2
871,872,Female,Clothing,No,Yes,21-30,60000-80000,0-2,65-100,6-9,7-9,0-2,C1,C2,C1_C2
872,873,Female,Home,No,No,21-30,20000-40000,3-5,100-135,6-9,7-9,0-2,C1,C2,C1_C2
873,874,Female,Electronics,Yes,No,21-30,40000-60000,3-5,100-135,10-13,5-6,0-2,C1,C2,C1_C2
874,875,Male,Clothing,No,No,31-40,40000-60000,3-5,100-135,10-13,5-6,0-2,C1,C2,C1_C2
875,876,Female,Home,No,No,51-60,40000-60000,6-8,65-100,6-9,3-4,2-4,C1,C2,C2_C3
876,877,Male,Home,No,No,21-30,40000-60000,3-5,65-100,10-13,7-9,0-2,C1,C2,C1_C2
877,878,Male,Clothing,Yes,Yes,31-40,40000-60000,9-11,65-100,14-17,5-6,2-4,C2,C3,C2_C3
878,879,Female,Home,No,Yes,31-40,20000-40000,6-8,65-100,6-9,7-9,0-2,C1,C2,C1_C2
879,880,Male,Home,No,Yes,41-50,40000-60000,0-2,65-100,6-9,3-4,0-2,C2,C3,C1_C2
880,881,Female,Clothing,Yes,No,61-73,20000-40000,3-5,100-135,6-9,3-4,0-2,C1,C2,C1_C2
881,882,Female,Home,No,Yes,21-30,20000-40000,3-5,100-135,6-9,7-9,0-2,C1,C2,C1_C2
882,883,Male,Home,Yes,Yes,31-40,60000-80000,6-8,100-135,6-9,5-6,0-2,C1,C2,C1_C2
883,884,Male,Books,No,Yes,41-50,20000-40000,6-8,30-65,14-17,3-4,0-2,C1,C2,C1_C3
884,885,Male,Books,No,No,41-50,40000-60000,3-5,65-100,6-9,3-4,0-2,C1,C2,C1_C2
885,886,Male,Electronics,No,Yes,51-60,40000-60000,3-5,100-135,10-13,5-6,2-4,C1,C3,C2_C3
886,887,Female,Books,No,Yes,41-50,20000-40000,3-5,100-135,10-13,1-2,0-2,C1,C2,C1_C2
887,888,Female,Books,No,Yes,31-40,20000-40000,3-5,100-135,10-13,5-6,0-2,C2,C3,C1_C2
888,889,Female,Electronics,No,No,41-50,60000-80000,3-5,100-135,6-9,5-6,0-2,C1,C2,C1_C2
889,890,Male,Home,No,Yes,41-50,20000-40000,6-8,65-100,14-17,5-6,0-2,C1,C2,C1_C2
890,891,Male,Home,No,Yes,41-50,40000-60000,3-5,65-100,14-17,3-4,0-2,C1,C2,C1_C2
891,892,Male,Books,No,Yes,41-50,40000-60000,6-8,65-100,6-9,7-9,0-2,C1,C2,C1_C2
892,893,Female,Electronics,No,Yes,41-50,60000-80000,6-8,30-65,10-13,3-4,0-2,C1,C2,C1_C2
893,894,Male,Home,No,Yes,41-50,40000-60000,3-5,100-135,14-17,5-6,0-2,C1,C2,C1_C2
894,895,Female,Health,No,Yes,41-50,40000-60000,3-5,65-100,14-17,3-4,0-2,C1,C2,C1_C2
895,896,Male,Clothing,No,Yes,41-50,60000-80000,3-5,65-100,6-9,5-6,0-2,C1,C2,C1_C2
896,897,Female,Clothing,No,No,31-40,60000-80000,3-5,65-100,14-17,,0-2,C1,C2,C1_C2
897,898,Female,Clothing,No,Yes,31-40,60000-80000,6-8,65-100,10-13,5-6,0-2,C1,C2,C1_C2
898,899,Male,Books,No,Yes,41-50,40000-60000,3-5,65-100,18-21,5-6,0-2,C1,C2,C1_C2
899,900,Male,Clothing,No,No,21-30,20000-40000,3-5,100-135,6-9,5-6,0-2,C1,C2,C1_C2
900,901,Female,Clothing,No,No,31-40,20000-40000,6-8,100-135,14-17,7-9,0-2,C1,C2,C1_C2
901,902,Female,Health,No,Yes,31-40,40000-60000,3-5,65-100,14-17,7-9,0-2,C1,C2,C1_C2
902,903,Male,Home,No,Yes,31-40,40000-60000,12-14,65-100,10-13,7-9,0-2,C1,C2,C1_C3
903,904,Male,Health,No,No,41-50,60000-80000,0-2,100-135,6-9,5-6,0-2,C1,C2,C1_C2
904,905,Female,Books,No,No,31-40,40000-60000,6-8,65-100,6-9,,0-2,C1,C3,C1_C2
905,906,Male,Clothing,No,Yes,31-40,20000-40000,0-2,100-135,14-17,3-4,0-2,C1,C2,C1_C2
906,907,Female,Home,No,Yes,21-30,60000-80000,6-8,100-135,6-9,3-4,2-4,C1,C2,C2_C3
907,908,Female,Clothing,No,Yes,41-50,20000-40000,0-2,100-135,10-13,3-4,0-2,C1,C2,C1_C2
908,909,Male,Clothing,Yes,Yes,41-50,40000-60000,3-5,100-135,14-17,3-4,0-2,C2,C3,C1_C2
909,910,Male,Books,No,Yes,51-60,40000-60000,3-5,65-100,6-9,5-6,0-2,C1,C2,C1_C2
910,911,Male,Clothing,No,Yes,31-40,60000-80000,3-5,65-100,10-13,7-9,0-2,C1,C2,C1_C2
911,912,Male,Electronics,No,Yes,31-40,80000- 100000,3-5,65-100,6-9,5-6,0-2,C1,C2,C1_C2
912,913,Male,Home,Yes,Yes,31-40,40000-60000,3-5,100-135,10-13,5-6,0-2,C1,C2,C1_C2
913,914,Female,Home,No,Yes,51-60,40000-60000,3-5,135-170,14-17,5-6,0-2,C1,C2,C1_C2
914,915,Female,Electronics,No,Yes,31-40,40000-60000,9-11,65-100,2-5,5-6,0-2,C1,C2,C1_C2
915,916,Male,Books,No,Yes,31-40,60000-80000,3-5,100-135,10-13,5-6,0-2,C1,C2,C1_C2
916,917,Male,Clothing,No,Yes,41-50,40000-60000,3-5,100-135,6-9,7-9,0-2,C1,C2,C1_C2
917,918,Male,Clothing,No,No,31-40,60000-80000,6-8,65-100,6-9,5-6,0-2,C1,C2,C1_C2
918,919,Female,Home,No,Yes,31-40,40000-60000,6-8,100-135,6-9,5-6,0-2,C1,C2,C1_C2
919,920,Male,Books,No,No,31-40,40000-60000,3-5,65-100,6-9,5-6,2-4,C1,C2,C2_C3
920,921,Male,Books,No,Yes,41-50,40000-60000,6-8,100-135,2-5,7-9,0-2,C1,C2,C1_C2
921,922,Female,Books,No,Yes,21-30,40000-60000,3-5,100-135,10-13,3-4,0-2,C2,C3,C1_C2
922,923,Female,Clothing,No,Yes,31-40,60000-80000,0-2,100-135,10-13,5-6,0-2,C1,C2,C1_C2
923,924,Male,Books,No,No,21-30,40000-60000,6-8,100-135,2-5,5-6,8-10,C1,C2,C2_C1
924,925,Male,Electronics,Yes,Yes,41-50,40000-60000,6-8,100-135,14-17,5-6,0-2,C1,C2,C1_C2
925,926,Male,Health,No,Yes,11-20,20000-40000,0-2,65-100,14-17,7-9,0-2,C2,C1,C1_C2
926,927,Female,Books,No,Yes,21-30,40000-60000,3-5,65-100,10-13,3-4,0-2,C1,C2,C1_C3
927,928,Male,Health,No,No,31-40,60000-80000,6-8,65-100,10-13,3-4,0-2,C1,C2,C1_C2
928,929,Male,Clothing,Yes,No,51-60,40000-60000,9-11,65-100,10-13,7-9,0-2,C1,C3,C1_C2
929,930,Male,Books,No,Yes,31-40,60000-80000,3-5,65-100,14-17,5-6,0-2,C1,C2,C1_C2
930,931,Female,Home,No,Yes,21-30,40000-60000,3-5,100-135,6-9,5-6,0-2,C1,C2,C1_C2
931,932,Female,Clothing,No,Yes,51-60,60000-80000,9-11,65-100,6-9,3-4,0-2,C1,C2,C1_C2
932,933,Male,Electronics,No,Yes,21-30,20000-40000,3-5,100-135,14-17,3-4,2-4,C1,C2,C2_C3
933,934,Male,Electronics,No,Yes,11-20,40000-60000,3-5,100-135,6-9,5-6,2-4,C1,C2,C2_C3
934,935,Female,Health,No,No,31-40,60000-80000,3-5,65-100,2-5,3-4,0-2,C2,C3,C1_C2
935,936,Female,Health,No,No,21-30,60000-80000,6-8,135-170,6-9,7-9,0-2,C2,C3,C1_C2
936,937,Female,Home,No,Yes,21-30,40000-60000,6-8,100-135,6-9,5-6,0-2,C1,C2,C1_C2
937,938,Female,Home,No,Yes,41-50,40000-60000,6-8,65-100,6-9,3-4,2-4,C1,C2,C2_C3
938,939,Female,Electronics,No,Yes,31-40,20000-40000,6-8,65-100,6-9,5-6,0-2,C1,C2,C1_C2
939,940,Female,Books,No,Yes,21-30,40000-60000,3-5,65-100,14-17,5-6,0-2,C2,C3,C1_C2
940,941,Female,Electronics,No,Yes,21-30,60000-80000,3-5,65-100,14-17,3-4,0-2,C1,C2,C1_C2
941,942,Female,Electronics,No,Yes,41-50,40000-60000,6-8,30-65,10-13,3-4,0-2,C1,C2,C1_C2
942,943,Female,Home,No,Yes,41-50,40000-60000,0-2,100-135,10-13,5-6,0-2,C1,C2,C1_C2
943,944,Male,Health,No,Yes,31-40,40000-60000,6-8,30-65,2-5,5-6,0-2,C1,C2,C1_C3
944,945,Male,Home,No,No,51-60,40000-60000,3-5,100-135,10-13,5-6,0-2,C1,C2,C1_C2
945,946,Male,Home,No,Yes,21-30,40000-60000,3-5,65-100,6-9,5-6,0-2,C1,C3,C1_C2
946,947,Female,Home,No,Yes,11-20,60000-80000,3-5,65-100,6-9,5-6,0-2,C1,C2,C1_C2
947,948,Male,Electronics,No,Yes,21-30,40000-60000,0-2,65-100,14-17,5-6,2-4,C1,C2,C2_C3
948,949,Female,Books,No,Yes,31-40,40000-60000,3-5,135-170,10-13,5-6,0-2,C1,C2,C1_C2
949,950,Female,Electronics,No,No,31-40,40000-60000,3-5,65-100,6-9,5-6,0-2,C2,C3,C1_C2
950,951,Male,Clothing,Yes,No,31-40,4500-20000,3-5,100-135,10-13,3-4,2-4,C1,C2,C2_C3
951,952,Female,Home,Yes,Yes,31-40,60000-80000,0-2,100-135,6-9,7-9,0-2,C1,C2,C1_C2
952,953,Male,Home,No,No,21-30,40000-60000,3-5,30-65,14-17,5-6,0-2,C2,C3,C1_C2
953,954,Male,Clothing,No,Yes,41-50,20000-40000,3-5,65-100,10-13,5-6,0-2,C1,C2,C1_C2
954,955,Male,Home,No,No,31-40,60000-80000,0-2,100-135,14-17,5-6,0-2,C1,C2,C1_C2
955,956,Female,Home,No,Yes,41-50,40000-60000,6-8,65-100,10-13,3-4,0-2,C1,C2,C1_C2
956,957,Male,Home,No,Yes,31-40,60000-80000,3-5,100-135,6-9,5-6,0-2,C1,C2,C1_C2
957,958,Female,Clothing,No,Yes,31-40,40000-60000,9-11,65-100,14-17,3-4,0-2,C1,C2,C1_C2
958,959,Male,Electronics,Yes,No,41-50,60000-80000,6-8,65-100,6-9,5-6,0-2,C1,C2,C1_C2
959,960,Male,Home,Yes,Yes,31-40,20000-40000,3-5,100-135,6-9,5-6,0-2,C1,C2,C1_C2
960,961,Male,Books,No,No,41-50,60000-80000,6-8,100-135,6-9,7-9,0-2,C1,C2,C1_C2
961,962,Female,Clothing,No,Yes,41-50,40000-60000,3-5,65-100,14-17,5-6,0-2,C1,C2,C1_C2
962,963,Female,Health,No,No,31-40,40000-60000,3-5,65-100,6-9,5-6,4-6,C1,C2,C2_C3
963,964,Female,Clothing,No,Yes,41-50,40000-60000,0-2,100-135,6-9,3-4,0-2,C1,C2,C1_C2
964,965,Male,Electronics,No,No,31-40,20000-40000,3-5,100-135,14-17,7-9,0-2,C2,C3,C1_C2
965,966,Male,Clothing,No,Yes,41-50,40000-60000,3-5,100-135,6-9,7-9,0-2,C1,C2,C1_C2
966,967,Female,Health,No,Yes,21-30,20000-40000,3-5,65-100,10-13,5-6,0-2,C1,C2,C1_C2
967,968,Female,Books,Yes,No,51-60,20000-40000,3-5,100-135,6-9,3-4,0-2,C1,C2,C1_C2
968,969,Female,Health,No,No,31-40,20000-40000,3-5,100-135,10-13,5-6,0-2,C1,C2,C1_C2
969,970,Female,Clothing,No,Yes,21-30,60000-80000,6-8,65-100,6-9,3-4,0-2,C1,C2,C1_C2
970,971,Female,Health,No,Yes,31-40,40000-60000,3-5,65-100,14-17,5-6,0-2,C1,C2,C1_C2
971,972,Female,Clothing,No,Yes,21-30,60000-80000,3-5,65-100,6-9,3-4,0-2,C1,C2,C1_C2
972,973,Male,Books,Yes,Yes,41-50,40000-60000,3-5,65-100,10-13,5-6,0-2,C1,C2,C1_C2
973,974,Female,Books,No,Yes,21-30,20000-40000,3-5,65-100,6-9,5-6,0-2,C1,C2,C1_C2
974,975,Male,Electronics,No,Yes,31-40,20000-40000,6-8,100-135,6-9,5-6,0-2,C1,C2,C1_C2
975,976,Male,Books,No,Yes,11-20,60000-80000,3-5,65-100,10-13,5-6,0-2,C1,C2,C1_C2
976,977,Female,Home,No,No,31-40,40000-60000,6-8,100-135,6-9,7-9,0-2,C1,C2,C1_C2
977,978,Female,Health,Yes,No,11-20,40000-60000,3-5,100-135,6-9,3-4,0-2,C1,C2,C1_C2
978,979,Male,Health,No,Yes,11-20,40000-60000,3-5,65-100,10-13,5-6,0-2,C1,C2,C1_C2
979,980,Female,Clothing,No,Yes,41-50,40000-60000,3-5,65-100,6-9,3-4,2-4,C1,C2,C2_C3
980,981,Female,Books,No,Yes,41-50,60000-80000,3-5,100-135,10-13,1-2,0-2,C1,C2,C1_C2
981,982,Male,Electronics,No,Yes,31-40,60000-80000,3-5,100-135,10-13,3-4,0-2,C2,C3,C1_C2
982,983,Male,Electronics,No,Yes,21-30,40000-60000,3-5,100-135,10-13,5-6,0-2,C1,C2,C1_C2
983,984,Male,Electronics,No,Yes,31-40,20000-40000,3-5,100-135,10-13,5-6,2-4,C1,C2,C2_C3
984,985,Female,Home,No,Yes,31-40,40000-60000,6-8,100-135,10-13,7-9,0-2,C1,C2,C1_C2
985,986,Male,Books,Yes,Yes,21-30,40000-60000,6-8,30-65,10-13,5-6,0-2,C2,C3,C1_C2
986,987,Female,Electronics,No,No,51-60,20000-40000,0-2,100-135,6-9,1-2,0-2,C1,C2,C1_C2
987,988,Male,Home,No,No,41-50,20000-40000,3-5,65-100,10-13,5-6,0-2,C1,C2,C1_C2
988,989,Male,Health,Yes,Yes,31-40,40000-60000,3-5,135-170,6-9,3-4,0-2,C1,C2,C1_C2
989,990,Male,Clothing,No,Yes,31-40,40000-60000,6-8,100-135,6-9,5-6,0-2,C1,C2,C1_C2
990,991,Female,Books,No,No,31-40,40000-60000,3-5,65-100,10-13,3-4,0-2,C1,C2,C1_C2
991,992,Female,Books,No,Yes,11-20,20000-40000,3-5,100-135,14-17,3-4,2-4,C1,C2,C2_C3
992,993,Male,Health,No,No,31-40,40000-60000,,100-135,6-9,5-6,0-2,C1,C2,C1_C2
993,994,Male,Books,No,No,21-30,20000-40000,3-5,65-100,14-17,7-9,0-2,C2,C3,C1_C2
994,995,Male,Books,No,No,21-30,60000-80000,3-5,100-135,10-13,3-4,2-4,C1,C2,C2_C3
995,996,Female,Books,No,Yes,31-40,60000-80000,3-5,65-100,14-17,7-9,0-2,C1,C2,C1_C2
996,997,Male,Books,No,Yes,51-60,20000-40000,3-5,100-135,10-13,3-4,0-2,C2,C3,C1_C2
997,998,Female,Home,No,No,41-50,20000-40000,6-8,65-100,6-9,5-6,0-2,C1,C2,C1_C2
998,999,Male,Home,No,Yes,21-30,20000-40000,6-8,100-135,14-17,5-6,0-2,C1,C2,C1_C2
999,1000,Male,Clothing,No,Yes,41-50,40000-60000,6-8,100-135,6-9,3-4,0-2,C1,C2,C1_C2
