,Customer_ID,Age,Annual_Income,Total_Purchases,Average_Purchase_Value,Website_Visits_Last_Month,Marketing_Emails_Opened,Hours_Spent_on_Support_Calls,Churn,Future_Purchase,Books,Clothing,Electronics,Health,Home,Female,Male
0,1,39,44520,4,44.29188254548638,12,3,0.3602584432259065,0,1,0,1,0,0,0,0,1
1,2,33,52770,3,121.96392236486822,12,8,0.1412996459220905,1,1,0,0,1,0,0,1,0
2,3,41,29793,5,100.59988477386352,9,4,0.4828327898355598,0,1,0,0,1,0,0,0,1
3,4,50,35425,1,94.84341246727936,6,4,0.2277147849045349,0,1,0,0,0,0,1,1,0
4,5,32,68006,6,119.6808290580896,6,3,1.0328187999176206,0,1,1,0,0,0,0,0,1
5,6,32,40146,6,134.58579351447955,8,8,5.203935657741123,0,0,0,1,0,0,0,0,1
6,7,50,34296,6,109.71431682707994,16,6,0.0120818556540621,0,1,0,0,0,1,0,0,1
7,8,42,58049,6,132.1742776609779,12,6,0.7785303854591541,0,1,1,0,0,0,0,0,1
8,9,30,67785,3,68.9343349494604,13,5,0.8525336039502516,0,1,0,0,0,0,1,1,0
9,10,40,60784,5,113.31897675668132,5,5,2.4558387215682544,0,0,1,0,0,0,0,0,1
10,11,30,64940,2,97.35992294291457,8,3,0.7052305609758809,0,1,0,0,0,0,1,1,0
11,12,30,38648,5,84.23561790567365,10,5,0.7846079022631696,0,0,0,0,1,0,0,0,1
12,13,37,28672,3,61.42637130274316,15,4,0.6380016381407394,0,0,0,0,1,0,0,0,1
13,14,15,72520,3,112.23574098005328,3,8,0.3132109174877548,0,1,1,0,0,0,0,0,1
14,15,17,45159,5,117.50580106833058,10,6,0.0576599748053553,0,1,0,1,0,0,0,1,0
15,16,29,46237,11,126.84045501986496,8,5,0.5253602113389322,0,0,0,0,0,1,0,0,1
16,17,24,69922,7,123.52980875270065,8,3,0.0540248862537981,1,1,0,0,0,0,1,1,0
17,18,38,58343,7,84.5658062588326,11,6,0.7996026720760174,0,1,0,0,0,1,0,1,0
18,19,25,56838,4,125.8141103062426,9,3,0.3671490972125069,1,0,0,0,1,0,0,1,0
19,20,20,82475,1,127.92695007823689,11,4,0.7627167930273524,0,0,0,1,0,0,0,1,0
20,21,49,40347,4,94.80032149494588,13,4,0.1442133442344864,1,0,0,1,0,0,0,1,0
21,22,32,63917,5,100.56856527423436,8,5,2.6975549554652365,0,1,0,0,0,1,0,1,0
22,23,35,50855,4,81.31691585900916,8,6,2.249245707004686,0,1,0,0,1,0,0,1,0
23,24,20,54028,4,129.61772581306664,13,4,0.2107167216981297,0,1,0,0,0,1,0,1,0
24,25,29,72927,7,69.76425708062129,9,3,0.4207477195244278,0,1,1,0,0,0,0,1,0
25,26,36,57617,6,110.6994134472754,10,5,0.9506047095822608,0,1,0,1,0,0,0,0,1
26,27,23,58074,8,88.06341623768574,11,6,0.1005788630086658,0,1,0,1,0,0,0,0,1
27,28,38,66087,4,77.84294360886977,7,4,0.4378351417849833,0,1,1,0,0,0,0,0,1
28,29,28,44525,3,62.50543438877184,9,4,0.2891662223495944,0,0,0,0,1,0,0,0,1
29,30,32,37411,0,95.69187744058014,10,8,2.471201737196904,1,0,0,1,0,0,0,0,1
30,31,28,34327,4,74.7082977080419,9,8,1.9139992162376345,0,0,0,0,0,0,1,1,0
31,32,53,20504,1,101.12838906547609,7,9,0.8671024119003704,0,1,0,0,0,0,1,1,0
32,33,34,80843,4,135.3867464680125,11,6,0.7346909706610804,0,1,0,0,1,0,0,1,0
33,34,24,33451,3,103.99014652877776,9,4,2.6696826577380204,0,0,1,0,0,0,0,1,0
34,35,43,46681,5,139.94561004569297,8,4,2.694558371223968,0,1,0,0,0,1,0,1,0
35,36,22,45847,6,80.35453493043693,12,4,3.4844743879742217,0,1,0,0,1,0,0,1,0
36,37,37,54611,6,74.38118400001305,6,4,0.1339644968099589,0,1,0,0,0,1,0,1,0
37,38,15,62236,4,79.45968823543444,16,8,0.1750176681629124,1,1,0,0,1,0,0,0,1
38,39,21,62907,4,98.69798922489392,13,6,1.1292881134679744,0,1,0,0,0,0,1,0,1
39,40,36,41253,5,154.45897375448607,12,6,0.7796520893386434,0,0,1,0,0,0,0,0,1
40,41,42,47493,1,66.75770572897119,8,4,0.0186385281137272,0,0,0,0,0,0,1,0,1
41,42,36,54238,9,112.3932623632485,14,7,0.0639787162463927,0,1,1,0,0,0,0,1,0
42,43,33,46269,7,86.00069327918933,11,6,2.1899743640954075,0,1,0,0,0,1,0,1,0
43,44,31,74110,5,95.52393897898074,9,3,2.031572148256462,0,0,0,0,1,0,0,1,0
44,45,20,57364,4,74.83960177467326,6,7,0.4420319841182321,0,1,0,1,0,0,0,0,1
45,46,27,61023,5,117.5827664807908,12,4,2.2168718801181844,0,1,0,1,0,0,0,1,0
46,47,30,59943,4,99.12149734089756,8,3,0.900602130092408,0,0,1,0,0,0,0,1,0
47,48,45,67602,1,121.74907101388332,13,6,1.639410882578676,1,0,1,0,0,0,0,1,0
48,49,38,52715,3,103.5049038806512,10,6,0.5576221510810572,0,0,0,0,0,0,1,0,1
49,50,17,30547,7,61.3675204564625,7,3,0.1203594700780038,0,1,0,1,0,0,0,1,0
50,51,38,55995,6,121.93085591950428,5,4,0.5686790955368947,0,1,0,0,0,0,1,0,1
51,52,31,40229,10,59.73998735380639,10,9,0.6111982256941221,0,0,0,0,0,1,0,0,1
52,53,28,42070,4,62.60194634167176,11,6,0.8006081090759324,0,1,0,1,0,0,0,0,1
53,54,41,58795,5,81.65594639736727,12,6,0.1115828486200876,0,0,0,0,0,1,0,0,1
54,55,45,68574,6,81.92288916095328,11,4,4.7562097328668855,0,1,0,0,1,0,0,1,0
55,56,44,50319,6,127.92042730762964,6,3,0.2798948990847582,0,0,0,0,0,0,1,0,1
56,57,26,54632,8,96.57687226499272,11,4,0.2213356909004485,0,1,1,0,0,0,0,0,1
57,58,31,75533,4,124.94770583949328,8,4,0.7482433152315376,0,1,0,1,0,0,0,1,0
58,59,38,53611,3,88.64165042828094,8,4,0.7704779575329043,0,1,0,0,0,0,1,1,0
59,60,44,89025,3,106.3529273802127,16,4,0.579498435465477,1,1,1,0,0,0,0,0,1
60,61,30,58482,9,109.48084623024413,9,5,1.477936719443902,0,1,0,0,1,0,0,1,0
61,62,33,23588,7,113.921308341541,15,4,0.7270233547547467,0,1,0,1,0,0,0,0,1
62,63,23,61300,2,90.70147651168324,7,6,0.9408279603462858,0,0,0,0,0,1,0,0,1
63,64,23,55717,2,92.44290222430212,9,4,1.286435941739072,0,1,0,0,1,0,0,0,1
64,65,43,69346,4,94.03738841468312,12,5,0.0253435535094124,0,1,1,0,0,0,0,0,1
65,66,48,60097,6,66.95175219406391,7,2,0.8454692925087023,0,1,0,1,0,0,0,1,0
66,67,34,47923,9,98.32196273463406,12,5,2.155842970841068,0,0,0,1,0,0,0,0,1
67,68,45,31635,11,92.3263148984744,9,3,0.0175417028970053,0,1,0,0,1,0,0,1,0
68,69,38,46864,4,111.60145788155108,9,8,0.5194999770897886,0,1,0,1,0,0,0,1,0
69,70,28,37242,7,101.82602342119336,15,6,2.6067685705762966,0,0,1,0,0,0,0,1,0
70,71,38,41292,7,126.72763606906376,9,5,0.4356476563653363,0,1,0,0,1,0,0,1,0
71,72,50,58828,3,101.40176950417134,16,3,0.6138348765512939,0,1,0,0,0,1,0,0,1
72,73,34,75048,7,88.75588607559473,9,5,3.992224515610408,0,1,0,0,1,0,0,1,0
73,74,50,55920,5,101.15394444331568,11,6,0.2222987319628105,0,0,0,0,1,0,0,0,1
74,75,8,32061,2,114.48334481754328,11,4,0.0674817164909576,0,1,0,0,0,1,0,1,0
75,76,43,56669,9,64.53585184421907,10,5,1.9619969872043532,0,0,1,0,0,0,0,1,0
76,77,35,67949,6,85.69502962364818,14,6,2.028484897166497,0,0,0,0,0,0,1,0,1
77,78,32,40853,3,86.11646528229296,8,6,0.6388064203091034,0,1,0,0,0,0,1,0,1
78,79,35,47989,6,108.21980405755,14,6,0.7219730308995825,1,0,0,0,0,1,0,0,1
79,80,15,50220,3,110.545730793839,9,7,1.8067088745422728,1,1,1,0,0,0,0,1,0
80,81,32,38226,2,102.0245545566979,13,7,1.3415485476206157,0,1,0,1,0,0,0,1,0
81,82,38,59724,8,50.427237617441534,8,5,0.3080875244253857,1,1,0,0,0,1,0,0,1
82,83,49,48185,4,66.96163633616426,14,5,0.0170376754738453,0,0,0,0,0,0,1,0,1
83,84,29,56292,5,95.22136357085758,15,6,0.6533500230702174,0,1,1,0,0,0,0,0,1
84,85,26,36687,4,89.97061153283053,17,6,1.9583737811018171,1,1,0,0,1,0,0,0,1
85,86,29,43438,3,100.10740757672006,9,9,2.261775994782504,0,1,1,0,0,0,0,1,0
86,87,44,60835,4,90.61203675129047,8,2,3.128719747298442,0,1,1,0,0,0,0,0,1
87,88,38,44407,3,130.63284932298075,8,4,2.1166304572707797,0,1,0,0,0,0,1,0,1
88,89,29,75904,11,54.12116830306957,9,4,0.8676042761729708,0,1,0,0,0,0,1,0,1
89,90,40,44005,6,106.0525526305963,8,4,0.588076785608043,0,1,0,1,0,0,0,0,1
90,91,35,53370,5,116.56020812326943,5,4,1.4909877506185287,0,1,0,1,0,0,0,1,0
91,92,44,63988,5,114.030769167168,5,6,1.3463878615011284,0,1,0,0,0,1,0,0,1
92,93,27,28724,5,115.74545976002368,8,3,0.7725008908232045,0,1,0,0,1,0,0,1,0
93,94,31,23587,3,118.62231816781868,11,6,0.0913780306600714,0,0,0,1,0,0,0,0,1
94,95,31,27115,6,87.92040226785552,13,6,2.604790071334691,1,0,0,0,0,0,1,0,1
95,96,20,68938,4,77.97032486046086,8,4,0.6080756693135254,0,1,1,0,0,0,0,1,0
96,97,37,41722,5,59.30636654610655,12,4,0.4515097511903392,0,1,0,0,0,1,0,0,1
97,98,37,88372,3,92.7479433264061,8,6,0.9930837540819376,0,0,0,1,0,0,0,1,0
98,99,35,41536,7,84.44933752090289,12,6,1.1203609694696346,0,0,1,0,0,0,0,1,0
99,100,32,52768,3,123.23217627314276,6,7,0.2365934939221403,0,1,1,0,0,0,0,0,1
100,101,20,73131,6,94.2488377969773,7,7,1.8136299633247557,0,1,0,1,0,0,0,1,0
101,102,30,80091,7,79.39188525544884,7,8,0.3424017123960421,0,1,0,0,1,0,0,1,0
102,103,31,80922,1,76.22929092077798,5,5,0.2066354699746097,1,1,0,0,1,0,0,1,0
103,104,26,68125,6,139.7764010756759,6,7,0.5215493392423688,0,1,0,0,0,1,0,1,0
104,105,33,65360,4,99.55827370016846,4,6,1.3114098481711882,0,0,0,0,1,0,0,1,0
105,106,39,58887,2,84.36991073452113,10,7,3.3655844699530717,0,1,0,0,0,1,0,1,0
106,107,53,61675,2,102.48083615544044,13,2,1.6569555245914371,0,1,0,0,0,0,1,1,0
107,108,36,41732,5,137.9377831233014,9,8,2.81923393332594,0,0,0,1,0,0,0,1,0
108,109,37,37727,5,92.2063871540089,17,5,0.1515275613020826,0,0,1,0,0,0,0,0,1
109,110,34,49949,3,113.74021418896392,11,6,0.0738368692201721,0,0,0,0,0,1,0,0,1
110,111,15,47447,5,123.72922074660649,8,3,0.8157776604029165,0,0,0,0,1,0,0,1,0
111,112,34,43201,11,62.17152216300187,12,5,0.3429093869505623,0,1,0,0,0,1,0,0,1
112,113,35,60445,2,87.23175162660922,11,4,1.7605804635414073,0,0,0,0,0,1,0,1,0
113,114,59,64329,6,121.22173256317728,9,4,1.114704693849709,1,0,0,0,1,0,0,1,0
114,115,33,51326,5,86.01393121794987,6,3,3.5311294534192954,0,1,0,0,1,0,0,0,1
115,116,38,72162,3,108.29250798534568,14,6,0.2940923822977946,0,1,0,1,0,0,0,1,0
116,117,34,32874,4,84.8303680175038,6,1,0.6651120907248561,0,1,1,0,0,0,0,1,0
117,118,23,47095,10,91.08896192976148,14,4,0.6956312180788333,0,0,0,1,0,0,0,1,0
118,119,46,39247,1,88.65272388785787,11,4,0.2733542672399927,0,1,0,1,0,0,0,1,0
119,120,42,22001,8,112.73340307391663,6,5,0.8918259488642588,0,1,0,0,1,0,0,0,1
120,121,42,48759,3,104.03160228399186,15,4,0.585703610908939,0,1,0,0,1,0,0,1,0
121,122,25,48173,5,101.9771889002204,11,4,0.5918938887921231,0,1,1,0,0,0,0,1,0
122,123,49,72701,4,150.14990475717667,9,5,0.4505722833718303,1,1,0,0,0,1,0,1,0
123,124,20,59462,11,134.79394814240135,9,6,0.0170742920639747,0,1,0,1,0,0,0,0,1
124,125,40,34637,3,60.37512758892439,12,3,0.7383438067491962,0,0,1,0,0,0,0,1,0
125,126,56,77811,4,91.13180653562902,9,4,0.408340993054351,0,1,0,1,0,0,0,0,1
126,127,25,68315,3,148.52927349213985,9,4,0.0013207407785848,1,1,0,0,0,1,0,0,1
127,128,29,58731,3,88.50819938623916,10,8,0.3680879793636336,0,1,0,1,0,0,0,1,0
128,129,35,46602,8,141.7549197175029,7,5,0.3266007864292006,0,1,0,0,0,0,1,1,0
129,130,29,35608,1,91.4734637026348,13,5,0.4999650690474562,0,1,1,0,0,0,0,0,1
130,131,19,44416,5,95.32004858906876,12,4,0.1413930600144597,0,1,0,0,1,0,0,1,0
131,132,35,66331,7,117.27142718271624,10,5,0.7086341360343814,0,1,0,1,0,0,0,0,1
132,133,24,78268,3,98.19585649984327,9,3,1.1790862349955922,0,1,1,0,0,0,0,0,1
133,134,39,73148,7,109.89249279148572,6,2,0.9947539371414414,0,1,1,0,0,0,0,1,0
134,135,25,42667,5,131.49897398615278,11,5,1.628391133181057,0,1,0,1,0,0,0,1,0
135,136,50,33205,7,115.17601867951538,7,5,0.6014951162125081,0,1,0,0,1,0,0,0,1
136,137,27,52113,5,102.830642642994,12,3,0.7320787346303788,0,1,0,0,1,0,0,0,1
137,138,31,23473,7,133.47053683435186,10,6,1.6628489258116232,0,1,0,1,0,0,0,0,1
138,139,43,54847,5,117.533749517502,9,9,0.5580939953829746,0,0,1,0,0,0,0,0,1
139,140,22,47785,4,85.32913673805304,9,5,1.2093182320342508,0,0,0,0,1,0,0,1,0
140,141,37,43009,5,139.60150466888038,11,6,0.5702260231866614,0,1,0,1,0,0,0,1,0
141,142,48,26079,11,112.84731184100356,11,8,0.5408316599132267,1,1,0,1,0,0,0,1,0
142,143,18,57704,7,95.72646462260276,9,7,1.4279734917478693,0,1,0,1,0,0,0,1,0
143,144,36,42009,6,59.583648308281056,9,5,0.1921742339604471,1,1,1,0,0,0,0,1,0
144,145,37,32451,3,72.44847239870666,5,6,0.4133752690155401,1,0,0,0,1,0,0,0,1
145,146,42,6916,0,134.00269820799875,9,3,0.2538247895630657,0,0,1,0,0,0,0,1,0
146,147,22,49587,10,134.793305039409,10,5,0.4448973546625096,1,0,0,0,0,0,1,1,0
147,148,21,76583,5,101.7056813746648,10,4,0.2618516649449087,0,0,0,0,1,0,0,1,0
148,149,40,74918,5,64.59511648049028,9,3,0.8660864040263054,0,0,1,0,0,0,0,1,0
149,150,37,43143,3,78.26049492698789,12,5,1.6003334967804157,0,1,0,0,1,0,0,1,0
150,151,37,40966,4,67.52463295900844,10,3,1.5446481473198554,0,1,0,0,0,0,1,0,1
151,152,38,57031,2,66.79777480172478,10,6,0.4533447061331545,0,0,0,0,0,1,0,0,1
152,153,28,35024,2,140.53604737873812,10,5,4.488312546757753,0,1,0,1,0,0,0,0,1
153,154,37,54526,7,141.19835816828947,13,5,0.9010434760794218,0,1,1,0,0,0,0,1,0
154,155,37,61491,3,77.5830569286886,10,3,0.5098266258943966,0,1,0,0,0,0,1,0,1
155,156,27,68403,1,99.825300482048,9,3,1.8050835168722277,0,0,0,0,0,0,1,0,1
156,157,53,48497,3,74.30407680136395,9,5,1.3088668089748754,0,1,0,0,1,0,0,1,0
157,158,39,46944,7,99.69523906999828,14,8,1.3833999014093237,0,1,0,0,1,0,0,1,0
158,159,23,36830,5,132.78607766738193,11,3,0.2183293453894323,1,0,0,1,0,0,0,1,0
159,160,41,37596,5,121.5743810160603,5,4,0.631721575839145,0,0,0,0,1,0,0,0,1
160,161,25,46602,4,116.17325530994574,14,7,1.9792569399208384,0,0,1,0,0,0,0,0,1
161,162,42,55510,5,96.11640525474272,5,3,0.7012559834770913,1,1,1,0,0,0,0,1,0
162,163,46,63703,5,125.23934231992727,8,7,1.1502827386574208,0,1,1,0,0,0,0,1,0
163,164,26,37952,3,112.93337493166662,12,5,0.8865711004164791,0,0,0,0,0,1,0,0,1
164,165,44,72390,3,108.0783116263144,14,5,1.8474209495372835,0,1,1,0,0,0,0,0,1
165,166,39,45933,6,97.6918132360043,9,4,0.3348587147143325,0,1,0,0,1,0,0,1,0
166,167,43,49679,6,106.36745879029333,7,4,0.8567850367318482,1,1,0,0,1,0,0,1,0
167,168,53,38791,4,105.76503155738654,12,4,0.1315159028148407,0,1,1,0,0,0,0,0,1
168,169,32,13636,9,89.17136709851479,13,7,1.1718631375936597,0,1,0,0,0,0,1,1,0
169,170,27,63260,6,84.50166932545467,9,6,1.3166482995248452,0,1,0,0,0,0,1,0,1
170,171,26,61052,5,80.0618607933922,11,6,0.0437819136673015,0,1,0,0,0,0,1,0,1
171,172,26,45780,5,81.34273776412815,9,6,1.12636679723737,0,0,0,1,0,0,0,0,1
172,173,34,51004,4,96.23794248909896,9,4,0.535613920967207,1,1,0,0,0,1,0,0,1
173,174,38,57739,10,92.94630202008835,8,5,0.1324997833274823,1,1,1,0,0,0,0,1,0
174,175,37,26561,6,87.58532506794887,13,5,0.5445677876247016,0,1,0,1,0,0,0,1,0
175,176,43,42064,2,86.10437050529669,10,6,0.2159605729020431,0,1,0,0,0,0,1,0,1
176,177,35,61913,4,105.83760052232633,9,4,0.5371003546230275,0,0,1,0,0,0,0,0,1
177,178,49,31185,3,127.55214894348612,14,6,0.4850588370203584,0,1,0,1,0,0,0,0,1
178,179,32,54403,2,99.78168637853102,8,7,1.3409066910112248,0,0,0,0,1,0,0,0,1
179,180,62,29651,5,98.47338399918462,6,5,1.4881745320601143,0,1,0,0,0,0,1,0,1
180,181,41,56996,6,81.3022661457326,8,3,0.9340185816910452,1,1,0,1,0,0,0,1,0
181,182,26,49465,5,95.53860376418584,9,5,0.0229481482903925,0,1,0,0,1,0,0,1,0
182,183,24,25773,10,123.80672681218738,11,4,2.6739717116103603,0,1,0,0,0,0,1,1,0
183,184,39,67471,5,120.74922207017946,6,6,1.1591054994267829,0,1,0,0,0,1,0,1,0
184,185,32,38981,5,119.3594748854867,4,8,0.0347937943518764,0,1,0,0,0,0,1,0,1
185,186,42,37846,4,118.71737658439685,13,5,1.7083354648496338,0,1,0,0,0,1,0,0,1
186,187,39,53008,4,108.7346511112967,14,5,0.223476300066431,0,0,0,0,0,1,0,0,1
187,188,34,67229,3,108.0241432696599,5,6,0.8656479742711604,0,0,0,0,0,1,0,0,1
188,189,26,34762,6,104.89500653369548,6,3,0.6285481049124364,0,1,1,0,0,0,0,0,1
189,190,19,50925,4,91.66229439894973,10,4,0.5444492526090362,0,1,1,0,0,0,0,1,0
190,191,30,56432,2,101.6739879723102,6,7,2.2046757496201024,0,1,0,0,0,1,0,0,1
191,192,43,60396,9,104.31199367411732,10,6,0.5751175825249897,0,0,0,0,1,0,0,1,0
192,193,37,52646,5,112.66337206632105,9,2,0.0783336296839471,0,1,0,0,0,1,0,1,0
193,194,22,44494,9,102.0051297409032,17,4,2.930670024866,0,1,0,1,0,0,0,1,0
194,195,36,37586,5,142.10322761944838,17,6,2.532441515793261,1,1,0,0,0,1,0,1,0
195,196,38,51292,5,75.80375605884177,12,6,1.1533832745309986,0,1,1,0,0,0,0,0,1
196,197,26,33917,1,115.089513995414,13,7,0.6309097952533058,0,1,1,0,0,0,0,1,0
197,198,36,6179,5,99.17512586721892,14,4,0.0974579047531691,1,1,0,1,0,0,0,1,0
198,199,35,56548,8,100.04292564253085,9,7,1.564216578386432,0,0,0,1,0,0,0,1,0
199,200,23,63559,6,83.74848435378384,8,5,0.0784783392288658,0,0,0,0,0,0,1,0,1
200,201,38,14556,2,120.3868653449737,10,6,0.0710675058696197,0,1,0,0,1,0,0,0,1
201,202,40,34854,5,113.05683068642314,13,5,0.7708576020804637,0,1,0,0,1,0,0,0,1
202,203,45,59287,5,116.67274793607385,9,3,0.1745060656860295,1,1,0,0,1,0,0,1,0
203,204,45,80862,4,103.38490809637928,8,8,0.0077603007344885,0,0,1,0,0,0,0,1,0
204,205,21,50311,6,93.5021037071955,6,3,0.5501096193142566,0,0,0,0,1,0,0,0,1
205,206,25,39079,5,98.66876902911086,15,4,0.1475923363982214,0,1,0,0,0,0,1,1,0
206,207,40,47256,6,108.6693130011128,13,6,0.1749671650877984,0,1,0,0,0,0,1,0,1
207,208,40,70623,5,59.88847654160519,12,5,0.0800292330609319,0,1,0,0,1,0,0,0,1
208,209,40,40310,4,117.45865735150916,12,7,0.2295311004940894,0,1,0,1,0,0,0,1,0
209,210,73,38012,7,148.52385629366134,12,5,1.2569664198418733,0,1,0,0,0,0,1,1,0
210,211,40,42758,5,109.60670093906953,15,5,1.6551013328589266,0,0,0,1,0,0,0,1,0
211,212,46,35700,7,94.38146751584452,8,7,0.6024542694614548,1,1,1,0,0,0,0,1,0
212,213,44,51840,6,96.77529490641462,13,2,0.7063414754600211,0,1,0,0,0,0,1,0,1
213,214,41,74370,4,114.15084701868338,6,7,0.0332001093930252,0,0,0,1,0,0,0,0,1
214,215,31,54846,8,94.83422673369763,11,4,0.0718357601375007,0,1,0,0,1,0,0,0,1
215,216,42,46214,4,117.37350542678354,13,7,0.297823625461423,1,0,1,0,0,0,0,0,1
216,217,27,45622,3,96.51718565739512,13,3,0.7850397326814561,0,1,0,0,0,1,0,0,1
217,218,32,26552,5,134.28366933248674,6,5,1.345348785378482,0,0,0,0,0,1,0,1,0
218,219,30,63246,10,133.73192272044378,9,7,0.9288772643339168,0,1,0,0,1,0,0,0,1
219,220,35,48832,6,93.39660664118118,7,5,0.4977907069367687,0,1,1,0,0,0,0,0,1
220,221,58,47292,4,98.379523265224,19,6,0.1259307202029541,0,1,1,0,0,0,0,0,1
221,222,16,97896,3,99.5526227624332,13,6,1.51764862774548,0,1,1,0,0,0,0,1,0
222,223,41,54481,3,99.8206734847252,6,6,0.452220375353923,0,1,1,0,0,0,0,1,0
223,224,18,38723,5,81.05141909878648,8,7,1.3320107970829176,0,0,0,0,0,1,0,1,0
224,225,30,43604,2,78.25478631451296,3,5,0.719447711082182,0,0,0,1,0,0,0,1,0
225,226,45,67226,6,124.99515143095913,10,4,1.3419408952687435,1,1,1,0,0,0,0,0,1
226,227,35,51699,2,121.79574028408334,15,2,2.3782742070602487,1,1,0,1,0,0,0,0,1
227,228,24,28425,5,121.45041428354544,14,4,2.538681117263009,0,0,1,0,0,0,0,1,0
228,229,27,63788,2,98.61243266119342,9,3,0.7659475341746987,0,0,0,0,0,0,1,1,0
229,230,41,39977,6,137.84023539979393,11,5,0.7164329310146652,0,1,0,0,0,0,1,0,1
230,231,27,78099,3,99.55062046650866,13,4,0.3088082883889295,1,0,0,0,0,0,1,0,1
231,232,37,66200,5,117.25752347799482,12,2,2.7457494441353245,0,1,1,0,0,0,0,1,0
232,233,35,43290,2,72.22755970930032,5,2,0.6123401506543784,1,1,0,1,0,0,0,1,0
233,234,28,69215,6,95.40529337004298,9,7,0.1364972026227565,0,1,0,0,0,1,0,1,0
234,235,56,51017,6,96.88357888852366,13,5,0.5668756778751368,0,0,0,0,1,0,0,1,0
235,236,41,62791,7,98.6902492395677,11,4,0.135880721839119,0,1,0,0,0,1,0,0,1
236,237,14,57270,6,73.49002064008629,8,7,0.698223411360484,0,1,1,0,0,0,0,0,1
237,238,36,37304,6,114.07761855648516,9,3,0.8238836594114752,1,1,0,0,0,0,1,0,1
238,239,28,40346,4,120.57220622606756,6,8,0.4121208507448656,0,1,0,0,0,0,1,1,0
239,240,43,65449,4,85.12281221754169,15,5,0.0743471237667113,0,1,0,1,0,0,0,1,0
240,241,27,44978,7,77.05316967357342,7,4,2.873577220367253,0,1,1,0,0,0,0,0,1
241,242,33,43945,5,84.62116750212155,11,6,1.48436203865601,0,1,0,0,0,1,0,0,1
242,243,40,35673,5,109.9099733828036,7,6,1.8256125562478835,0,1,1,0,0,0,0,0,1
243,244,43,56353,8,88.0679329018329,7,5,0.4570769705271688,0,0,1,0,0,0,0,0,1
244,245,22,80937,4,97.31869500727248,10,7,1.4305849894821496,1,1,0,0,0,0,1,1,0
245,246,31,33987,2,78.5307851059461,12,3,0.6643127088721482,0,0,0,0,0,1,0,0,1
246,247,30,50363,3,139.5857281100293,11,4,0.2244988297968992,0,1,0,0,1,0,0,0,1
247,248,28,71183,4,101.46397256325568,11,3,0.1328726118479095,0,1,0,0,0,0,1,0,1
248,249,52,48805,6,122.9943065845326,16,4,0.4231977094499285,0,1,0,0,0,1,0,0,1
249,250,39,56785,9,109.86339668477672,8,4,0.1479805510035409,0,1,0,1,0,0,0,0,1
250,251,22,34064,3,99.16239890069862,5,7,6.359042255955127,0,1,0,0,0,0,1,0,1
251,252,44,56424,5,98.12675350221444,10,3,0.0504399640848289,0,0,0,1,0,0,0,0,1
252,253,56,47192,3,85.49512646724429,8,5,0.5818627249980252,0,0,0,0,0,0,1,1,0
253,254,45,64785,2,90.99073698232549,9,5,0.6016506678947391,0,1,1,0,0,0,0,1,0
254,255,19,67810,4,79.8439533680299,9,7,0.3575781067842167,0,1,0,0,0,1,0,1,0
255,256,30,88843,9,77.66268056134109,12,9,0.8471181965105969,1,0,0,1,0,0,0,1,0
256,257,47,58694,4,141.72750835102704,8,6,0.1624918994531424,0,1,0,0,0,0,1,0,1
257,258,27,54886,5,105.57824730163884,14,8,1.532071308120363,0,1,0,1,0,0,0,1,0
258,259,39,52915,8,129.3143448340812,11,6,0.4041375670523141,0,0,0,0,0,0,1,1,0
259,260,42,44702,8,84.11875485927956,9,8,0.8948781018151211,0,0,0,0,0,0,1,0,1
260,261,25,55077,5,74.96792815070512,12,6,1.2575115514248127,0,1,0,0,1,0,0,0,1
261,262,34,45568,3,80.44443578082297,7,3,2.198604588324963,0,1,0,0,1,0,0,1,0
262,263,2,52526,9,91.55856229820608,10,5,1.8065935712014296,0,1,0,0,1,0,0,1,0
263,264,24,69763,2,100.7299986365232,12,6,0.93728208709157,0,0,0,1,0,0,0,0,1
264,265,32,34901,8,96.98126766312016,11,4,0.4916656545379354,0,0,1,0,0,0,0,1,0
265,266,22,67098,7,84.53618063026744,8,4,0.6995771487189755,0,1,0,0,0,0,1,0,1
266,267,51,69756,6,101.75430018635528,9,5,1.464190146389654,0,0,0,0,0,1,0,0,1
267,268,20,48228,9,103.50772249079894,6,7,2.1000160941188826,0,0,0,0,1,0,0,0,1
268,269,30,18172,3,114.04552855103157,5,2,0.1095715118888291,0,1,0,1,0,0,0,0,1
269,270,36,40882,6,129.40864606025076,7,6,0.4858993189602819,0,0,0,1,0,0,0,1,0
270,271,49,69454,7,92.72212420982154,10,6,1.496629891280855,0,1,0,1,0,0,0,0,1
271,272,20,49656,7,124.30961187269264,10,8,0.5650209541016286,0,1,0,0,0,1,0,0,1
272,273,46,35010,5,101.31875186855974,5,7,0.4038081277580744,0,1,0,0,0,1,0,1,0
273,274,35,42428,5,69.45362025164437,7,6,0.5298771178329377,0,0,0,0,1,0,0,0,1
274,275,25,62609,1,135.6654162079167,11,5,0.9234280087119936,0,1,0,0,0,1,0,1,0
275,276,39,58201,7,145.4507288379938,3,4,8.543250420404894,1,1,0,0,1,0,0,1,0
276,277,36,46416,4,112.381929561031,5,5,0.6792293427697671,0,0,0,0,0,1,0,1,0
277,278,28,44497,7,101.79569928838264,8,6,0.2338184192107154,1,1,0,0,0,1,0,0,1
278,279,35,44123,5,94.57189879671006,10,7,0.1777479221593194,0,0,0,0,0,1,0,1,0
279,280,31,36163,5,90.72104061031185,12,6,0.0432726485426065,0,1,0,0,1,0,0,1,0
280,281,36,74230,3,124.21402506295033,11,4,0.8182960560972601,1,1,0,0,0,0,1,0,1
281,282,41,45165,5,99.65453523903656,12,5,0.7865178437186925,0,1,0,0,1,0,0,1,0
282,283,50,68257,5,133.47879594489535,11,4,0.2297074551495028,0,0,0,0,0,0,1,1,0
283,284,22,72819,4,100.6972483065833,11,1,1.1885241071738006,0,1,0,1,0,0,0,1,0
284,285,56,64974,3,91.75306613153184,7,4,1.3513405908551686,0,1,0,1,0,0,0,1,0
285,286,15,43525,3,87.97399070976535,14,3,0.2998871933490854,0,0,0,0,1,0,0,1,0
286,287,33,56055,5,85.12567829411003,10,7,0.4217465809169021,1,1,0,0,0,0,1,0,1
287,288,40,49637,10,110.28291652812092,9,4,4.653486059113252,1,0,0,0,0,0,1,1,0
288,289,37,36444,2,74.11013290283977,9,4,0.4688274697537389,0,0,0,0,0,0,1,1,0
289,290,28,54865,5,83.63325033327493,3,8,1.430462245876997,0,1,0,1,0,0,0,0,1
290,291,32,32314,3,126.4896525168214,16,5,0.6028046402157788,0,1,0,0,1,0,0,0,1
291,292,30,67815,4,80.90901378351045,6,1,1.5767037098400274,1,1,1,0,0,0,0,0,1
292,293,29,43030,6,117.25409843980034,10,4,1.465438174311626,0,1,0,0,0,0,1,1,0
293,294,43,53017,3,58.739763769983696,7,3,1.1018857160860536,0,0,0,0,0,0,1,0,1
294,295,38,54249,4,129.00174084351505,11,3,1.9294940575145083,0,0,1,0,0,0,0,1,0
295,296,28,46116,4,74.59536321944907,8,3,2.8004697283529976,0,1,0,0,1,0,0,1,0
296,297,43,58800,5,82.47212513050482,16,5,0.8674608552839477,0,1,0,0,0,0,1,0,1
297,298,38,42876,8,113.60685155972652,15,4,0.2711119939191539,1,1,0,0,1,0,0,0,1
298,299,43,63069,5,105.40816268416096,5,4,0.5085431666276601,0,1,0,0,0,0,1,1,0
299,300,41,29810,6,117.89974872189616,13,7,1.4200816304155413,1,1,0,0,0,1,0,0,1
300,301,26,51895,3,74.43474741484849,6,5,1.0523495589831258,0,1,0,0,0,0,1,1,0
301,302,29,79083,4,94.26389181332922,13,7,0.1957695838019,0,1,0,0,0,1,0,0,1
302,303,42,34995,5,87.65843581579125,20,5,0.0525989265084739,0,1,0,0,1,0,0,0,1
303,304,41,39833,6,77.79622403695153,13,5,1.1487323564249312,0,0,0,0,0,0,1,0,1
304,305,34,57708,7,111.91794917040733,6,6,0.2891218070782621,1,1,0,1,0,0,0,1,0
305,306,36,52693,5,118.86102893213592,9,3,0.6924878854008761,0,0,0,1,0,0,0,0,1
306,307,47,55259,2,93.26267589918932,16,3,1.3733653916604915,0,1,1,0,0,0,0,1,0
307,308,29,57337,6,130.45422598592342,6,6,0.8270598587933495,0,0,0,1,0,0,0,1,0
308,309,40,59520,4,84.28599558243315,9,5,0.0869778318560519,0,1,0,0,0,1,0,1,0
309,310,32,66645,2,129.96934648274083,11,6,0.2052793662695607,1,0,0,1,0,0,0,1,0
310,311,32,56147,4,111.24478119516532,16,7,0.2476004274822103,0,0,0,1,0,0,0,0,1
311,312,45,46381,2,75.52865629049978,9,5,0.2982231059771497,0,1,0,1,0,0,0,1,0
312,313,43,60088,3,139.63048534165338,14,5,0.8333370159544259,0,1,0,0,0,0,1,1,0
313,314,43,78498,4,91.11044933617946,7,5,0.7011103623495548,0,0,1,0,0,0,0,0,1
314,315,48,48010,7,124.10235479228902,5,8,0.2271014213139906,0,0,0,0,1,0,0,1,0
315,316,35,35382,5,102.91298243859264,8,7,0.0699449425510449,0,0,1,0,0,0,0,0,1
316,317,41,66606,5,107.48882448903665,9,7,0.1880566162234191,0,0,0,0,0,1,0,1,0
317,318,31,48194,7,118.02413560984616,3,4,4.159287172583337,0,1,0,0,0,0,1,0,1
318,319,38,17409,9,116.91702368938007,10,6,0.6321404196107417,1,1,0,0,0,0,1,1,0
319,320,33,62711,7,93.1570687375308,8,4,2.0200073105603185,0,1,0,1,0,0,0,0,1
320,321,35,41970,6,110.6333119187719,6,4,1.888837490758508,0,0,0,1,0,0,0,1,0
321,322,40,48642,6,109.13199697397005,9,7,0.7164558440487018,1,1,0,0,0,1,0,1,0
322,323,26,54979,9,104.2712239937849,10,2,1.2265173961391738,0,1,0,0,0,0,1,0,1
323,324,55,52857,2,95.9336693234054,11,8,0.2141243597930751,1,0,0,0,1,0,0,0,1
324,325,24,60641,3,104.23129666388496,7,3,1.1660243903524576,1,0,1,0,0,0,0,0,1
325,326,22,43467,9,139.3508149239172,14,6,0.3179826385870711,0,1,0,0,0,0,1,0,1
326,327,46,57696,3,94.09945295771684,7,4,1.7841609914431067,0,1,0,0,1,0,0,1,0
327,328,42,46106,8,124.13174839608418,11,4,0.0874377949207361,0,1,0,0,1,0,0,1,0
328,329,41,61082,5,87.60727152167071,6,4,1.4834163419401023,0,1,1,0,0,0,0,0,1
329,330,41,59230,4,82.37370675354512,7,5,0.1052904143023387,0,0,0,0,1,0,0,1,0
330,331,34,35968,9,165.52798690226,9,4,2.130223277624639,0,1,0,0,0,1,0,0,1
331,332,26,66289,2,110.80048393978488,10,6,0.3626995097245898,0,0,0,0,1,0,0,0,1
332,333,35,41960,5,111.35026922579226,6,2,1.0624540432509293,0,0,0,0,0,1,0,1,0
333,334,28,62120,10,111.90455543668403,13,3,0.6684590140678086,0,1,0,0,1,0,0,1,0
334,335,44,55509,5,128.14599413069178,8,3,0.4561845859951693,1,1,0,1,0,0,0,1,0
335,336,33,77572,4,108.15620029235508,6,5,1.0368828651820778,0,1,0,0,1,0,0,1,0
336,337,26,46648,7,116.32443745114384,17,6,2.9473799299995034,0,1,0,0,0,1,0,1,0
337,338,31,44760,3,78.82863443486954,14,7,0.0421455235137016,1,1,0,0,1,0,0,1,0
338,339,39,49708,6,119.67847074488904,7,4,2.511491178285351,0,0,0,0,1,0,0,1,0
339,340,29,45452,3,95.26478883924918,9,5,0.9392565771770012,0,1,0,0,1,0,0,0,1
340,341,26,61999,3,113.43484964383744,5,6,1.6466949189210651,0,0,0,0,0,1,0,0,1
341,342,37,25755,4,65.69760090610609,13,4,0.4843053383782293,0,1,0,0,1,0,0,0,1
342,343,37,34194,1,112.60359184730228,8,5,0.638361643348459,0,1,1,0,0,0,0,0,1
343,344,29,33982,2,55.16207290450343,11,5,2.031419305062078,0,0,1,0,0,0,0,0,1
344,345,30,64254,4,94.48169059127646,14,3,0.5358835848464425,0,1,0,0,0,1,0,1,0
345,346,37,75659,5,65.88896818200789,15,2,0.7649860267417871,0,1,0,1,0,0,0,0,1
346,347,20,48433,8,112.66073452501053,8,3,0.02040162820743,1,1,1,0,0,0,0,0,1
347,348,20,47467,7,101.3853976235175,5,6,0.1726857377762815,0,1,0,0,0,0,1,0,1
348,349,27,51050,7,84.58425193919447,11,3,1.0263469997139836,1,0,1,0,0,0,0,0,1
349,350,32,67428,2,128.68816090069657,17,4,1.2622267629873547,0,1,0,0,0,0,1,0,1
350,351,38,36089,6,82.06667011333236,8,4,0.8737125286743281,0,1,0,0,0,1,0,0,1
351,352,49,53575,8,39.37612335019822,4,3,0.154679195121744,1,1,0,1,0,0,0,0,1
352,353,43,64627,6,110.27270067730304,13,4,0.5895179341243022,0,0,0,0,0,0,1,1,0
353,354,33,57516,4,64.66802561172102,16,7,0.4386518975749328,0,1,0,0,0,0,1,1,0
354,355,34,52843,4,82.69980713978315,14,2,0.684507300120665,0,1,1,0,0,0,0,0,1
355,356,24,65015,4,89.65306854121444,14,6,2.042755072042215,0,1,0,0,0,0,1,1,0
356,357,34,9451,1,71.52012300607976,11,5,1.4954908409505143,0,1,0,0,0,1,0,1,0
357,358,32,60168,6,90.1254482788356,14,6,0.0877274530081407,0,1,0,0,0,1,0,1,0
358,359,38,40188,8,71.8943622549022,4,5,2.2100897600161638,0,1,0,0,0,1,0,1,0
359,360,26,22540,7,103.24766370266094,4,4,0.6382180908783235,0,1,1,0,0,0,0,0,1
360,361,40,57668,7,75.42509488495622,11,7,1.3620394829007374,0,1,0,1,0,0,0,1,0
361,362,50,70604,6,100.6029279756403,8,5,0.1508685085243514,0,1,1,0,0,0,0,1,0
362,363,33,47938,6,123.2401540854242,8,6,1.1108453859434422,1,0,0,0,0,1,0,1,0
363,364,39,64293,4,115.64745540584326,10,5,0.269614305508186,0,0,1,0,0,0,0,0,1
364,365,41,74184,3,98.36578615716844,10,8,0.5769314117865909,0,1,0,0,0,1,0,0,1
365,366,30,69723,6,80.22525363160364,14,6,0.0170066671219752,0,1,0,0,1,0,0,0,1
366,367,37,74599,3,103.1835423184516,7,8,0.1644155951850209,0,1,0,0,1,0,0,0,1
367,368,35,61131,10,86.0856175106583,9,5,0.0965995531249413,0,0,0,0,0,0,1,0,1
368,369,35,51131,5,104.02246917403052,9,5,0.2741002877888058,0,1,0,1,0,0,0,0,1
369,370,27,25970,6,65.69429565094,5,6,0.1053806158868592,0,0,0,0,1,0,0,0,1
370,371,35,46309,6,116.14522112671284,6,7,1.1773634173026422,0,1,0,0,0,1,0,1,0
371,372,39,37351,4,100.66433126026295,8,8,0.0294699054684755,0,1,1,0,0,0,0,1,0
372,373,49,82564,6,144.17033360018348,10,4,0.9616555832718052,0,0,1,0,0,0,0,1,0
373,374,44,47361,5,126.12122923685452,9,6,0.1516462877331979,0,0,0,0,0,0,1,0,1
374,375,56,51848,3,111.32373872842112,13,4,2.903361996083372,0,0,1,0,0,0,0,0,1
375,376,27,58272,2,97.52014052584862,9,5,2.7044677224963856,0,1,0,0,1,0,0,0,1
376,377,43,50654,3,85.40791272596668,8,4,0.2555416249705032,0,1,1,0,0,0,0,0,1
377,378,36,75425,2,118.8481859006827,9,4,0.9530099517520846,1,1,0,0,1,0,0,0,1
378,379,56,40660,8,95.41060417360576,18,7,0.0284049472449638,1,1,0,0,1,0,0,1,0
379,380,26,52919,7,123.367292658966,14,3,2.685142737789544,1,1,0,1,0,0,0,1,0
380,381,26,38862,4,108.01646327470571,10,6,0.7402121808832208,0,1,0,0,0,0,1,0,1
381,382,29,30199,3,108.15994254499527,13,5,0.0441850927944211,0,1,0,0,0,1,0,0,1
382,383,13,40823,3,111.89052253935922,11,3,0.4193105042962059,0,1,0,0,1,0,0,0,1
383,384,29,49444,6,81.60746123124886,7,4,0.0799629612030411,0,0,0,0,0,0,1,0,1
384,385,27,43560,5,79.55727512252754,8,5,0.4991349589539806,0,0,0,0,0,1,0,1,0
385,386,36,39613,1,78.86581103273551,11,4,1.1084394438565204,0,1,1,0,0,0,0,0,1
386,387,38,28905,8,120.9499382975198,10,6,0.6346705733303931,0,1,0,0,0,0,1,0,1
387,388,53,48753,9,81.08556824963054,7,8,0.4840574020595207,0,1,0,0,0,0,1,0,1
388,389,44,27429,4,83.57680583609327,14,4,0.1268759272110677,1,0,0,0,0,0,1,0,1
389,390,29,61400,7,110.75034253946284,7,4,0.2809567988113532,0,1,1,0,0,0,0,1,0
390,391,26,51236,3,94.95901750730287,14,5,0.1055197369310284,0,0,1,0,0,0,0,0,1
391,392,39,28136,7,92.40411515816088,12,6,1.6476525364794363,0,0,0,0,0,0,1,0,1
392,393,21,45361,5,90.6689006234616,13,4,0.1453030682791099,1,1,0,1,0,0,0,1,0
393,394,53,38717,6,53.487366443173045,8,2,0.9047905297933512,0,1,0,0,1,0,0,1,0
394,395,46,54787,8,80.66236948071963,7,5,0.4196762298396355,1,0,1,0,0,0,0,1,0
395,396,30,70106,2,123.63126273764183,12,8,0.2561554789802673,0,1,0,1,0,0,0,0,1
396,397,17,21872,4,89.21203796932055,4,5,1.020175779603954,0,1,1,0,0,0,0,0,1
397,398,48,51725,9,61.9902058796452,13,5,0.610650212053453,0,0,0,0,0,0,1,1,0
398,399,33,47598,4,79.84011522263019,9,8,0.5110680986349111,0,1,0,1,0,0,0,1,0
399,400,47,60070,4,107.19707929509993,20,6,0.8985785352914156,1,0,0,0,0,1,0,1,0
400,401,19,53197,3,106.80069218411477,16,6,0.675833193420274,1,0,0,0,1,0,0,1,0
401,402,29,38720,4,94.114387748773,10,5,0.3616648134443649,0,0,0,0,1,0,0,1,0
402,403,35,45214,4,86.21591905829933,8,8,0.8188493877175252,0,1,1,0,0,0,0,1,0
403,404,35,38059,6,71.95608028487914,5,6,1.1071443127426197,0,1,0,0,1,0,0,0,1
404,405,30,66140,7,107.36370072824016,8,7,0.0270558904845484,1,1,0,0,0,1,0,0,1
405,406,41,50319,3,116.7574083533558,11,6,0.6271192608292128,0,0,0,1,0,0,0,0,1
406,407,24,78517,6,125.77760004103688,14,6,0.0594138449726516,0,0,0,1,0,0,0,1,0
407,408,33,49090,8,77.78825282619914,6,4,0.206293088729258,0,1,0,0,0,0,1,1,0
408,409,36,39373,7,127.31045960812376,11,4,0.8221374348142645,0,1,0,1,0,0,0,1,0
409,410,40,27294,3,98.86775825471086,7,6,2.011326289170788,0,1,1,0,0,0,0,1,0
410,411,42,22952,4,100.53143926808612,10,4,2.1439218602529464,0,0,0,0,0,1,0,1,0
411,412,23,26237,6,117.87184081262922,12,5,0.0725104904950232,0,0,0,0,0,0,1,1,0
412,413,19,54006,8,89.18092193040535,8,4,0.5431854098951224,0,0,1,0,0,0,0,0,1
413,414,47,57630,3,56.72393997301943,4,6,0.8746846040776922,0,0,1,0,0,0,0,0,1
414,415,38,26282,4,114.09723096391522,6,3,0.1590776862558601,0,0,1,0,0,0,0,1,0
415,416,27,63425,3,106.97141488590144,11,7,1.450010678470678,0,0,0,0,1,0,0,0,1
416,417,50,42754,8,92.79446306246048,7,5,1.3634972352924468,0,1,1,0,0,0,0,1,0
417,418,36,52201,1,112.45062687874388,13,4,2.3365660999654705,0,1,0,0,1,0,0,0,1
418,419,46,74183,3,116.53886920930393,9,5,0.0085222232886622,1,0,0,1,0,0,0,1,0
419,420,35,63452,7,69.75987375876848,14,4,0.2442193998987002,0,1,0,0,1,0,0,1,0
420,421,55,45972,5,100.45025948795455,12,4,1.7555435404133055,1,1,1,0,0,0,0,0,1
421,422,52,36632,9,54.44874786301831,11,4,1.1104219009198155,1,1,0,0,0,1,0,0,1
422,423,32,17722,5,97.52613620976436,5,3,2.2480008299249388,0,1,0,0,0,1,0,1,0
423,424,44,39212,4,92.5451551194262,15,8,0.0588795283166282,0,1,0,1,0,0,0,1,0
424,425,41,46833,5,109.8381803485448,9,2,0.90872930593707,0,1,1,0,0,0,0,0,1
425,426,48,35192,7,78.53889540752147,12,6,0.8417552571158669,0,1,0,0,1,0,0,0,1
426,427,25,48031,3,91.57026928296963,11,4,0.036326299029112,0,1,0,0,0,1,0,1,0
427,428,41,51152,6,35.678856014857274,9,6,0.7205637574453135,0,1,0,0,0,0,1,0,1
428,429,45,46627,7,111.15007642067674,11,4,0.940379324652908,0,0,1,0,0,0,0,1,0
429,430,17,40249,4,98.23200166411851,9,6,0.2123188184585892,0,1,1,0,0,0,0,1,0
430,431,23,52529,4,101.7448287564122,6,6,0.3192822510428093,0,1,0,0,0,0,1,1,0
431,432,14,56629,4,70.13138527930548,12,6,1.0226165641272098,1,1,0,0,0,1,0,1,0
432,433,32,33644,3,107.9612434970601,13,3,0.631677640681366,0,1,0,0,0,0,1,0,1
433,434,42,71163,4,133.05499407028452,13,6,1.9520244060651144,1,1,0,1,0,0,0,0,1
434,435,50,48521,2,96.3017456224762,11,4,0.419130707536366,0,0,0,0,1,0,0,0,1
435,436,35,50282,7,113.00177816163288,7,2,0.3101453716061428,0,0,0,0,1,0,0,0,1
436,437,51,60623,6,82.5875795374823,9,5,4.190807468920481,1,1,0,0,0,1,0,0,1
437,438,21,53498,7,98.4628761990589,12,5,2.420645581100239,1,1,0,0,0,0,1,0,1
438,439,17,64297,5,69.37318772083665,8,5,0.0294213390389926,0,1,1,0,0,0,0,0,1
439,440,34,54306,4,115.76243609386924,4,6,1.4728488910904822,0,0,1,0,0,0,0,1,0
440,441,38,40813,5,103.19681154330792,10,4,0.1169100373836422,0,0,1,0,0,0,0,0,1
441,442,34,55422,4,75.61427228347874,10,4,0.0278699797795773,0,1,0,1,0,0,0,0,1
442,443,14,32844,7,83.96275646323836,5,3,0.3197859525853396,0,1,0,1,0,0,0,1,0
443,444,34,51628,5,101.22172345196626,8,6,0.3138150899776127,1,0,1,0,0,0,0,0,1
444,445,21,49501,6,118.4773003192835,21,5,1.7110209182466722,0,0,0,0,0,1,0,0,1
445,446,41,46878,5,129.59054407037036,7,4,1.240177855098474,0,1,0,1,0,0,0,1,0
446,447,38,48071,2,97.31749241909688,15,6,3.9959171006666474,0,0,0,1,0,0,0,0,1
447,448,25,21772,4,72.70702652261238,16,5,1.2431049091526885,1,1,0,0,1,0,0,0,1
448,449,29,41769,4,104.76930280647588,5,5,0.5417240226227753,1,1,0,0,1,0,0,0,1
449,450,24,51392,6,135.69764798064702,5,5,1.2004047140220115,0,0,0,0,0,1,0,1,0
450,451,34,52397,11,67.5450318935497,10,6,7.522215476112905,0,1,0,1,0,0,0,0,1
451,452,44,34584,6,80.90808701422138,11,6,1.238363725939169,0,0,0,1,0,0,0,0,1
452,453,25,68985,8,112.21928688493288,11,4,1.4341466603395132,0,1,0,0,0,0,1,1,0
453,454,40,37007,5,103.07198270508331,9,3,2.786525634433773,0,1,0,0,0,1,0,0,1
454,455,29,64541,3,89.09960543470397,9,3,0.1206447955635586,1,1,0,0,0,1,0,1,0
455,456,27,56407,5,104.40227746602903,9,6,1.220048981193344,1,1,0,0,0,0,1,1,0
456,457,33,40306,1,119.55090403708633,12,7,1.9025075247675112,0,1,0,0,0,0,1,0,1
457,458,24,76629,8,98.03327315615002,9,5,3.087378379144037,0,0,0,0,1,0,0,1,0
458,459,29,32095,6,96.27984611415808,11,3,0.2369500358413996,0,1,0,0,0,1,0,1,0
459,460,23,63787,4,111.78048339851432,9,6,0.7010362329110544,0,0,0,0,0,1,0,0,1
460,461,54,65008,7,94.58970236191608,9,7,1.1411696870199128,0,1,0,0,0,0,1,1,0
461,462,35,39940,1,122.8504712175626,8,7,0.2843113988950104,0,0,1,0,0,0,0,1,0
462,463,28,70886,7,140.53479356968705,10,5,0.9174735892999336,0,1,1,0,0,0,0,0,1
463,464,37,46249,3,82.14116063740676,15,7,0.2978385183091596,0,1,0,0,1,0,0,0,1
464,465,33,54330,9,74.99948934431902,11,2,0.4056506561186027,0,1,1,0,0,0,0,0,1
465,466,32,53904,4,107.43438477380086,9,3,0.582534137328418,0,1,1,0,0,0,0,1,0
466,467,41,47985,2,74.28990953944195,11,3,0.7533008731174271,0,1,1,0,0,0,0,0,1
467,468,42,62162,4,73.94845042092925,8,6,0.5966847042228002,0,1,0,1,0,0,0,1,0
468,469,29,61902,6,59.01588459352317,18,3,0.6796299903767712,0,0,0,0,1,0,0,1,0
469,470,29,23772,2,92.3549550485625,12,5,0.3546609110200173,0,0,0,0,0,0,1,1,0
470,471,32,69565,1,99.340193943455,12,5,0.1731221145466474,0,0,1,0,0,0,0,1,0
471,472,11,25062,7,89.65274021715534,8,4,0.0485076802649487,0,1,0,1,0,0,0,1,0
472,473,19,65488,7,127.80666367064342,7,7,0.2181295455907486,1,0,1,0,0,0,0,1,0
473,474,48,66900,6,126.31774534092234,7,3,0.872139026612451,0,0,0,1,0,0,0,1,0
474,475,51,33635,8,138.57687928043512,19,4,1.5423188852452376,0,1,0,0,1,0,0,0,1
475,476,32,43837,7,100.93056931867416,19,6,0.1854234797177838,0,1,1,0,0,0,0,0,1
476,477,40,33414,5,123.67638117021554,11,2,0.1149119386968248,0,1,0,1,0,0,0,1,0
477,478,38,46776,6,106.17705297574308,7,6,1.3834598244144771,1,1,0,0,0,1,0,1,0
478,479,65,45379,6,104.16764625039242,17,6,0.3640712730935518,1,1,0,0,0,1,0,0,1
479,480,46,61694,7,90.65227849409077,5,7,3.0261799187829133,1,1,0,1,0,0,0,1,0
480,481,33,69654,6,54.73706418489712,10,7,1.252875872005035,0,0,1,0,0,0,0,0,1
481,482,25,70935,3,112.7458291002798,6,4,0.395647529496429,0,1,1,0,0,0,0,0,1
482,483,18,41567,3,123.08272473056049,8,5,0.3418464990448887,0,1,0,0,1,0,0,0,1
483,484,37,46861,1,69.48764143403501,12,3,0.7417039831300625,0,0,0,0,1,0,0,1,0
484,485,27,24748,5,99.80602675634783,13,4,0.0824523324569684,0,0,0,0,0,0,1,1,0
485,486,20,37911,3,119.8329433682914,13,3,0.1251965245091694,1,0,0,0,1,0,0,0,1
486,487,28,64472,9,92.81002446709164,7,4,0.1934122898137839,1,1,1,0,0,0,0,0,1
487,488,24,74233,8,123.86207346664536,14,7,1.49042715653278,0,1,0,0,0,0,1,0,1
488,489,51,31484,4,97.19433933285264,8,4,0.72125319869793,0,1,0,0,1,0,0,0,1
489,490,43,41113,2,89.49682938603479,7,5,0.0106233512828051,0,1,0,1,0,0,0,0,1
490,491,34,49603,3,125.00573825882466,13,5,1.119375951675864,0,1,0,0,0,1,0,1,0
491,492,49,54202,2,81.32492527719806,10,5,0.5511098786241668,0,1,0,0,1,0,0,0,1
492,493,35,37855,4,85.50191936350413,8,8,0.7150909229340914,1,0,0,0,1,0,0,1,0
493,494,26,56360,4,82.08908230565387,9,4,0.240946389872957,0,1,0,1,0,0,0,0,1
494,495,50,42892,5,77.14809461025474,14,6,0.8024760673395983,0,1,1,0,0,0,0,1,0
495,496,40,49783,8,103.06067834748777,9,5,3.870556726575076,0,1,0,1,0,0,0,1,0
496,497,24,58194,6,89.74130796442995,8,3,0.0762815383366772,0,0,0,0,1,0,0,1,0
497,498,33,50096,3,109.77226192832916,12,5,0.3339597550781956,1,1,1,0,0,0,0,1,0
498,499,26,43454,5,65.30719328936951,12,6,0.2783888457093605,0,1,0,0,0,0,1,1,0
499,500,21,48355,6,77.54903818991167,15,3,0.285749688377329,1,1,0,0,1,0,0,1,0
500,501,44,48674,3,101.0315817905274,11,3,0.4759514546469247,0,1,0,1,0,0,0,0,1
501,502,54,44449,8,129.39361194407434,10,3,1.7043519867914685,0,1,0,0,0,0,1,1,0
502,503,21,46118,8,107.5700429783504,7,6,2.440224224717383,0,1,0,0,0,1,0,0,1
503,504,40,73979,5,88.21218810299115,7,6,0.225916251019526,0,1,0,0,0,0,1,1,0
504,505,28,58413,4,70.20937293239406,16,5,0.7829623491162376,0,0,0,1,0,0,0,1,0
505,506,30,45567,2,87.04307903187812,9,5,1.0130741698456118,0,1,0,0,0,0,1,0,1
506,507,29,60454,6,99.1503175491436,6,7,0.7377836793178608,0,0,0,1,0,0,0,1,0
507,508,26,44992,5,52.84616211913821,7,6,0.5692961819678681,0,1,0,0,1,0,0,0,1
508,509,35,67596,6,75.73259859504171,10,6,0.2131629063898715,1,1,1,0,0,0,0,0,1
509,510,26,55544,7,85.24888070706055,4,6,0.6698591816835403,1,1,0,0,0,1,0,0,1
510,511,37,48390,3,94.85182785630076,14,6,0.5128523891202252,0,1,1,0,0,0,0,0,1
511,512,34,56715,9,98.91327040502593,20,5,1.5874971925968409,1,1,1,0,0,0,0,1,0
512,513,32,26436,2,87.78264443585729,5,7,1.442248433395992,0,1,1,0,0,0,0,1,0
513,514,25,33098,0,110.11746364405836,11,7,0.1438688475636682,0,0,0,1,0,0,0,0,1
514,515,29,32091,6,102.4941380606093,9,2,0.0926845875098184,0,0,0,1,0,0,0,1,0
515,516,42,52144,4,92.5987343098964,10,2,2.3876413994075465,1,0,0,0,0,1,0,1,0
516,517,40,75987,6,112.87550761875865,14,8,0.7668117810947709,0,1,0,1,0,0,0,0,1
517,518,25,83469,4,111.23881233020266,11,4,1.950527352932825,0,1,0,1,0,0,0,1,0
518,519,35,59570,5,70.92402898507456,11,7,0.0599104425050027,0,1,0,1,0,0,0,0,1
519,520,42,57512,2,99.35944861682712,17,5,0.7476363479381803,0,1,0,1,0,0,0,0,1
520,521,18,22984,5,117.80521062934402,8,3,0.7752828585504489,0,1,0,0,1,0,0,1,0
521,522,40,41859,4,121.14978558604356,7,3,1.971139989416611,0,1,0,0,0,1,0,1,0
522,523,28,38183,3,107.41817581270574,8,3,0.1027084778982451,0,0,0,1,0,0,0,1,0
523,524,40,40687,5,95.33422876507213,13,4,0.2750232856186568,1,1,0,0,0,1,0,0,1
524,525,27,47477,3,108.42639588464873,13,5,0.5217826228494469,0,1,0,0,0,0,1,0,1
525,526,16,42918,3,116.15546862583568,6,6,2.008733158992938,1,1,0,0,1,0,0,1,0
526,527,18,20310,4,102.31663898019129,10,8,2.7949703743148544,0,1,0,1,0,0,0,1,0
527,528,35,61218,8,104.57208291156842,8,5,4.923259177755947,0,0,0,0,1,0,0,1,0
528,529,37,33908,5,95.0039369132936,13,5,3.198913564689556,0,1,0,0,1,0,0,1,0
529,530,25,53588,4,73.2642959783264,7,5,0.0059594783122,0,0,0,0,0,0,1,0,1
530,531,41,81111,4,96.5127175949569,6,5,0.048883927091603,1,1,0,0,0,1,0,1,0
531,532,18,36209,4,86.45772108238933,11,5,0.1597073787399195,0,1,0,0,1,0,0,0,1
532,533,34,12045,4,86.52157244673917,12,1,0.4290338262888251,1,0,1,0,0,0,0,0,1
533,534,22,45709,7,128.67668978320313,8,1,1.7714747874738488,0,1,0,0,0,0,1,1,0
534,535,28,66514,8,119.03114755461,8,3,2.2317184678782,0,1,1,0,0,0,0,1,0
535,536,35,79375,7,66.13001818329855,9,3,0.2068205078802629,0,1,0,0,0,0,1,1,0
536,537,26,31556,3,78.3024244744732,5,6,0.9667006050660616,0,1,1,0,0,0,0,0,1
537,538,31,57450,6,92.72875910894864,14,4,2.493285475094256,0,0,1,0,0,0,0,1,0
538,539,45,43020,6,87.18735539728075,7,7,0.6231207504505686,0,0,0,0,1,0,0,1,0
539,540,29,48410,4,106.34836547007583,4,7,0.1093055894078548,0,0,0,0,1,0,0,0,1
540,541,43,89665,6,75.12829844385597,7,8,0.6121455176026527,0,1,0,0,0,0,1,1,0
541,542,23,27455,9,119.17063922597232,6,7,0.4712762823862031,0,1,0,0,0,1,0,0,1
542,543,40,53806,6,99.11988910116348,10,4,0.8619398573094008,1,1,0,0,1,0,0,1,0
543,544,49,57015,4,93.18975910577646,11,5,0.5774261527717117,0,0,0,0,1,0,0,0,1
544,545,10,66286,6,99.71361114568454,17,4,0.0174981300816054,0,0,0,1,0,0,0,1,0
545,546,27,51469,7,91.64983852969937,14,6,5.115618116700942,0,1,0,0,1,0,0,1,0
546,547,40,54620,4,59.38714858547793,10,7,0.7842547268201306,0,1,0,0,0,1,0,0,1
547,548,32,44125,3,100.23851961542952,9,7,0.6417523267504855,0,1,0,1,0,0,0,0,1
548,549,38,54036,4,93.58507222730884,11,5,3.092625879405118,0,1,1,0,0,0,0,1,0
549,550,28,44852,5,80.91085974694494,9,6,0.1694373568225349,0,1,1,0,0,0,0,0,1
550,551,35,59323,3,121.94859662833164,11,3,0.2097802425705766,0,1,0,1,0,0,0,0,1
551,552,33,44455,5,113.38876026786454,7,2,1.6503367279403425,0,1,0,1,0,0,0,0,1
552,553,46,55656,3,148.77713413158503,11,6,0.3022288050269766,0,0,0,1,0,0,0,0,1
553,554,37,49561,5,116.69657002384906,8,5,1.6055808917684025,0,0,0,0,0,0,1,1,0
554,555,38,66890,5,87.13129865939447,11,9,0.3168136158423991,0,0,0,0,0,1,0,1,0
555,556,30,49229,5,81.88421242796426,12,3,0.0337508356804608,0,1,0,0,0,1,0,0,1
556,557,30,23404,6,90.1138879742729,5,7,0.7277691100317254,0,1,1,0,0,0,0,0,1
557,558,30,68928,6,86.66742768642709,7,5,0.2190101482652211,0,1,1,0,0,0,0,0,1
558,559,38,36414,6,102.17566727707931,5,6,1.4181826012782488,0,1,1,0,0,0,0,0,1
559,560,30,40193,5,69.22405245682,12,6,1.024989126591073,0,1,0,0,1,0,0,1,0
560,561,37,41065,7,112.94573128092064,14,7,2.571807504596355,1,0,1,0,0,0,0,1,0
561,562,55,70616,3,101.82392738742855,6,4,1.5278042737276656,0,1,0,1,0,0,0,0,1
562,563,43,17964,5,110.64928615577392,12,8,0.1993976731265894,0,0,1,0,0,0,0,0,1
563,564,31,97066,7,77.11707045944954,10,3,1.6102294089087923,0,0,0,1,0,0,0,0,1
564,565,47,65840,2,104.93377540672113,11,3,1.0264880505104588,0,0,0,0,0,0,1,1,0
565,566,30,53348,8,125.98353161739271,7,5,1.105490816876335,0,0,0,0,1,0,0,0,1
566,567,14,49176,4,82.78985497799567,15,7,1.7853573225944397,0,1,0,0,1,0,0,1,0
567,568,24,54283,2,82.24288585045588,4,5,0.8529030348422723,1,0,0,0,0,1,0,0,1
568,569,16,57816,5,114.2391493343453,13,7,0.6273660212290157,0,1,0,0,0,0,1,1,0
569,570,31,59678,5,80.61897896924833,6,6,1.0123640500309956,0,0,0,1,0,0,0,0,1
570,571,35,58334,4,95.33432033685462,8,4,0.3537612342855485,0,1,0,0,0,0,1,1,0
571,572,51,51343,6,129.5146535798469,10,8,0.2016231980552069,1,1,0,0,1,0,0,0,1
572,573,38,47039,8,82.52662216154748,15,3,0.9586447276197796,0,1,0,1,0,0,0,0,1
573,574,32,47730,4,130.8888419774853,13,7,0.2663751772458374,0,1,0,0,0,0,1,0,1
574,575,43,47076,3,93.2843651609174,8,4,0.0832893407465511,0,1,0,0,1,0,0,1,0
575,576,12,67006,6,77.575973463223,11,5,0.0005543382022885,0,1,0,1,0,0,0,0,1
576,577,37,58903,4,112.07408310245256,9,5,0.937308570811171,0,0,0,1,0,0,0,1,0
577,578,42,5894,2,102.15496269252137,9,3,0.4496502257804623,1,1,0,0,1,0,0,1,0
578,579,20,59838,3,100.26360521773378,10,4,1.3955812336309878,0,1,0,1,0,0,0,0,1
579,580,46,52921,1,84.6256347896327,10,4,0.4702859063831422,0,1,0,0,1,0,0,0,1
580,581,38,49719,9,102.00905900904228,9,4,0.6655387221841572,0,1,1,0,0,0,0,0,1
581,582,30,44172,5,58.647388918233,9,4,0.522704183363798,0,1,1,0,0,0,0,1,0
582,583,41,66861,3,104.37529473569542,15,5,1.0514657347987852,0,0,0,1,0,0,0,0,1
583,584,57,64212,4,125.94498400372107,8,6,0.4402726663139643,0,1,0,1,0,0,0,1,0
584,585,36,38406,3,64.69142604948587,11,5,3.31780291121354,0,1,0,0,1,0,0,1,0
585,586,37,56105,4,91.8644956741222,6,7,2.751171502605964,0,1,0,1,0,0,0,0,1
586,587,30,35425,6,82.50720371703892,11,6,1.8840583451006088,0,1,0,0,0,1,0,0,1
587,588,26,29305,4,69.77891932174268,7,6,2.52948908808192,0,1,1,0,0,0,0,0,1
588,589,43,40599,2,58.9425115930153,7,6,0.5962740200454819,0,0,0,1,0,0,0,0,1
589,590,26,62935,6,76.3832816601573,15,5,0.7687987365114638,0,1,0,1,0,0,0,0,1
590,591,35,64296,3,95.15246769227186,12,6,1.3551546443601394,0,1,0,0,0,0,1,0,1
591,592,30,57696,6,122.9827409693707,10,3,1.191207709065795,1,1,0,1,0,0,0,1,0
592,593,39,60876,2,69.5457098041899,7,7,2.2134630713662107,0,1,0,0,0,1,0,1,0
593,594,38,57742,8,105.88785518272414,13,6,1.2599473095800533,0,0,1,0,0,0,0,1,0
594,595,45,40377,3,104.3928317323403,12,4,6.158562522552043,0,1,0,0,0,0,1,0,1
595,596,29,56478,6,133.43925920146552,9,6,0.4284867847309855,0,1,0,0,1,0,0,1,0
596,597,32,62006,4,111.42062928794294,7,2,1.7897479471323263,0,0,0,0,1,0,0,1,0
597,598,25,61314,5,112.5719898606076,15,4,1.1961197961775114,0,1,1,0,0,0,0,1,0
598,599,30,67833,6,113.986007994358,6,3,1.1756654165407516,0,0,0,0,1,0,0,1,0
599,600,38,60624,1,81.51535969361612,9,6,0.394281273252273,0,1,0,0,0,1,0,1,0
600,601,42,55271,5,88.54354952839118,7,6,1.5399202100024447,0,1,0,1,0,0,0,0,1
601,602,25,66052,7,122.33736324541476,13,6,2.306352403882748,0,0,1,0,0,0,0,0,1
602,603,43,49602,6,58.98400288011704,11,1,0.2466021419461929,1,0,0,0,0,0,1,1,0
603,604,48,36771,6,86.35377855585739,11,5,0.9821550304442496,0,1,0,1,0,0,0,1,0
604,605,39,47553,7,73.38381476276001,8,6,0.4978021800007205,0,0,0,0,1,0,0,1,0
605,606,53,38826,4,104.68488084078542,13,3,4.560973344982197,0,1,0,0,1,0,0,0,1
606,607,27,39872,3,91.5678282937776,5,6,0.6516843977851717,0,1,0,0,0,0,1,0,1
607,608,22,47832,8,112.51940949977435,5,3,0.2591855478804291,0,1,0,0,0,1,0,1,0
608,609,17,38113,4,97.82009678577236,3,4,0.481036468157873,0,1,0,0,0,0,1,0,1
609,610,49,45380,5,69.07815359392654,13,5,1.060849531518163,0,0,1,0,0,0,0,0,1
610,611,41,21595,5,70.00264721474966,7,6,0.0791399342581515,0,1,0,0,0,0,1,1,0
611,612,34,53199,3,99.8790296272183,12,3,0.925336320688485,0,1,0,0,1,0,0,0,1
612,613,37,50018,9,84.57730065532745,7,4,2.6769114705985384,0,0,0,0,0,1,0,0,1
613,614,23,37743,8,89.34732294445304,15,4,1.8995414987712145,0,1,0,0,0,1,0,1,0
614,615,59,59888,6,118.76830843578227,9,4,0.0700722430753459,0,1,0,0,0,0,1,0,1
615,616,36,64063,3,115.18065353734436,12,4,5.019153280213913,0,1,1,0,0,0,0,0,1
616,617,36,25886,5,135.95467681154716,13,5,1.199738195298192,1,1,0,0,1,0,0,1,0
617,618,42,38559,5,93.6732891051987,11,6,0.1770723472093786,0,0,0,1,0,0,0,0,1
618,619,39,38462,5,87.17706731094268,6,5,0.0124938128238715,0,1,0,0,0,1,0,0,1
619,620,37,35901,3,108.3637792885782,7,6,0.187876118398842,0,1,0,0,0,0,1,1,0
620,621,27,62442,7,88.78411061520049,12,6,1.8212454639579947,0,0,1,0,0,0,0,1,0
621,622,39,47092,3,89.43877773948525,14,3,0.0218768885334191,0,1,1,0,0,0,0,1,0
622,623,53,46032,0,95.95796812136328,13,2,0.2654605477124683,0,1,0,0,1,0,0,0,1
623,624,48,19942,6,133.0549791163376,8,7,1.4159522210471722,0,0,0,0,0,1,0,1,0
624,625,50,59531,6,114.07931610257252,6,3,0.8821563357293444,0,1,0,0,1,0,0,0,1
625,626,29,31411,4,116.176408045557,10,3,1.526640741902792,1,1,0,1,0,0,0,1,0
626,627,25,50898,5,132.15708673616493,5,2,1.3710137223328265,1,1,0,1,0,0,0,0,1
627,628,33,54160,9,118.0506592015065,12,6,0.0519265339169712,1,1,0,1,0,0,0,1,0
628,629,35,70409,5,77.37188779729925,4,5,2.2303706611882443,0,1,1,0,0,0,0,1,0
629,630,45,30367,4,117.74764728282268,15,8,0.2575174140141183,1,1,0,0,0,1,0,1,0
630,631,18,4707,3,120.28509714230516,13,7,0.8060750123341328,0,0,0,0,1,0,0,1,0
631,632,50,52757,6,113.0372970538619,8,5,1.03363430434301,0,1,0,0,1,0,0,0,1
632,633,33,77007,2,96.09116252414232,8,4,0.184678184523149,0,1,0,1,0,0,0,1,0
633,634,30,68584,6,110.92663412003502,6,4,3.7393838682114646,0,0,0,0,0,1,0,1,0
634,635,24,53144,6,99.59520557404709,10,3,0.6697353020761853,1,1,0,0,0,1,0,0,1
635,636,18,42625,6,80.43823247503101,12,3,0.0593707722866276,0,0,0,0,0,0,1,1,0
636,637,43,62106,5,85.40732709329684,11,3,2.768788668045586,0,1,0,0,0,1,0,0,1
637,638,35,35396,3,114.07445637798564,7,3,0.8825364787634392,0,1,0,0,0,1,0,1,0
638,639,22,57145,4,81.88359641154315,7,4,1.201287074068296,1,0,0,0,1,0,0,1,0
639,640,22,57582,4,83.76892913047472,12,4,0.7448106275175573,0,1,0,0,0,1,0,1,0
640,641,31,65903,5,115.06768919969385,9,8,1.800222911995817,1,0,0,0,0,1,0,0,1
641,642,51,91394,4,102.6757812573021,6,5,0.0336948097998532,0,1,0,0,1,0,0,1,0
642,643,32,55886,4,111.54386634375456,14,8,0.3124917911109023,0,1,0,0,0,1,0,1,0
643,644,19,42365,5,75.41964126893629,14,4,0.6342150139550267,0,1,0,0,1,0,0,1,0
644,645,32,49616,5,110.98859014871528,8,5,0.0796966852193972,0,1,0,0,0,0,1,0,1
645,646,32,23463,5,86.79943702178514,11,4,1.2238581107505786,0,0,1,0,0,0,0,0,1
646,647,8,39579,7,79.6623202890431,11,4,0.5003200247522974,0,1,0,0,1,0,0,1,0
647,648,34,43860,3,89.89310215599406,10,3,0.3183722210592678,0,0,0,0,1,0,0,0,1
648,649,32,42138,2,127.24129913854956,16,7,0.0033845680022833,0,1,0,0,0,1,0,1,0
649,650,41,52285,4,92.71091730102115,9,8,1.2723598299101335,0,1,0,0,1,0,0,1,0
650,651,53,37663,4,144.0278142457587,11,2,1.794619408194765,0,1,0,1,0,0,0,1,0
651,652,46,66815,6,58.75643790503706,9,3,0.5025938243224151,0,1,0,1,0,0,0,1,0
652,653,32,50003,3,69.07444162037174,9,5,0.8306131079726682,0,1,0,0,0,0,1,1,0
653,654,23,49860,5,126.48370474291116,10,4,0.2583648863609494,0,1,0,0,1,0,0,1,0
654,655,60,45081,5,131.51209118311468,15,4,0.9733840938656674,0,1,0,0,0,1,0,1,0
655,656,35,52327,5,82.73085525623213,7,3,0.0122117187628394,0,0,0,0,0,1,0,0,1
656,657,35,62376,5,101.3778723344571,13,5,0.670689056920644,0,0,1,0,0,0,0,0,1
657,658,34,36993,3,114.24379837006552,9,4,1.033401910953669,0,1,0,0,0,0,1,0,1
658,659,36,40128,10,95.4124862527049,17,4,2.5033774686667933,1,1,0,0,0,1,0,0,1
659,660,33,45444,5,102.99734182775556,10,3,0.4801926690572315,0,1,1,0,0,0,0,0,1
660,661,29,29811,4,100.2186602648638,9,5,1.4489794669456326,1,1,0,0,0,1,0,0,1
661,662,29,37711,4,70.37106040694418,4,8,0.9105249607834714,0,1,1,0,0,0,0,0,1
662,663,34,42856,7,93.10677428075964,13,4,2.617461782082287,0,1,0,1,0,0,0,1,0
663,664,29,63115,3,100.24730190273064,8,7,0.5081253987561302,0,0,0,1,0,0,0,1,0
664,665,27,53938,6,102.06243668216112,11,7,0.3843329824470052,0,1,0,0,0,1,0,1,0
665,666,36,52903,2,65.3898778276182,11,8,2.1816248760977257,0,1,0,0,0,0,1,1,0
666,667,32,62763,4,115.07387799108022,3,6,0.0504982435855723,0,1,0,0,1,0,0,0,1
667,668,50,47939,4,102.58987305792188,18,6,0.1466286663271361,1,0,0,0,0,0,1,0,1
668,669,8,55856,4,78.89227557316532,10,7,0.085998545986026,0,1,0,0,0,0,1,1,0
669,670,45,48451,8,135.98128468047307,10,3,1.852210079359968,0,0,0,0,1,0,0,1,0
670,671,47,53980,5,93.06830836762362,7,5,0.0106640831177464,0,0,0,1,0,0,0,0,1
671,672,14,41258,8,94.3670523549014,5,8,1.97802029434007,0,0,0,1,0,0,0,1,0
672,673,31,13417,5,112.83418490382654,6,6,0.6001447440411667,0,0,0,0,1,0,0,1,0
673,674,31,47985,7,137.68002275139716,9,8,0.0040334020950986,0,1,1,0,0,0,0,1,0
674,675,20,71341,8,113.62079192089044,9,6,0.5135713518497647,0,1,0,0,0,0,1,1,0
675,676,27,63893,3,116.5221967338774,8,7,0.2067792314697931,0,1,0,0,0,1,0,0,1
676,677,23,64480,4,79.96756269019204,11,6,0.9792318294980809,0,1,0,1,0,0,0,1,0
677,678,52,68541,6,101.7391940407434,6,6,1.1374325065858526,0,1,0,0,0,1,0,1,0
678,679,44,51329,4,89.35476547656849,14,5,0.6685083653288206,0,1,0,0,1,0,0,0,1
679,680,47,52959,4,114.08259696098553,10,7,0.0413633133398437,0,1,0,0,0,1,0,0,1
680,681,42,40735,6,115.9393159101985,9,6,1.0674881230256466,0,0,0,0,0,1,0,1,0
681,682,23,45258,2,132.66459033039882,10,7,1.845405741944574,0,1,0,0,0,0,1,0,1
682,683,29,59236,4,56.83316166221738,7,6,1.2741244802760854,0,1,0,0,1,0,0,1,0
683,684,39,68058,2,87.3884367536736,11,4,1.771709337006797,0,0,0,0,0,1,0,1,0
684,685,22,47908,8,126.00497888504084,7,2,0.2237806586626117,1,1,0,1,0,0,0,0,1
685,686,42,43247,7,71.96940306134962,18,7,2.197216034281055,0,0,0,0,1,0,0,1,0
686,687,32,50007,2,116.11302065787343,9,5,0.3888933571942623,0,0,0,1,0,0,0,1,0
687,688,31,59018,5,122.680010016295,13,4,0.0134954698335603,0,1,1,0,0,0,0,1,0
688,689,42,28342,6,99.4332030926708,6,3,1.8540071528447952,0,1,0,0,0,1,0,1,0
689,690,39,15557,7,71.57070625686949,12,7,2.84423543716578,1,1,0,0,1,0,0,0,1
690,691,31,41741,7,97.56960643599524,14,7,1.065830135795868,0,0,0,1,0,0,0,0,1
691,692,46,31689,7,129.17362674917447,9,6,0.2632322606696763,0,1,0,0,0,1,0,1,0
692,693,24,42377,6,130.78034750510832,12,6,0.2900107340575579,0,1,0,0,0,0,1,0,1
693,694,41,47783,5,104.1576075355538,7,4,0.628470306685342,0,0,0,1,0,0,0,1,0
694,695,40,43201,5,80.45524622570478,13,4,2.281127753151081,0,1,0,1,0,0,0,1,0
695,696,31,71787,8,134.7679438809882,10,1,0.1620456957817606,0,0,1,0,0,0,0,1,0
696,697,38,54901,7,116.41845758219418,5,7,1.7485486669831312,0,0,0,0,0,0,1,1,0
697,698,22,54507,4,81.76980062646257,13,3,0.3443269363530525,0,0,1,0,0,0,0,1,0
698,699,44,59333,5,106.85037942281016,10,6,1.6533175425378526,0,0,0,0,0,0,1,0,1
699,700,33,32917,8,105.93496961956316,5,5,2.5291243732946884,0,1,0,1,0,0,0,1,0
700,701,29,65586,5,87.26409796900886,8,5,0.5577318396709771,0,0,1,0,0,0,0,0,1
701,702,45,48863,2,106.9621362942942,11,7,0.454210053516191,0,1,0,0,0,1,0,0,1
702,703,27,60057,3,122.12373676247762,15,2,1.6206066460436184,1,1,0,0,0,0,1,1,0
703,704,20,33922,7,94.0750160247152,10,6,0.7539229388531343,0,1,0,1,0,0,0,1,0
704,705,19,26693,3,124.16538183176108,11,2,1.1534351154698153,1,0,0,0,1,0,0,1,0
705,706,41,62268,8,64.89290861359672,10,2,0.9750572417284652,0,0,0,0,0,0,1,1,0
706,707,22,55646,1,144.36533986241733,7,5,0.1659233599354171,0,0,0,0,0,0,1,1,0
707,708,52,36469,5,101.14702539959364,16,3,1.8629785616255308,0,1,0,0,0,1,0,0,1
708,709,14,36955,3,121.46041989607244,9,6,0.217876336742611,0,0,0,0,0,0,1,1,0
709,710,51,66881,5,104.37222973069412,10,5,2.692405383039161,1,0,0,0,0,0,1,1,0
710,711,37,32158,5,83.52954766286047,13,2,0.288444084605508,1,1,0,0,0,1,0,0,1
711,712,34,74640,2,99.27246752680992,13,2,1.323811601389082,0,1,0,0,0,1,0,0,1
712,713,29,36490,7,61.81057964197486,8,5,0.3349908852551573,0,1,1,0,0,0,0,1,0
713,714,38,59575,2,113.7677386142562,12,6,0.3824110204647681,0,1,0,1,0,0,0,0,1
714,715,34,45070,4,103.87529157289642,3,5,0.3710663665861839,1,1,0,1,0,0,0,1,0
715,716,46,59047,5,96.16885683063512,8,5,1.377898719461335,0,1,1,0,0,0,0,0,1
716,717,36,41838,4,115.05399142151276,12,6,0.8137682550726258,0,1,0,1,0,0,0,0,1
717,718,36,47558,4,100.75046523186386,13,5,2.145175066448556,0,1,0,0,0,0,1,1,0
718,719,31,50613,5,112.13659744565147,8,4,0.3672632588262784,0,1,1,0,0,0,0,0,1
719,720,34,34967,4,119.24633157760287,5,5,1.1776312172667491,0,1,1,0,0,0,0,0,1
720,721,38,61112,4,89.01543721009203,14,6,1.3981588654737391,0,0,0,1,0,0,0,0,1
721,722,17,42301,5,83.2917943521635,8,6,0.1642641138346567,1,1,0,0,1,0,0,0,1
722,723,21,46571,7,65.54879850495061,15,5,0.5118083687013316,0,1,0,1,0,0,0,0,1
723,724,42,35084,6,102.45121597655717,7,8,0.659359457773321,0,1,0,0,1,0,0,0,1
724,725,36,11564,6,109.04194576901376,7,4,0.4395712512370031,0,1,1,0,0,0,0,1,0
725,726,33,47134,8,73.52769203021921,12,8,0.3887740755839567,0,0,0,0,1,0,0,1,0
726,727,35,86189,5,128.40759696056702,7,5,1.1597004300106075,0,1,0,0,0,0,1,0,1
727,728,38,61769,2,83.55329057294551,12,6,0.243175862001448,0,1,0,0,0,1,0,1,0
728,729,29,49711,4,57.929998165489984,12,3,1.2357756813163392,0,0,0,0,1,0,0,1,0
729,730,27,46056,6,129.89645799784654,10,5,2.734048184826359,0,1,0,0,0,1,0,1,0
730,731,36,50336,3,60.5397000003032,15,6,0.8328634226882038,0,1,0,0,0,0,1,0,1
731,732,25,58206,3,119.2835754676685,10,6,0.9452928486979292,0,1,0,0,0,1,0,1,0
732,733,39,32287,5,114.42239041751704,5,2,0.0714237187365467,0,1,0,0,0,0,1,0,1
733,734,17,66714,5,106.39108202439756,16,5,1.998613200182887,0,0,0,0,0,1,0,1,0
734,735,45,60730,6,89.54450103566873,14,3,0.3360992082847465,0,1,0,0,0,1,0,0,1
735,736,39,60772,2,110.05594589051154,9,9,0.9546448510027968,0,0,0,1,0,0,0,0,1
736,737,37,56577,6,120.96969747409102,18,7,3.868588574045096,0,0,0,0,1,0,0,1,0
737,738,44,50294,4,80.28379007049054,7,2,0.9051099716088504,0,1,0,0,0,1,0,1,0
738,739,51,60092,3,119.52747345958969,11,7,1.2899283297026678,0,1,1,0,0,0,0,0,1
739,740,45,58877,4,118.61749023874488,11,7,0.5893632198147314,0,1,0,1,0,0,0,1,0
740,741,16,44689,2,105.86102181843113,10,4,0.0622646747029915,0,1,0,0,1,0,0,1,0
741,742,22,41395,6,89.24050243837775,12,6,1.597506127590733,0,1,0,1,0,0,0,1,0
742,743,28,51527,8,118.70914729697552,7,5,0.0356259768811628,0,1,0,0,1,0,0,0,1
743,744,35,73235,5,110.16625912325048,7,6,1.206167974910359,0,1,0,0,0,0,1,0,1
744,745,40,31413,6,79.68080673610865,9,4,0.0231883570286613,0,0,0,0,0,1,0,1,0
745,746,27,27987,5,92.65288382463504,5,4,1.9827159028498784,0,1,1,0,0,0,0,1,0
746,747,36,52471,5,116.381098768414,12,5,0.1715430966568696,0,1,0,1,0,0,0,1,0
747,748,27,50763,6,102.29161234201688,9,3,0.72210544377281,0,0,0,1,0,0,0,0,1
748,749,28,52600,4,121.71965788890653,13,7,0.9091927435084998,0,1,0,1,0,0,0,0,1
749,750,20,53659,4,93.16706608703208,14,4,0.6116508972980697,0,1,0,1,0,0,0,1,0
750,751,25,46651,5,80.002094155038,11,5,0.416672915617374,1,1,0,0,0,1,0,1,0
751,752,21,72347,5,143.87205231220142,11,7,0.6307627832213182,0,1,0,0,1,0,0,1,0
752,753,25,25986,4,66.38209834507018,11,5,0.373117606470643,1,1,0,0,0,1,0,1,0
753,754,45,37572,4,90.00320805196672,8,5,0.5764711522205479,1,1,0,0,0,0,1,1,0
754,755,25,48451,7,105.59496001399968,8,8,0.4445900918005845,0,1,0,0,0,1,0,1,0
755,756,61,25352,5,119.72167782955422,11,7,0.8351827998469985,0,0,0,0,0,1,0,0,1
756,757,39,47362,4,112.92898737084522,12,3,0.2717092036348539,0,1,0,0,0,0,1,1,0
757,758,36,74922,3,146.22518009885758,14,5,4.479115227350448,0,1,0,0,0,1,0,0,1
758,759,26,50313,9,97.64803094683737,11,8,0.6948886027200707,0,1,0,0,1,0,0,1,0
759,760,42,53460,6,82.54033477298947,11,4,0.2158726453001428,0,1,1,0,0,0,0,1,0
760,761,29,31097,6,95.606079515671,17,4,0.648301451298093,1,1,0,0,0,0,1,0,1
761,762,36,40754,4,93.6004694129795,6,4,2.013018269238574,0,0,0,1,0,0,0,0,1
762,763,60,44372,7,98.6340970541972,12,3,0.0220480754158121,0,1,0,0,1,0,0,0,1
763,764,34,45234,6,80.35023754201441,9,6,1.1380418752486676,0,1,1,0,0,0,0,0,1
764,765,46,69224,6,115.68112076500714,9,6,0.7940018556566512,0,1,0,0,1,0,0,1,0
765,766,27,58365,2,107.4166041867242,3,8,0.1857971830354974,0,1,0,0,1,0,0,0,1
766,767,34,33328,6,74.72238341851778,10,6,1.700876014593175,0,1,0,1,0,0,0,1,0
767,768,52,53697,4,119.36050151741168,8,4,0.4602665843031319,0,1,1,0,0,0,0,0,1
768,769,28,57473,7,83.7703692603099,11,2,0.3478596683544918,0,1,0,0,1,0,0,1,0
769,770,53,67102,8,76.34368995391422,6,8,1.7609889268202576,0,1,0,1,0,0,0,1,0
770,771,42,73708,6,101.746574078433,10,4,1.0175625238545645,0,1,0,0,0,0,1,1,0
771,772,29,34773,3,64.8431310120138,9,4,2.2853257330900822,0,1,0,1,0,0,0,1,0
772,773,41,37837,4,111.79006099754496,10,7,0.9939380083281264,0,1,0,0,0,1,0,1,0
773,774,44,31136,5,43.22319338433613,7,5,1.350223441562712,0,0,0,1,0,0,0,1,0
774,775,41,46489,3,79.41274620022725,2,4,1.8106114336562389,0,1,0,1,0,0,0,0,1
775,776,19,56995,5,131.50274642175822,10,7,0.0562948718807636,0,0,0,1,0,0,0,1,0
776,777,27,64810,8,86.26681581653364,11,9,1.4963278173973718,0,1,0,0,1,0,0,0,1
777,778,32,48860,8,89.76829589587403,7,3,0.9511577887661734,0,1,1,0,0,0,0,0,1
778,779,34,45202,5,125.47330108260876,7,7,0.0720415817798491,0,1,0,1,0,0,0,1,0
779,780,41,52276,5,84.14272789855363,9,5,0.7104518908622437,0,1,0,1,0,0,0,0,1
780,781,36,37472,8,115.26876362778953,8,5,0.0860570085266172,0,1,0,0,0,1,0,1,0
781,782,21,81343,5,123.48376330118644,5,7,1.3316062023592068,0,1,0,0,0,1,0,0,1
782,783,38,25885,4,109.57060628299809,11,8,0.7907637887017456,0,0,0,0,0,0,1,1,0
783,784,41,52771,3,71.1020535407148,13,4,3.069885667927229,0,1,0,0,0,0,1,0,1
784,785,40,80354,7,87.92028281568247,3,4,0.2022818913291135,0,1,0,0,0,1,0,1,0
785,786,45,50101,4,154.27239555057994,8,3,0.9314892781628832,0,1,1,0,0,0,0,1,0
786,787,43,47149,4,90.18952694936854,4,5,0.2377270435981772,0,0,0,0,0,0,1,1,0
787,788,39,44638,5,159.72658751152858,6,2,0.952086277906526,0,0,1,0,0,0,0,1,0
788,789,34,47294,3,134.17928104059786,6,5,1.282473959327896,0,1,0,0,0,1,0,0,1
789,790,18,70592,5,110.38139078744442,11,3,1.281229474742433,0,0,0,0,0,0,1,1,0
790,791,39,16822,4,105.94468544995031,5,5,1.6877994835407286,0,1,0,1,0,0,0,0,1
791,792,37,73001,6,90.70353289745798,3,2,1.921072762270321,1,1,0,0,0,1,0,0,1
792,793,37,28640,5,98.22174818193076,7,7,0.0804204824775614,0,1,0,0,0,0,1,0,1
793,794,22,46000,5,86.22551686951454,12,4,0.4204779749639037,1,0,1,0,0,0,0,1,0
794,795,24,43561,2,98.72747192360794,9,4,1.161943603923388,0,0,1,0,0,0,0,0,1
795,796,45,58828,5,72.75610217234694,14,7,0.6903237449905314,0,0,0,0,0,0,1,0,1
796,797,34,26028,3,71.68457973888351,12,6,0.2115558818728301,0,1,1,0,0,0,0,0,1
797,798,41,56932,3,126.0203132530942,9,4,0.8045471641817836,0,0,0,0,0,0,1,1,0
798,799,35,80364,5,67.75380528041167,10,3,0.5232958089433821,0,1,0,0,0,0,1,1,0
799,800,35,29552,4,117.72276306988265,3,6,0.4943590740366188,0,1,1,0,0,0,0,0,1
800,801,44,52845,3,62.11235608148184,7,5,1.659435822171922,0,1,0,0,1,0,0,1,0
801,802,29,40070,4,112.5927520605118,14,6,0.5235703840201684,0,1,0,1,0,0,0,1,0
802,803,35,56388,2,95.8483130971392,9,5,0.0268107223192791,0,1,0,0,0,1,0,0,1
803,804,30,50287,6,126.42632405606808,11,4,0.059817245404288,0,1,0,1,0,0,0,0,1
804,805,30,40377,7,93.36011082239848,10,5,1.9396381510618956,1,0,0,0,0,1,0,1,0
805,806,31,57318,3,59.80919889657066,7,6,3.2340100215830154,0,1,0,0,0,1,0,0,1
806,807,37,77065,5,96.23927428226663,10,7,1.1660649283860067,0,1,0,1,0,0,0,1,0
807,808,30,47136,4,103.1932113109585,13,2,0.4531359621465951,0,0,0,0,0,0,1,1,0
808,809,47,60796,6,97.3604471593642,15,5,2.7903505870788705,0,1,1,0,0,0,0,1,0
809,810,26,30600,6,111.5021564197954,14,2,1.0870882058492783,0,1,0,0,1,0,0,1,0
810,811,33,35653,2,88.71223802588554,6,5,1.860039696701825,0,1,0,0,1,0,0,1,0
811,812,30,57086,2,74.73193674908788,16,7,1.45180318340531,0,1,0,0,1,0,0,1,0
812,813,49,72261,5,80.00702231371552,10,4,0.4766485632355361,0,1,0,1,0,0,0,0,1
813,814,36,55334,2,89.68465310940925,9,7,0.6514338090677187,0,1,0,1,0,0,0,0,1
814,815,45,45304,7,89.51302767503293,15,6,0.2059572779636394,0,0,0,0,0,0,1,1,0
815,816,20,49989,4,148.1224471600654,7,7,0.345331101363484,1,1,0,0,1,0,0,1,0
816,817,37,31243,5,125.10210833166168,12,6,1.5056440992031934,0,1,0,0,0,0,1,1,0
817,818,43,59067,7,113.73418408697133,8,3,2.244112355485334,0,1,0,0,1,0,0,0,1
818,819,35,63234,5,108.92025021457076,9,4,1.2890240064466048,0,1,0,1,0,0,0,1,0
819,820,45,43218,7,105.99544471204273,16,5,0.625813251449679,1,1,1,0,0,0,0,0,1
820,821,29,42949,1,106.10001090419458,18,3,0.0904820498381556,0,0,1,0,0,0,0,1,0
821,822,49,53988,3,103.26572106160263,5,5,0.0586338003093877,0,0,1,0,0,0,0,1,0
822,823,57,43449,4,100.80238164873155,12,5,0.4689251144325462,1,1,1,0,0,0,0,0,1
823,824,31,49008,9,58.16271810898265,12,8,0.6232885589757537,0,0,0,0,0,1,0,0,1
824,825,30,81495,4,92.61745453855012,6,5,0.9393562633008692,0,1,0,0,1,0,0,1,0
825,826,49,46294,5,95.19398389703504,10,6,0.0065106698762812,0,1,1,0,0,0,0,1,0
826,827,50,44624,6,85.02053805459909,9,7,4.577836232257082,0,1,0,0,0,1,0,1,0
827,828,29,40286,6,88.87806127542396,8,7,0.4524606249822081,0,1,0,0,0,1,0,0,1
828,829,30,61162,3,106.0149803436159,8,4,1.8844977403142396,0,0,0,0,0,1,0,0,1
829,830,32,47281,3,115.3518015389992,8,5,0.7656462752384294,0,1,0,0,0,0,1,0,1
830,831,21,40259,5,105.9847292383688,7,4,0.1397673151029402,0,1,0,0,0,0,1,0,1
831,832,25,69819,7,114.84888477293912,8,5,1.5973391610628105,0,0,0,0,0,1,0,0,1
832,833,24,71294,6,115.2021606162938,12,4,1.2372782403341347,0,0,1,0,0,0,0,0,1
833,834,27,40993,6,94.00588812944292,18,6,0.7495822712054481,0,0,0,0,1,0,0,1,0
834,835,34,22001,4,110.506149250043,14,5,0.7226853511619103,1,1,0,1,0,0,0,1,0
835,836,37,65112,7,65.07255040752639,8,5,0.0915448439132482,0,1,0,0,0,0,1,0,1
836,837,50,39730,4,92.31349546282456,11,8,1.0666746150033173,0,1,1,0,0,0,0,1,0
837,838,25,61859,8,89.962968210674,8,3,2.421877269066069,0,1,1,0,0,0,0,1,0
838,839,44,20448,5,130.62653604628466,12,5,0.097882897549859,0,0,0,1,0,0,0,0,1
839,840,32,63388,5,106.74174585467362,4,6,0.3058615905851135,0,0,0,1,0,0,0,1,0
840,841,34,31832,4,73.31091837694167,7,3,2.325935334748945,0,0,1,0,0,0,0,0,1
841,842,41,60961,5,111.89167609551114,17,5,0.3345555483899283,0,1,0,1,0,0,0,0,1
842,843,23,50214,2,118.19566690202323,9,4,1.0611537200065908,0,0,1,0,0,0,0,1,0
843,844,38,35690,3,98.20672156920732,7,7,0.7653269066991971,0,0,0,1,0,0,0,0,1
844,845,36,43894,7,113.80511858245606,5,4,0.9071516334559644,0,1,0,1,0,0,0,0,1
845,846,39,60294,5,50.085852324350704,12,4,0.5374928915664522,0,1,1,0,0,0,0,0,1
846,847,37,51588,6,46.013553011354006,5,5,0.3566627590896981,0,0,0,0,0,1,0,0,1
847,848,59,58766,7,76.42661527404957,7,4,0.0497507486491657,0,1,1,0,0,0,0,0,1
848,849,28,79646,2,102.98079401249996,11,4,1.3636758562256774,0,0,0,0,1,0,0,0,1
849,850,29,26536,7,130.64327539217095,10,5,1.3707890410725994,0,1,0,1,0,0,0,0,1
850,851,28,74258,5,77.47144622234488,10,4,1.110864258700261,0,0,0,0,0,0,1,0,1
851,852,29,51565,5,82.92645183424126,11,5,1.0317963918067652,1,0,0,1,0,0,0,1,0
852,853,28,36518,7,101.77212781449497,5,5,0.2793398089848541,0,1,0,0,1,0,0,1,0
853,854,46,30045,6,90.1536241004193,10,5,0.0225983641706959,0,0,0,0,0,0,1,1,0
854,855,49,47163,5,89.01618461406352,11,6,1.6539928913236264,0,1,0,0,0,0,1,0,1
855,856,29,63824,0,91.57050325137416,8,4,0.6755794717676402,0,1,1,0,0,0,0,0,1
856,857,26,48086,7,126.29576983038037,9,3,0.3664917294375419,0,1,0,0,0,1,0,1,0
857,858,39,72667,5,122.32268577476243,8,6,0.1075093859161441,0,1,1,0,0,0,0,1,0
858,859,29,28232,5,100.46938644585232,18,7,0.0647749127040036,1,0,0,0,0,0,1,1,0
859,860,41,49818,6,133.08960547839288,8,4,0.4290409293023451,1,0,0,0,0,0,1,0,1
860,861,37,31214,8,110.1805670813595,14,5,1.6334082428636147,0,1,0,0,0,1,0,1,0
861,862,19,55454,4,123.0778826907698,8,5,2.509901424830963,0,1,0,1,0,0,0,1,0
862,863,50,63303,6,82.78906854902743,9,5,2.2706152638197605,0,1,0,0,0,1,0,0,1
863,864,52,43688,4,86.92645892503884,3,6,2.52573907873338,0,1,1,0,0,0,0,1,0
864,865,28,10936,1,86.71235417008063,12,2,2.3829857486245216,0,0,0,1,0,0,0,0,1
865,866,31,52984,3,98.26555501717,9,6,0.7491351653612833,0,1,1,0,0,0,0,0,1
866,867,37,56551,4,101.19826474182524,7,3,0.2477124584574486,0,1,0,0,0,1,0,0,1
867,868,38,56064,5,106.4835461719399,10,5,1.5997182162781407,0,1,0,1,0,0,0,1,0
868,869,41,68536,4,139.4620973616381,11,6,0.2404333812686933,0,1,0,0,0,1,0,1,0
869,870,55,33934,5,114.42556258498097,12,5,0.3108923957432573,1,0,0,0,1,0,0,0,1
870,871,33,60203,2,89.70416601000687,8,3,0.2656001125508391,1,1,0,0,0,0,1,1,0
871,872,27,67887,2,99.93451241888351,9,8,0.7235701076632193,0,1,0,1,0,0,0,1,0
872,873,21,23321,5,130.0988437823041,9,7,0.3883536106692014,0,0,0,0,0,0,1,1,0
873,874,27,54794,5,115.63759685208244,11,6,0.1674203922118977,1,0,0,0,1,0,0,1,0
874,875,34,42437,5,129.8356432684812,10,5,0.6036235503947487,0,0,0,1,0,0,0,0,1
875,876,52,48777,6,90.346334727053,7,4,2.070737442775312,0,0,0,0,0,0,1,1,0
876,877,29,55215,4,85.76676922847389,11,7,0.8452566067136965,0,0,0,0,0,0,1,0,1
877,878,37,42691,9,86.05910597281155,13,5,2.1064888927703143,1,1,0,1,0,0,0,0,1
878,879,34,39864,7,91.9602701772773,9,7,0.2179970486559959,0,1,0,0,0,0,1,1,0
879,880,46,50512,2,78.73433980459012,8,4,0.182690273168548,0,1,0,0,0,0,1,0,1
880,881,60,33691,3,105.9038612341684,7,4,0.8570249757174206,1,0,0,1,0,0,0,1,0
881,882,29,33712,4,106.2477448682329,6,8,0.622369851717524,0,1,0,0,0,0,1,1,0
882,883,30,60190,6,126.77555940842124,8,5,1.079317559880417,1,1,0,0,0,0,1,0,1
883,884,45,32768,7,64.79474998839981,15,3,1.5829264234261229,0,1,1,0,0,0,0,0,1
884,885,41,59994,4,81.11744887075159,6,4,1.3915372637545558,0,0,1,0,0,0,0,0,1
885,886,53,56938,5,116.11160949061454,10,5,2.851825431565663,0,1,0,0,1,0,0,0,1
886,887,40,24112,5,103.66946237423134,12,2,0.5079238532390111,0,1,1,0,0,0,0,1,0
887,888,31,39836,3,100.8960491277588,10,5,0.2311590173145492,0,1,1,0,0,0,0,1,0
888,889,40,67911,3,125.27707679820242,8,5,0.8005378443477302,0,0,0,0,1,0,0,1,0
889,890,46,35282,7,79.8009159464768,14,6,0.1173691315415947,0,1,0,0,0,0,1,0,1
890,891,43,43033,3,85.42541214691954,14,4,0.3408734805658699,0,1,0,0,0,0,1,0,1
891,892,40,56930,8,83.06976311112778,7,8,0.2330525527911681,0,1,1,0,0,0,0,0,1
892,893,45,61750,8,59.74183912213287,10,4,0.5051148228039356,0,1,0,0,1,0,0,1,0
893,894,46,46226,5,102.6563506683253,13,5,0.1179016895729733,0,1,0,0,0,0,1,0,1
894,895,48,41037,5,89.54294825927425,13,3,0.0323597180310203,0,1,0,0,0,1,0,1,0
895,896,41,71335,3,85.34198383016445,8,6,1.0694244424941977,0,1,0,1,0,0,0,0,1
896,897,33,76083,3,81.73149747365395,16,9,0.9422471495975392,0,0,0,1,0,0,0,1,0
897,898,36,64682,6,99.64506615163212,10,6,1.232231465849565,0,1,0,1,0,0,0,1,0
898,899,47,51279,5,84.02920970882478,18,5,1.079946896812456,0,1,1,0,0,0,0,0,1
899,900,26,37876,4,104.4313505521648,9,5,0.1213709809259471,0,0,0,1,0,0,0,0,1
900,901,38,37543,6,109.18360334669728,13,7,0.3440110158689566,0,0,0,1,0,0,0,1,0
901,902,31,57837,3,94.10844719000008,15,7,0.1387180887653618,0,1,0,0,0,1,0,1,0
902,903,35,56275,12,92.75064720481149,11,8,1.851333705951702,0,1,0,0,0,0,1,0,1
903,904,47,71023,1,103.7098200063698,7,5,1.3739850538724632,0,0,0,0,0,1,0,0,1
904,905,36,59756,6,99.42300559731464,6,9,0.2250541289536601,0,0,1,0,0,0,0,1,0
905,906,35,27453,1,126.60318710709456,14,3,0.4175011118077967,0,1,0,1,0,0,0,0,1
906,907,21,65779,6,106.36531075120408,7,4,3.3996483499579155,0,1,0,0,0,0,1,1,0
907,908,42,35029,1,121.9117200054862,11,3,0.9017947035242136,0,1,0,1,0,0,0,1,0
908,909,41,44240,4,112.21022004718029,14,4,1.6152326560834596,1,1,0,1,0,0,0,0,1
909,910,56,53753,3,73.63163719747222,9,6,0.3073285192302443,0,1,1,0,0,0,0,0,1
910,911,31,79935,3,88.83470248388703,11,7,0.235789323333578,0,1,0,1,0,0,0,0,1
911,912,37,96648,5,99.03805153914684,8,6,1.532092356559853,0,1,0,0,1,0,0,0,1
912,913,37,59100,5,117.36888621191864,12,6,1.1579561820176971,1,1,0,0,0,0,1,0,1
913,914,50,47252,5,138.55625994877144,14,5,1.1424949911666935,0,1,0,0,0,0,1,1,0
914,915,34,58017,9,90.3170573822558,5,6,0.8043795280167779,0,1,0,0,1,0,0,1,0
915,916,37,63314,3,101.10512196573352,12,5,0.8291463992531081,0,1,1,0,0,0,0,0,1
916,917,41,45189,3,115.99822563376772,9,7,1.330661018544906,0,1,0,1,0,0,0,0,1
917,918,36,76928,6,98.84344983388218,6,6,0.3147141436416341,0,0,0,1,0,0,0,0,1
918,919,30,53451,6,132.88193555704922,9,6,0.4350511904708045,0,1,0,0,0,0,1,1,0
919,920,36,57466,3,73.04426049574982,9,5,2.052891303506144,0,0,1,0,0,0,0,0,1
920,921,45,59988,7,113.56039830933985,5,7,0.3694203961097136,0,1,1,0,0,0,0,0,1
921,922,24,56323,4,113.36426508872276,12,4,0.790340188808275,0,1,1,0,0,0,0,1,0
922,923,36,62584,1,123.0407739662746,11,5,1.212809950488322,0,1,0,1,0,0,0,1,0
923,924,27,40741,7,101.24102697645988,3,6,9.495716214841172,0,0,1,0,0,0,0,0,1
924,925,46,41625,7,117.8304243681166,16,5,0.5714453117842471,1,1,0,0,1,0,0,0,1
925,926,19,33497,2,95.01721507520875,13,7,0.558778672507984,0,1,0,0,0,1,0,0,1
926,927,29,56592,5,83.97217459474822,11,4,1.848891117475387,0,1,1,0,0,0,0,1,0
927,928,38,61684,6,81.05593977680991,12,4,1.6373391122462464,0,0,0,0,0,1,0,0,1
928,929,50,56866,9,71.17195625249153,10,7,1.3133260274071896,1,0,0,1,0,0,0,0,1
929,930,34,75117,3,91.17282416970296,16,5,0.622184906117546,0,1,1,0,0,0,0,0,1
930,931,29,49916,4,106.22976754114129,8,5,0.3914721480603829,0,1,0,0,0,0,1,1,0
931,932,53,60031,10,95.83735807831488,7,4,0.9383586536048176,0,1,0,1,0,0,0,1,0
932,933,20,33624,4,103.9593219994711,14,4,2.0892760877399805,0,1,0,0,1,0,0,0,1
933,934,13,44193,4,124.69758034772674,8,6,2.152248462057956,0,1,0,0,1,0,0,0,1
934,935,39,60433,4,89.65026903348608,5,3,0.114847985337915,0,0,0,0,0,1,0,1,0
935,936,29,62736,7,146.80592996090613,9,7,0.5592288594749087,0,0,0,0,0,1,0,1,0
936,937,24,45590,8,115.10485997981144,8,6,0.624968959047861,0,1,0,0,0,0,1,1,0
937,938,42,48926,6,96.0614855484953,7,4,3.799380605728802,0,1,0,0,0,0,1,1,0
938,939,37,27231,6,95.60795811548851,8,6,1.13319756961382,0,1,0,0,1,0,0,1,0
939,940,29,44644,3,79.837400864463,14,5,0.5229765097901405,0,1,1,0,0,0,0,1,0
940,941,22,63355,5,99.48566070225796,15,4,0.0264034083024128,0,1,0,0,1,0,0,1,0
941,942,43,58628,6,56.76807733522927,12,4,0.8332950656295561,0,1,0,0,1,0,0,1,0
942,943,41,57509,2,125.11532350537118,10,5,0.1010099659695817,0,1,0,0,0,0,1,1,0
943,944,34,50746,8,43.66778399965463,5,6,1.798481757349308,0,1,0,0,0,1,0,0,1
944,945,53,50105,5,100.83501946735696,10,6,1.396420096059719,0,0,0,0,0,0,1,0,1
945,946,24,40095,4,77.12021997353256,7,5,0.617129472941854,0,1,0,0,0,0,1,0,1
946,947,19,60482,4,85.97642696152714,9,6,0.5607352785292221,0,1,0,0,0,0,1,1,0
947,948,28,56314,2,88.55696134154911,13,6,2.2763226456175647,0,1,0,0,1,0,0,0,1
948,949,34,57380,5,138.5125225492389,10,5,0.3403213254537991,0,1,1,0,0,0,0,1,0
949,950,37,42109,5,77.9349858905932,9,6,0.2863762082727012,0,0,0,0,1,0,0,1,0
950,951,32,17699,4,118.28519089588248,10,4,2.8001232676409,1,0,0,1,0,0,0,0,1
951,952,38,66457,2,123.20803658534685,9,7,1.6567697833859312,1,1,0,0,0,0,1,1,0
952,953,22,42817,4,53.23143599513805,14,5,1.7182799987716664,0,0,0,0,0,0,1,0,1
953,954,49,37058,4,87.69294466477132,10,6,0.2171537936273398,0,1,0,1,0,0,0,0,1
954,955,34,60402,1,129.689181856514,13,5,0.1546628009416503,0,0,0,0,0,0,1,0,1
955,956,46,44119,8,73.70453098561093,12,4,0.0263743144211156,0,1,0,0,0,0,1,1,0
956,957,38,65899,4,123.96552073289271,6,5,0.2705516514300657,0,1,0,0,0,0,1,0,1
957,958,39,59255,10,99.64266837197827,13,4,1.4880635188277485,0,1,0,1,0,0,0,1,0
958,959,40,60253,6,98.77805340864636,6,6,0.2744873979849656,1,0,0,0,1,0,0,0,1
959,960,39,29510,3,101.38983225439269,7,5,1.3060176510235229,1,1,0,0,0,0,1,0,1
960,961,41,68179,6,106.85143663062914,9,7,0.2902296686441891,0,0,1,0,0,0,0,0,1
961,962,48,53918,4,80.88723630611514,14,6,0.5030104055465409,0,1,0,1,0,0,0,1,0
962,963,36,44460,3,94.79160933694922,9,6,4.084134259901576,0,0,0,0,0,1,0,1,0
963,964,42,52150,2,107.41196827960422,7,4,0.2807881982812135,0,1,0,1,0,0,0,1,0
964,965,34,23356,3,103.53771678860016,16,8,0.4721990410768991,0,0,0,0,1,0,0,0,1
965,966,49,56129,5,106.98451125088934,7,7,0.3582292662223089,0,1,0,1,0,0,0,0,1
966,967,28,34559,3,85.62625911702233,10,6,0.1161125413305402,0,1,0,0,0,1,0,1,0
967,968,53,29709,4,112.64598419566602,6,4,0.6731370103529227,1,0,1,0,0,0,0,1,0
968,969,34,27164,3,102.5295135097675,12,5,0.4759261943946321,0,0,0,0,0,1,0,1,0
969,970,20,66690,6,68.38599896652156,9,3,1.187073360417778,0,1,0,1,0,0,0,1,0
970,971,36,40561,5,89.37256966066043,15,5,1.7015233056898065,0,1,0,0,0,1,0,1,0
971,972,28,73005,5,82.0899095938279,6,3,0.7858102389740568,0,1,0,1,0,0,0,1,0
972,973,43,41962,4,81.83243814058628,12,5,0.0327261276751513,1,1,1,0,0,0,0,0,1
973,974,28,24389,4,90.4703973909714,9,6,0.9647521352074976,0,1,1,0,0,0,0,1,0
974,975,30,33252,6,112.26943873383556,8,5,0.0569839079126939,0,1,0,0,1,0,0,0,1
975,976,16,68537,4,87.46415500879884,11,5,0.9580410832234194,0,1,1,0,0,0,0,0,1
976,977,30,47661,6,104.5011577051588,9,7,1.1552777217216554,0,0,0,0,0,0,1,1,0
977,978,10,41775,4,101.2232513570183,6,3,0.2203569719571875,1,0,0,0,0,1,0,1,0
978,979,19,52400,5,84.4189519138662,12,6,1.711172502610869,0,1,0,0,0,1,0,0,1
979,980,42,57526,5,93.10369738665408,9,3,2.420075901560971,0,1,0,1,0,0,0,1,0
980,981,42,66760,4,117.29698446597828,12,2,1.6771118190332548,0,1,1,0,0,0,0,1,0
981,982,39,71727,5,102.99612613882172,10,4,0.3640005539789571,0,1,0,0,1,0,0,0,1
982,983,25,44603,3,110.97655722802112,10,6,0.8834436827345109,0,1,0,0,1,0,0,0,1
983,984,34,30109,4,125.4499308781556,11,5,2.462931668365255,0,1,0,0,1,0,0,0,1
984,985,34,43798,6,108.69874108356152,11,7,0.3866404974774214,0,1,0,0,0,0,1,1,0
985,986,23,53904,6,61.58622266229355,12,5,1.714953008180063,1,1,1,0,0,0,0,0,1
986,987,50,35543,1,105.41195432231308,7,2,0.009520305901466,0,0,0,0,1,0,0,1,0
987,988,43,35642,3,87.63777136652851,11,6,0.0036533682147718,0,0,0,0,0,0,1,0,1
988,989,32,55156,4,136.20605220008323,9,3,1.42591566150763,1,1,0,0,0,1,0,0,1
989,990,35,49270,6,107.98538815228352,7,6,1.433166211364496,0,1,0,1,0,0,0,0,1
990,991,37,50491,4,88.05123405054907,12,3,1.5557890369059104,0,0,1,0,0,0,0,1,0
991,992,14,38622,3,111.3302385888238,14,4,2.6596435088510555,0,1,1,0,0,0,0,1,0
992,993,32,46543,14,101.81581805934216,8,6,0.1254570061905665,0,0,0,0,0,1,0,0,1
993,994,28,36136,5,65.64085372560385,14,8,0.2639459952230902,0,0,1,0,0,0,0,0,1
994,995,24,63352,4,117.26121562505428,10,4,2.3405457722112137,0,0,1,0,0,0,0,0,1
995,996,32,65528,5,91.88920171865844,15,7,0.1950861155745167,0,1,1,0,0,0,0,1,0
996,997,52,22307,5,128.41236585548018,10,4,1.1464251234457756,0,1,1,0,0,0,0,0,1
997,998,41,36057,7,97.5113843171238,6,6,0.7560081762841273,0,0,0,0,0,0,1,1,0
998,999,29,27552,7,128.78586967670938,13,6,0.0868590360684687,0,1,0,0,0,0,1,0,1
999,1000,40,40249,7,108.49796299811632,6,4,0.3358415622562513,0,1,0,1,0,0,0,0,1
